CPU Reset (CPU 0)
EAX=00000000 EBX=00000000 ECX=00000000 EDX=00060fb1
ESI=00000000 EDI=00000000 EBP=00000000 ESP=00000000
EIP=0000fff0 EFL=00000002 [-------] CPL=0 II=0 A20=1 SMM=0 HLT=0
ES =0000 00000000 0000ffff 00009300
CS =f000 ffff0000 0000ffff 00009b00
SS =0000 00000000 0000ffff 00009300
DS =0000 00000000 0000ffff 00009300
FS =0000 00000000 0000ffff 00009300
GS =0000 00000000 0000ffff 00009300
LDT=0000 00000000 0000ffff 00008200
TR =0000 00000000 0000ffff 00008b00
GDT=     00000000 0000ffff
IDT=     00000000 0000ffff
CR0=60000010 CR2=00000000 CR3=00000000 CR4=00000000
DR0=0000000000000000 DR1=0000000000000000 DR2=0000000000000000 DR3=0000000000000000 
DR6=00000000ffff0ff0 DR7=0000000000000400
CCS=00000000 CCD=00000000 CCO=EFLAGS
EFER=0000000000000000
FCW=037f FSW=0000 [ST=0] FTW=00 MXCSR=00001f80
FPR0=0000000000000000 0000 FPR1=0000000000000000 0000
FPR2=0000000000000000 0000 FPR3=0000000000000000 0000
FPR4=0000000000000000 0000 FPR5=0000000000000000 0000
FPR6=0000000000000000 0000 FPR7=0000000000000000 0000
XMM00=0000000000000000 0000000000000000 XMM01=0000000000000000 0000000000000000
XMM02=0000000000000000 0000000000000000 XMM03=0000000000000000 0000000000000000
XMM04=0000000000000000 0000000000000000 XMM05=0000000000000000 0000000000000000
XMM06=0000000000000000 0000000000000000 XMM07=0000000000000000 0000000000000000
CPU Reset (CPU 0)
EAX=00000000 EBX=00000000 ECX=00000000 EDX=00060fb1
ESI=00000000 EDI=00000000 EBP=00000000 ESP=00000000
EIP=0000fff0 EFL=00000002 [-------] CPL=0 II=0 A20=1 SMM=0 HLT=0
ES =0000 00000000 0000ffff 00009300
CS =f000 ffff0000 0000ffff 00009b00
SS =0000 00000000 0000ffff 00009300
DS =0000 00000000 0000ffff 00009300
FS =0000 00000000 0000ffff 00009300
GS =0000 00000000 0000ffff 00009300
LDT=0000 00000000 0000ffff 00008200
TR =0000 00000000 0000ffff 00008b00
GDT=     00000000 0000ffff
IDT=     00000000 0000ffff
CR0=60000010 CR2=00000000 CR3=00000000 CR4=00000000
DR0=0000000000000000 DR1=0000000000000000 DR2=0000000000000000 DR3=0000000000000000 
DR6=00000000ffff0ff0 DR7=0000000000000400
CCS=00000000 CCD=00000000 CCO=EFLAGS
EFER=0000000000000000
FCW=037f FSW=0000 [ST=0] FTW=00 MXCSR=00001f80
FPR0=0000000000000000 0000 FPR1=0000000000000000 0000
FPR2=0000000000000000 0000 FPR3=0000000000000000 0000
FPR4=0000000000000000 0000 FPR5=0000000000000000 0000
FPR6=0000000000000000 0000 FPR7=0000000000000000 0000
XMM00=0000000000000000 0000000000000000 XMM01=0000000000000000 0000000000000000
XMM02=0000000000000000 0000000000000000 XMM03=0000000000000000 0000000000000000
XMM04=0000000000000000 0000000000000000 XMM05=0000000000000000 0000000000000000
XMM06=0000000000000000 0000000000000000 XMM07=0000000000000000 0000000000000000
SMM: enter
EAX=00000000 EBX=00000000 ECX=02000000 EDX=02000628
ESI=0000000b EDI=02000000 EBP=06feaf50 ESP=00006d5c
EIP=000ebe6f EFL=00000046 [---Z-P-] CPL=0 II=0 A20=1 SMM=0 HLT=0
ES =0010 00000000 ffffffff 00cf9300 DPL=0 DS   [-WA]
CS =0008 00000000 ffffffff 00cf9b00 DPL=0 CS32 [-RA]
SS =0010 00000000 ffffffff 00cf9300 DPL=0 DS   [-WA]
DS =0010 00000000 ffffffff 00cf9300 DPL=0 DS   [-WA]
FS =0010 00000000 ffffffff 00cf9300 DPL=0 DS   [-WA]
GS =0010 00000000 ffffffff 00cf9300 DPL=0 DS   [-WA]
LDT=0000 00000000 0000ffff 00008200 DPL=0 LDT
TR =0000 00000000 0000ffff 00008b00 DPL=0 TSS32-busy
GDT=     000f61c0 00000037
IDT=     000f61fe 00000000
CR0=00000011 CR2=00000000 CR3=00000000 CR4=00000000
DR0=0000000000000000 DR1=0000000000000000 DR2=0000000000000000 DR3=0000000000000000 
DR6=00000000ffff0ff0 DR7=0000000000000400
CCS=00000044 CCD=ffffffff CCO=EFLAGS
EFER=0000000000000000
SMM: after RSM
EAX=00000000 EBX=00000000 ECX=02000000 EDX=02000628
ESI=0000000b EDI=02000000 EBP=06feaf50 ESP=00006d5c
EIP=000ebe6f EFL=00000046 [---Z-P-] CPL=0 II=0 A20=1 SMM=0 HLT=0
ES =0010 00000000 ffffffff 00c09300 DPL=0 DS   [-WA]
CS =0008 00000000 ffffffff 00c09b00 DPL=0 CS32 [-RA]
SS =0010 00000000 ffffffff 00c09300 DPL=0 DS   [-WA]
DS =0010 00000000 ffffffff 00c09300 DPL=0 DS   [-WA]
FS =0010 00000000 ffffffff 00c09300 DPL=0 DS   [-WA]
GS =0010 00000000 ffffffff 00c09300 DPL=0 DS   [-WA]
LDT=0000 00000000 0000ffff 00008200 DPL=0 LDT
TR =0000 00000000 0000ffff 00008b00 DPL=0 TSS32-busy
GDT=     000f61c0 00000037
IDT=     000f61fe 00000000
CR0=00000011 CR2=00000000 CR3=00000000 CR4=00000000
DR0=0000000000000000 DR1=0000000000000000 DR2=0000000000000000 DR3=0000000000000000 
DR6=00000000ffff0ff0 DR7=0000000000000400
CCS=00000044 CCD=00000000 CCO=EFLAGS
EFER=0000000000000000
Servicing hardware INT=0x08
SMM: enter
EAX=000000b5 EBX=000f7d38 ECX=00001234 EDX=00006cff
ESI=00006cb8 EDI=06ffee66 EBP=00006c78 ESP=00006c78
EIP=00007d35 EFL=00000006 [-----P-] CPL=0 II=0 A20=1 SMM=0 HLT=0
ES =da80 000da800 ffffffff 008f9300
CS =f000 000f0000 ffffffff 008f9b00
SS =0000 00000000 ffffffff 008f9300
DS =0000 00000000 ffffffff 008f9300
FS =0000 00000000 ffffffff 008f9300
GS =0000 00000000 ffffffff 008f9300
LDT=0000 00000000 0000ffff 00008200
TR =0000 00000000 0000ffff 00008b00
GDT=     00000000 00000000
IDT=     00000000 000003ff
CR0=00000010 CR2=00000000 CR3=00000000 CR4=00000000
DR0=0000000000000000 DR1=0000000000000000 DR2=0000000000000000 DR3=0000000000000000 
DR6=00000000ffff0ff0 DR7=0000000000000400
CCS=00000000 CCD=00006c78 CCO=ADDL
EFER=0000000000000000
SMM: after RSM
EAX=000000b5 EBX=000f7d38 ECX=00001234 EDX=00006cff
ESI=00006cb8 EDI=06ffee66 EBP=00006c78 ESP=00006c78
EIP=000f7d38 EFL=00000046 [---Z-P-] CPL=0 II=0 A20=1 SMM=0 HLT=0
ES =0010 00000000 ffffffff 00c09300 DPL=0 DS   [-WA]
CS =0008 00000000 ffffffff 00c09b00 DPL=0 CS32 [-RA]
SS =0010 00000000 ffffffff 00c09300 DPL=0 DS   [-WA]
DS =0010 00000000 ffffffff 00c09300 DPL=0 DS   [-WA]
FS =0010 00000000 ffffffff 00c09300 DPL=0 DS   [-WA]
GS =0010 00000000 ffffffff 00c09300 DPL=0 DS   [-WA]
LDT=0000 00000000 0000ffff 00008200 DPL=0 LDT
TR =0000 00000000 0000ffff 00008b00 DPL=0 TSS32-busy
GDT=     000f61c0 00000037
IDT=     000f61fe 00000000
CR0=00000011 CR2=00000000 CR3=00000000 CR4=00000000
DR0=0000000000000000 DR1=0000000000000000 DR2=0000000000000000 DR3=0000000000000000 
DR6=00000000ffff0ff0 DR7=0000000000000400
CCS=00000044 CCD=00000000 CCO=EFLAGS
EFER=0000000000000000
SMM: enter
EAX=000000b5 EBX=00007d52 ECX=00005678 EDX=06fffe88
ESI=000e9700 EDI=06ffee66 EBP=00006c78 ESP=00006c78
EIP=000f7d4f EFL=00000012 [----A--] CPL=0 II=0 A20=1 SMM=0 HLT=0
ES =0010 00000000 ffffffff 00c09300 DPL=0 DS   [-WA]
CS =0008 00000000 ffffffff 00c09b00 DPL=0 CS32 [-RA]
SS =0010 00000000 ffffffff 00c09300 DPL=0 DS   [-WA]
DS =0010 00000000 ffffffff 00c09300 DPL=0 DS   [-WA]
FS =0010 00000000 ffffffff 00c09300 DPL=0 DS   [-WA]
GS =0010 00000000 ffffffff 00c09300 DPL=0 DS   [-WA]
LDT=0000 00000000 0000ffff 00008200 DPL=0 LDT
TR =0000 00000000 0000ffff 00008b00 DPL=0 TSS32-busy
GDT=     000f61c0 00000037
IDT=     000f61fe 00000000
CR0=00000011 CR2=00000000 CR3=00000000 CR4=00000000
DR0=0000000000000000 DR1=0000000000000000 DR2=0000000000000000 DR3=0000000000000000 
DR6=00000000ffff0ff0 DR7=0000000000000400
CCS=00000008 CCD=00006c64 CCO=ADDL
EFER=0000000000000000
SMM: after RSM
EAX=000000b5 EBX=00007d52 ECX=00005678 EDX=06fffe88
ESI=000e9700 EDI=06ffee66 EBP=00006c78 ESP=00006c78
EIP=00007d52 EFL=00000006 [-----P-] CPL=0 II=0 A20=1 SMM=0 HLT=0
ES =da80 000da800 ffffffff 00809300
CS =f000 000f0000 ffffffff 00809b00
SS =0000 00000000 ffffffff 00809300
DS =0000 00000000 ffffffff 00809300
FS =0000 00000000 ffffffff 00809300
GS =0000 00000000 ffffffff 00809300
LDT=0000 00000000 0000ffff 00008200
TR =0000 00000000 0000ffff 00008b00
GDT=     00000000 00000000
IDT=     00000000 000003ff
CR0=00000010 CR2=00000000 CR3=00000000 CR4=00000000
DR0=0000000000000000 DR1=0000000000000000 DR2=0000000000000000 DR3=0000000000000000 
DR6=00000000ffff0ff0 DR7=0000000000000400
CCS=00000004 CCD=00000001 CCO=EFLAGS
EFER=0000000000000000
SMM: enter
EAX=000000b5 EBX=000f7d38 ECX=00001234 EDX=000069ff
ESI=000069a2 EDI=06ffee66 EBP=00006962 ESP=00006962
EIP=00007d35 EFL=00000002 [-------] CPL=0 II=0 A20=1 SMM=0 HLT=0
ES =da80 000da800 ffffffff 008f9300
CS =f000 000f0000 ffffffff 008f9b00
SS =0000 00000000 ffffffff 008f9300
DS =0000 00000000 ffffffff 008f9300
FS =0000 00000000 ffffffff 008f9300
GS =ca00 000ca000 ffffffff 008f9300
LDT=0000 00000000 0000ffff 00008200
TR =0000 00000000 0000ffff 00008b00
GDT=     00000000 00000000
IDT=     00000000 000003ff
CR0=00000010 CR2=00000000 CR3=00000000 CR4=00000000
DR0=0000000000000000 DR1=0000000000000000 DR2=0000000000000000 DR3=0000000000000000 
DR6=00000000ffff0ff0 DR7=0000000000000400
CCS=00000000 CCD=00006962 CCO=ADDL
EFER=0000000000000000
SMM: after RSM
EAX=000000b5 EBX=000f7d38 ECX=00001234 EDX=000069ff
ESI=000069a2 EDI=06ffee66 EBP=00006962 ESP=00006962
EIP=000f7d38 EFL=00000046 [---Z-P-] CPL=0 II=0 A20=1 SMM=0 HLT=0
ES =0010 00000000 ffffffff 00c09300 DPL=0 DS   [-WA]
CS =0008 00000000 ffffffff 00c09b00 DPL=0 CS32 [-RA]
SS =0010 00000000 ffffffff 00c09300 DPL=0 DS   [-WA]
DS =0010 00000000 ffffffff 00c09300 DPL=0 DS   [-WA]
FS =0010 00000000 ffffffff 00c09300 DPL=0 DS   [-WA]
GS =0010 00000000 ffffffff 00c09300 DPL=0 DS   [-WA]
LDT=0000 00000000 0000ffff 00008200 DPL=0 LDT
TR =0000 00000000 0000ffff 00008b00 DPL=0 TSS32-busy
GDT=     000f61c0 00000037
IDT=     000f61fe 00000000
CR0=00000011 CR2=00000000 CR3=00000000 CR4=00000000
DR0=0000000000000000 DR1=0000000000000000 DR2=0000000000000000 DR3=0000000000000000 
DR6=00000000ffff0ff0 DR7=0000000000000400
CCS=00000044 CCD=00000000 CCO=EFLAGS
EFER=0000000000000000
SMM: enter
EAX=000000b5 EBX=00007d52 ECX=00005678 EDX=00000005
ESI=00000000 EDI=06ffee66 EBP=00006962 ESP=00006962
EIP=000f7d4f EFL=00000006 [-----P-] CPL=0 II=0 A20=1 SMM=0 HLT=0
ES =0010 00000000 ffffffff 00c09300 DPL=0 DS   [-WA]
CS =0008 00000000 ffffffff 00c09b00 DPL=0 CS32 [-RA]
SS =0010 00000000 ffffffff 00c09300 DPL=0 DS   [-WA]
DS =0010 00000000 ffffffff 00c09300 DPL=0 DS   [-WA]
FS =0010 00000000 ffffffff 00c09300 DPL=0 DS   [-WA]
GS =0010 00000000 ffffffff 00c09300 DPL=0 DS   [-WA]
LDT=0000 00000000 0000ffff 00008200 DPL=0 LDT
TR =0000 00000000 0000ffff 00008b00 DPL=0 TSS32-busy
GDT=     000f61c0 00000037
IDT=     000f61fe 00000000
CR0=00000011 CR2=00000000 CR3=00000000 CR4=00000000
DR0=0000000000000000 DR1=0000000000000000 DR2=0000000000000000 DR3=0000000000000000 
DR6=00000000ffff0ff0 DR7=0000000000000400
CCS=00000008 CCD=0000694e CCO=ADDL
EFER=0000000000000000
SMM: after RSM
EAX=000000b5 EBX=00007d52 ECX=00005678 EDX=00000005
ESI=00000000 EDI=06ffee66 EBP=00006962 ESP=00006962
EIP=00007d52 EFL=00000002 [-------] CPL=0 II=0 A20=1 SMM=0 HLT=0
ES =da80 000da800 ffffffff 00809300
CS =f000 000f0000 ffffffff 00809b00
SS =0000 00000000 ffffffff 00809300
DS =0000 00000000 ffffffff 00809300
FS =0000 00000000 ffffffff 00809300
GS =ca00 000ca000 ffffffff 00809300
LDT=0000 00000000 0000ffff 00008200
TR =0000 00000000 0000ffff 00008b00
GDT=     00000000 00000000
IDT=     00000000 000003ff
CR0=00000010 CR2=00000000 CR3=00000000 CR4=00000000
DR0=0000000000000000 DR1=0000000000000000 DR2=0000000000000000 DR3=0000000000000000 
DR6=00000000ffff0ff0 DR7=0000000000000400
CCS=00000000 CCD=00000001 CCO=EFLAGS
EFER=0000000000000000
SMM: enter
EAX=000000b5 EBX=000f7d38 ECX=00001234 EDX=000069ff
ESI=0000699c EDI=06ffee66 EBP=0000695c ESP=0000695c
EIP=00007d35 EFL=00000006 [-----P-] CPL=0 II=0 A20=1 SMM=0 HLT=0
ES =da80 000da800 ffffffff 00809300
CS =f000 000f0000 ffffffff 00809b00
SS =0000 00000000 ffffffff 00809300
DS =0000 00000000 ffffffff 00809300
FS =0000 00000000 ffffffff 00809300
GS =ca00 000ca000 ffffffff 00809300
LDT=0000 00000000 0000ffff 00008200
TR =0000 00000000 0000ffff 00008b00
GDT=     00000000 00000000
IDT=     00000000 000003ff
CR0=00000010 CR2=00000000 CR3=00000000 CR4=00000000
DR0=0000000000000000 DR1=0000000000000000 DR2=0000000000000000 DR3=0000000000000000 
DR6=00000000ffff0ff0 DR7=0000000000000400
CCS=00000000 CCD=0000695c CCO=ADDL
EFER=0000000000000000
SMM: after RSM
EAX=000000b5 EBX=000f7d38 ECX=00001234 EDX=000069ff
ESI=0000699c EDI=06ffee66 EBP=0000695c ESP=0000695c
EIP=000f7d38 EFL=00000046 [---Z-P-] CPL=0 II=0 A20=1 SMM=0 HLT=0
ES =0010 00000000 ffffffff 00c09300 DPL=0 DS   [-WA]
CS =0008 00000000 ffffffff 00c09b00 DPL=0 CS32 [-RA]
SS =0010 00000000 ffffffff 00c09300 DPL=0 DS   [-WA]
DS =0010 00000000 ffffffff 00c09300 DPL=0 DS   [-WA]
FS =0010 00000000 ffffffff 00c09300 DPL=0 DS   [-WA]
GS =0010 00000000 ffffffff 00c09300 DPL=0 DS   [-WA]
LDT=0000 00000000 0000ffff 00008200 DPL=0 LDT
TR =0000 00000000 0000ffff 00008b00 DPL=0 TSS32-busy
GDT=     000f61c0 00000037
IDT=     000f61fe 00000000
CR0=00000011 CR2=00000000 CR3=00000000 CR4=00000000
DR0=0000000000000000 DR1=0000000000000000 DR2=0000000000000000 DR3=0000000000000000 
DR6=00000000ffff0ff0 DR7=0000000000000400
CCS=00000044 CCD=00000000 CCO=EFLAGS
EFER=0000000000000000
SMM: enter
EAX=000000b5 EBX=00007d52 ECX=00005678 EDX=00000003
ESI=06fc8ef0 EDI=06ffee66 EBP=0000695c ESP=0000695c
EIP=000f7d4f EFL=00000006 [-----P-] CPL=0 II=0 A20=1 SMM=0 HLT=0
ES =0010 00000000 ffffffff 00c09300 DPL=0 DS   [-WA]
CS =0008 00000000 ffffffff 00c09b00 DPL=0 CS32 [-RA]
SS =0010 00000000 ffffffff 00c09300 DPL=0 DS   [-WA]
DS =0010 00000000 ffffffff 00c09300 DPL=0 DS   [-WA]
FS =0010 00000000 ffffffff 00c09300 DPL=0 DS   [-WA]
GS =0010 00000000 ffffffff 00c09300 DPL=0 DS   [-WA]
LDT=0000 00000000 0000ffff 00008200 DPL=0 LDT
TR =0000 00000000 0000ffff 00008b00 DPL=0 TSS32-busy
GDT=     000f61c0 00000037
IDT=     000f61fe 00000000
CR0=00000011 CR2=00000000 CR3=00000000 CR4=00000000
DR0=0000000000000000 DR1=0000000000000000 DR2=0000000000000000 DR3=0000000000000000 
DR6=00000000ffff0ff0 DR7=0000000000000400
CCS=00000008 CCD=00006948 CCO=ADDL
EFER=0000000000000000
SMM: after RSM
EAX=000000b5 EBX=00007d52 ECX=00005678 EDX=00000003
ESI=06fc8ef0 EDI=06ffee66 EBP=0000695c ESP=0000695c
EIP=00007d52 EFL=00000006 [-----P-] CPL=0 II=0 A20=1 SMM=0 HLT=0
ES =da80 000da800 ffffffff 00809300
CS =f000 000f0000 ffffffff 00809b00
SS =0000 00000000 ffffffff 00809300
DS =0000 00000000 ffffffff 00809300
FS =0000 00000000 ffffffff 00809300
GS =ca00 000ca000 ffffffff 00809300
LDT=0000 00000000 0000ffff 00008200
TR =0000 00000000 0000ffff 00008b00
GDT=     00000000 00000000
IDT=     00000000 000003ff
CR0=00000010 CR2=00000000 CR3=00000000 CR4=00000000
DR0=0000000000000000 DR1=0000000000000000 DR2=0000000000000000 DR3=0000000000000000 
DR6=00000000ffff0ff0 DR7=0000000000000400
CCS=00000004 CCD=00000001 CCO=EFLAGS
EFER=0000000000000000
SMM: enter
EAX=000000b5 EBX=000f7d38 ECX=00001234 EDX=000069ff
ESI=000069a2 EDI=06ffee66 EBP=00006962 ESP=00006962
EIP=00007d35 EFL=00000002 [-------] CPL=0 II=0 A20=1 SMM=0 HLT=0
ES =da80 000da800 ffffffff 00809300
CS =f000 000f0000 ffffffff 00809b00
SS =0000 00000000 ffffffff 00809300
DS =0000 00000000 ffffffff 00809300
FS =0000 00000000 ffffffff 00809300
GS =ca00 000ca000 ffffffff 00809300
LDT=0000 00000000 0000ffff 00008200
TR =0000 00000000 0000ffff 00008b00
GDT=     00000000 00000000
IDT=     00000000 000003ff
CR0=00000010 CR2=00000000 CR3=00000000 CR4=00000000
DR0=0000000000000000 DR1=0000000000000000 DR2=0000000000000000 DR3=0000000000000000 
DR6=00000000ffff0ff0 DR7=0000000000000400
CCS=00000000 CCD=00006962 CCO=ADDL
EFER=0000000000000000
SMM: after RSM
EAX=000000b5 EBX=000f7d38 ECX=00001234 EDX=000069ff
ESI=000069a2 EDI=06ffee66 EBP=00006962 ESP=00006962
EIP=000f7d38 EFL=00000046 [---Z-P-] CPL=0 II=0 A20=1 SMM=0 HLT=0
ES =0010 00000000 ffffffff 00c09300 DPL=0 DS   [-WA]
CS =0008 00000000 ffffffff 00c09b00 DPL=0 CS32 [-RA]
SS =0010 00000000 ffffffff 00c09300 DPL=0 DS   [-WA]
DS =0010 00000000 ffffffff 00c09300 DPL=0 DS   [-WA]
FS =0010 00000000 ffffffff 00c09300 DPL=0 DS   [-WA]
GS =0010 00000000 ffffffff 00c09300 DPL=0 DS   [-WA]
LDT=0000 00000000 0000ffff 00008200 DPL=0 LDT
TR =0000 00000000 0000ffff 00008b00 DPL=0 TSS32-busy
GDT=     000f61c0 00000037
IDT=     000f61fe 00000000
CR0=00000011 CR2=00000000 CR3=00000000 CR4=00000000
DR0=0000000000000000 DR1=0000000000000000 DR2=0000000000000000 DR3=0000000000000000 
DR6=00000000ffff0ff0 DR7=0000000000000400
CCS=00000044 CCD=00000000 CCO=EFLAGS
EFER=0000000000000000
SMM: enter
EAX=000000b5 EBX=00007d52 ECX=00005678 EDX=00000005
ESI=00000000 EDI=06ffee66 EBP=00006962 ESP=00006962
EIP=000f7d4f EFL=00000006 [-----P-] CPL=0 II=0 A20=1 SMM=0 HLT=0
ES =0010 00000000 ffffffff 00c09300 DPL=0 DS   [-WA]
CS =0008 00000000 ffffffff 00c09b00 DPL=0 CS32 [-RA]
SS =0010 00000000 ffffffff 00c09300 DPL=0 DS   [-WA]
DS =0010 00000000 ffffffff 00c09300 DPL=0 DS   [-WA]
FS =0010 00000000 ffffffff 00c09300 DPL=0 DS   [-WA]
GS =0010 00000000 ffffffff 00c09300 DPL=0 DS   [-WA]
LDT=0000 00000000 0000ffff 00008200 DPL=0 LDT
TR =0000 00000000 0000ffff 00008b00 DPL=0 TSS32-busy
GDT=     000f61c0 00000037
IDT=     000f61fe 00000000
CR0=00000011 CR2=00000000 CR3=00000000 CR4=00000000
DR0=0000000000000000 DR1=0000000000000000 DR2=0000000000000000 DR3=0000000000000000 
DR6=00000000ffff0ff0 DR7=0000000000000400
CCS=00000008 CCD=0000694e CCO=ADDL
EFER=0000000000000000
SMM: after RSM
EAX=000000b5 EBX=00007d52 ECX=00005678 EDX=00000005
ESI=00000000 EDI=06ffee66 EBP=00006962 ESP=00006962
EIP=00007d52 EFL=00000002 [-------] CPL=0 II=0 A20=1 SMM=0 HLT=0
ES =da80 000da800 ffffffff 00809300
CS =f000 000f0000 ffffffff 00809b00
SS =0000 00000000 ffffffff 00809300
DS =0000 00000000 ffffffff 00809300
FS =0000 00000000 ffffffff 00809300
GS =ca00 000ca000 ffffffff 00809300
LDT=0000 00000000 0000ffff 00008200
TR =0000 00000000 0000ffff 00008b00
GDT=     00000000 00000000
IDT=     00000000 000003ff
CR0=00000010 CR2=00000000 CR3=00000000 CR4=00000000
DR0=0000000000000000 DR1=0000000000000000 DR2=0000000000000000 DR3=0000000000000000 
DR6=00000000ffff0ff0 DR7=0000000000000400
CCS=00000000 CCD=00000001 CCO=EFLAGS
EFER=0000000000000000
SMM: enter
EAX=000000b5 EBX=000f7d38 ECX=00001234 EDX=000069ff
ESI=0000699c EDI=06ffee66 EBP=0000695c ESP=0000695c
EIP=00007d35 EFL=00000006 [-----P-] CPL=0 II=0 A20=1 SMM=0 HLT=0
ES =da80 000da800 ffffffff 00809300
CS =f000 000f0000 ffffffff 00809b00
SS =0000 00000000 ffffffff 00809300
DS =0000 00000000 ffffffff 00809300
FS =0000 00000000 ffffffff 00809300
GS =ca00 000ca000 ffffffff 00809300
LDT=0000 00000000 0000ffff 00008200
TR =0000 00000000 0000ffff 00008b00
GDT=     00000000 00000000
IDT=     00000000 000003ff
CR0=00000010 CR2=00000000 CR3=00000000 CR4=00000000
DR0=0000000000000000 DR1=0000000000000000 DR2=0000000000000000 DR3=0000000000000000 
DR6=00000000ffff0ff0 DR7=0000000000000400
CCS=00000000 CCD=0000695c CCO=ADDL
EFER=0000000000000000
SMM: after RSM
EAX=000000b5 EBX=000f7d38 ECX=00001234 EDX=000069ff
ESI=0000699c EDI=06ffee66 EBP=0000695c ESP=0000695c
EIP=000f7d38 EFL=00000046 [---Z-P-] CPL=0 II=0 A20=1 SMM=0 HLT=0
ES =0010 00000000 ffffffff 00c09300 DPL=0 DS   [-WA]
CS =0008 00000000 ffffffff 00c09b00 DPL=0 CS32 [-RA]
SS =0010 00000000 ffffffff 00c09300 DPL=0 DS   [-WA]
DS =0010 00000000 ffffffff 00c09300 DPL=0 DS   [-WA]
FS =0010 00000000 ffffffff 00c09300 DPL=0 DS   [-WA]
GS =0010 00000000 ffffffff 00c09300 DPL=0 DS   [-WA]
LDT=0000 00000000 0000ffff 00008200 DPL=0 LDT
TR =0000 00000000 0000ffff 00008b00 DPL=0 TSS32-busy
GDT=     000f61c0 00000037
IDT=     000f61fe 00000000
CR0=00000011 CR2=00000000 CR3=00000000 CR4=00000000
DR0=0000000000000000 DR1=0000000000000000 DR2=0000000000000000 DR3=0000000000000000 
DR6=00000000ffff0ff0 DR7=0000000000000400
CCS=00000044 CCD=00000000 CCO=EFLAGS
EFER=0000000000000000
SMM: enter
EAX=000000b5 EBX=00007d52 ECX=00005678 EDX=00000003
ESI=06f08ef0 EDI=06ffee66 EBP=0000695c ESP=0000695c
EIP=000f7d4f EFL=00000006 [-----P-] CPL=0 II=0 A20=1 SMM=0 HLT=0
ES =0010 00000000 ffffffff 00c09300 DPL=0 DS   [-WA]
CS =0008 00000000 ffffffff 00c09b00 DPL=0 CS32 [-RA]
SS =0010 00000000 ffffffff 00c09300 DPL=0 DS   [-WA]
DS =0010 00000000 ffffffff 00c09300 DPL=0 DS   [-WA]
FS =0010 00000000 ffffffff 00c09300 DPL=0 DS   [-WA]
GS =0010 00000000 ffffffff 00c09300 DPL=0 DS   [-WA]
LDT=0000 00000000 0000ffff 00008200 DPL=0 LDT
TR =0000 00000000 0000ffff 00008b00 DPL=0 TSS32-busy
GDT=     000f61c0 00000037
IDT=     000f61fe 00000000
CR0=00000011 CR2=00000000 CR3=00000000 CR4=00000000
DR0=0000000000000000 DR1=0000000000000000 DR2=0000000000000000 DR3=0000000000000000 
DR6=00000000ffff0ff0 DR7=0000000000000400
CCS=00000008 CCD=00006948 CCO=ADDL
EFER=0000000000000000
SMM: after RSM
EAX=000000b5 EBX=00007d52 ECX=00005678 EDX=00000003
ESI=06f08ef0 EDI=06ffee66 EBP=0000695c ESP=0000695c
EIP=00007d52 EFL=00000006 [-----P-] CPL=0 II=0 A20=1 SMM=0 HLT=0
ES =da80 000da800 ffffffff 00809300
CS =f000 000f0000 ffffffff 00809b00
SS =0000 00000000 ffffffff 00809300
DS =0000 00000000 ffffffff 00809300
FS =0000 00000000 ffffffff 00809300
GS =ca00 000ca000 ffffffff 00809300
LDT=0000 00000000 0000ffff 00008200
TR =0000 00000000 0000ffff 00008b00
GDT=     00000000 00000000
IDT=     00000000 000003ff
CR0=00000010 CR2=00000000 CR3=00000000 CR4=00000000
DR0=0000000000000000 DR1=0000000000000000 DR2=0000000000000000 DR3=0000000000000000 
DR6=00000000ffff0ff0 DR7=0000000000000400
CCS=00000004 CCD=00000001 CCO=EFLAGS
EFER=0000000000000000
Servicing hardware INT=0x09
Servicing hardware INT=0x09
Servicing hardware INT=0x08
Servicing hardware INT=0x0e
Servicing hardware INT=0x0e
Servicing hardware INT=0x0e
Servicing hardware INT=0x0e
Servicing hardware INT=0x08
Servicing hardware INT=0x0e
Servicing hardware INT=0x0e
Servicing hardware INT=0x08
Servicing hardware INT=0x08
Servicing hardware INT=0x08
Servicing hardware INT=0x08
Servicing hardware INT=0x08
Servicing hardware INT=0x08
Servicing hardware INT=0x08
Servicing hardware INT=0x20
     0: v=20 e=0000 i=0 cpl=0 IP=0008:ffffffff801012ab pc=ffffffff801012ab SP=0010:ffffffff8011bfb0 env->regs[R_EAX]=0000000000000000
RAX=0000000000000000 RBX=000000000011e000 RCX=00000000000000f8 RDX=0000000000000f20
RSI=0000000000000f20 RDI=ffffffff8011bfcb RBP=ffffffff8011bff0 RSP=ffffffff8011bfb0
R8 =0000000000000000 R9 =0000000000000000 R10=0000000000000000 R11=0000000000000000
R12=0000000000000000 R13=0000000000000000 R14=0000000000000000 R15=0000000000000000
RIP=ffffffff801012ab RFL=00000246 [---Z-P-] CPL=0 II=0 A20=1 SMM=0 HLT=0
ES =0010 0000000000000000 ffffffff 00af9300 DPL=0 DS   [-WA]
CS =0008 0000000000000000 ffffffff 00af9a00 DPL=0 CS64 [-R-]
SS =0010 0000000000000000 ffffffff 00af9300 DPL=0 DS   [-WA]
DS =0010 0000000000000000 ffffffff 00af9300 DPL=0 DS   [-WA]
FS =0018 0000000000000000 ffffffff 00cf9300 DPL=0 DS   [-WA]
GS =0018 0000000000000000 ffffffff 00cf9300 DPL=0 DS   [-WA]
LDT=0000 0000000000000000 0000ffff 00008200 DPL=0 LDT
TR =0018 ffffffff80116ec0 00000067 00008900 DPL=0 TSS64-avl
GDT=     ffffffff80116f30 0000003f
IDT=     ffffffff8011c120 00000fff
CR0=80000011 CR2=0000000000000000 CR3=000000000011e000 CR4=00000020
DR0=0000000000000000 DR1=0000000000000000 DR2=0000000000000000 DR3=0000000000000000 
DR6=00000000ffff0ff0 DR7=0000000000000400
CCS=0000000000000044 CCD=0000000000000000 CCO=EFLAGS
EFER=0000000000000500
Servicing hardware INT=0x20
     1: v=20 e=0000 i=0 cpl=0 IP=0008:ffffffff801012ab pc=ffffffff801012ab SP=0010:ffffffff8011bfb0 env->regs[R_EAX]=0000000000000000
RAX=0000000000000000 RBX=000000000011e000 RCX=00000000000000f8 RDX=0000000000000f20
RSI=0000000000000f20 RDI=ffffffff8011bfcb RBP=ffffffff8011bff0 RSP=ffffffff8011bfb0
R8 =0000000000000000 R9 =0000000000000000 R10=0000000000000000 R11=0000000000000000
R12=0000000000000000 R13=0000000000000000 R14=0000000000000000 R15=0000000000000000
RIP=ffffffff801012ab RFL=00000246 [---Z-P-] CPL=0 II=0 A20=1 SMM=0 HLT=0
ES =0010 0000000000000000 ffffffff 00af9300 DPL=0 DS   [-WA]
CS =0008 0000000000000000 ffffffff 00af9a00 DPL=0 CS64 [-R-]
SS =0010 0000000000000000 ffffffff 00af9300 DPL=0 DS   [-WA]
DS =0010 0000000000000000 ffffffff 00af9300 DPL=0 DS   [-WA]
FS =0018 0000000000000000 ffffffff 00cf9300 DPL=0 DS   [-WA]
GS =0018 0000000000000000 ffffffff 00cf9300 DPL=0 DS   [-WA]
LDT=0000 0000000000000000 0000ffff 00008200 DPL=0 LDT
TR =0018 ffffffff80116ec0 00000067 00008900 DPL=0 TSS64-avl
GDT=     ffffffff80116f30 0000003f
IDT=     ffffffff8011c120 00000fff
CR0=80000011 CR2=0000000000000000 CR3=000000000011e000 CR4=00000020
DR0=0000000000000000 DR1=0000000000000000 DR2=0000000000000000 DR3=0000000000000000 
DR6=00000000ffff0ff0 DR7=0000000000000400
CCS=0000000000000044 CCD=0000000000000000 CCO=EFLAGS
EFER=0000000000000500
Servicing hardware INT=0x20
     2: v=20 e=0000 i=0 cpl=0 IP=0008:ffffffff801012ab pc=ffffffff801012ab SP=0010:ffffffff8011bfb0 env->regs[R_EAX]=0000000000000000
RAX=0000000000000000 RBX=000000000011e000 RCX=00000000000000f8 RDX=0000000000000f20
RSI=0000000000000f20 RDI=ffffffff8011bfcb RBP=ffffffff8011bff0 RSP=ffffffff8011bfb0
R8 =0000000000000000 R9 =0000000000000000 R10=0000000000000000 R11=0000000000000000
R12=0000000000000000 R13=0000000000000000 R14=0000000000000000 R15=0000000000000000
RIP=ffffffff801012ab RFL=00000246 [---Z-P-] CPL=0 II=0 A20=1 SMM=0 HLT=0
ES =0010 0000000000000000 ffffffff 00af9300 DPL=0 DS   [-WA]
CS =0008 0000000000000000 ffffffff 00af9a00 DPL=0 CS64 [-R-]
SS =0010 0000000000000000 ffffffff 00af9300 DPL=0 DS   [-WA]
DS =0010 0000000000000000 ffffffff 00af9300 DPL=0 DS   [-WA]
FS =0018 0000000000000000 ffffffff 00cf9300 DPL=0 DS   [-WA]
GS =0018 0000000000000000 ffffffff 00cf9300 DPL=0 DS   [-WA]
LDT=0000 0000000000000000 0000ffff 00008200 DPL=0 LDT
TR =0018 ffffffff80116ec0 00000067 00008900 DPL=0 TSS64-avl
GDT=     ffffffff80116f30 0000003f
IDT=     ffffffff8011c120 00000fff
CR0=80000011 CR2=0000000000000000 CR3=000000000011e000 CR4=00000020
DR0=0000000000000000 DR1=0000000000000000 DR2=0000000000000000 DR3=0000000000000000 
DR6=00000000ffff0ff0 DR7=0000000000000400
CCS=0000000000000044 CCD=0000000000000000 CCO=EFLAGS
EFER=0000000000000500
Servicing hardware INT=0x20
     3: v=20 e=0000 i=0 cpl=0 IP=0008:ffffffff801012ab pc=ffffffff801012ab SP=0010:ffffffff8011bfb0 env->regs[R_EAX]=0000000000000000
RAX=0000000000000000 RBX=000000000011e000 RCX=00000000000000f8 RDX=0000000000000f20
RSI=0000000000000f20 RDI=ffffffff8011bfcb RBP=ffffffff8011bff0 RSP=ffffffff8011bfb0
R8 =0000000000000000 R9 =0000000000000000 R10=0000000000000000 R11=0000000000000000
R12=0000000000000000 R13=0000000000000000 R14=0000000000000000 R15=0000000000000000
RIP=ffffffff801012ab RFL=00000246 [---Z-P-] CPL=0 II=0 A20=1 SMM=0 HLT=0
ES =0010 0000000000000000 ffffffff 00af9300 DPL=0 DS   [-WA]
CS =0008 0000000000000000 ffffffff 00af9a00 DPL=0 CS64 [-R-]
SS =0010 0000000000000000 ffffffff 00af9300 DPL=0 DS   [-WA]
DS =0010 0000000000000000 ffffffff 00af9300 DPL=0 DS   [-WA]
FS =0018 0000000000000000 ffffffff 00cf9300 DPL=0 DS   [-WA]
GS =0018 0000000000000000 ffffffff 00cf9300 DPL=0 DS   [-WA]
LDT=0000 0000000000000000 0000ffff 00008200 DPL=0 LDT
TR =0018 ffffffff80116ec0 00000067 00008900 DPL=0 TSS64-avl
GDT=     ffffffff80116f30 0000003f
IDT=     ffffffff8011c120 00000fff
CR0=80000011 CR2=0000000000000000 CR3=000000000011e000 CR4=00000020
DR0=0000000000000000 DR1=0000000000000000 DR2=0000000000000000 DR3=0000000000000000 
DR6=00000000ffff0ff0 DR7=0000000000000400
CCS=0000000000000044 CCD=0000000000000000 CCO=EFLAGS
EFER=0000000000000500
Servicing hardware INT=0x20
     4: v=20 e=0000 i=0 cpl=0 IP=0008:ffffffff801012ab pc=ffffffff801012ab SP=0010:ffffffff8011bfb0 env->regs[R_EAX]=0000000000000000
RAX=0000000000000000 RBX=000000000011e000 RCX=00000000000000f8 RDX=0000000000000f20
RSI=0000000000000f20 RDI=ffffffff8011bfcb RBP=ffffffff8011bff0 RSP=ffffffff8011bfb0
R8 =0000000000000000 R9 =0000000000000000 R10=0000000000000000 R11=0000000000000000
R12=0000000000000000 R13=0000000000000000 R14=0000000000000000 R15=0000000000000000
RIP=ffffffff801012ab RFL=00000246 [---Z-P-] CPL=0 II=0 A20=1 SMM=0 HLT=0
ES =0010 0000000000000000 ffffffff 00af9300 DPL=0 DS   [-WA]
CS =0008 0000000000000000 ffffffff 00af9a00 DPL=0 CS64 [-R-]
SS =0010 0000000000000000 ffffffff 00af9300 DPL=0 DS   [-WA]
DS =0010 0000000000000000 ffffffff 00af9300 DPL=0 DS   [-WA]
FS =0018 0000000000000000 ffffffff 00cf9300 DPL=0 DS   [-WA]
GS =0018 0000000000000000 ffffffff 00cf9300 DPL=0 DS   [-WA]
LDT=0000 0000000000000000 0000ffff 00008200 DPL=0 LDT
TR =0018 ffffffff80116ec0 00000067 00008900 DPL=0 TSS64-avl
GDT=     ffffffff80116f30 0000003f
IDT=     ffffffff8011c120 00000fff
CR0=80000011 CR2=0000000000000000 CR3=000000000011e000 CR4=00000020
DR0=0000000000000000 DR1=0000000000000000 DR2=0000000000000000 DR3=0000000000000000 
DR6=00000000ffff0ff0 DR7=0000000000000400
CCS=0000000000000044 CCD=0000000000000000 CCO=EFLAGS
EFER=0000000000000500
Servicing hardware INT=0x20
     5: v=20 e=0000 i=0 cpl=0 IP=0008:ffffffff801012ab pc=ffffffff801012ab SP=0010:ffffffff8011bfb0 env->regs[R_EAX]=0000000000000000
RAX=0000000000000000 RBX=000000000011e000 RCX=00000000000000f8 RDX=0000000000000f20
RSI=0000000000000f20 RDI=ffffffff8011bfcb RBP=ffffffff8011bff0 RSP=ffffffff8011bfb0
R8 =0000000000000000 R9 =0000000000000000 R10=0000000000000000 R11=0000000000000000
R12=0000000000000000 R13=0000000000000000 R14=0000000000000000 R15=0000000000000000
RIP=ffffffff801012ab RFL=00000246 [---Z-P-] CPL=0 II=0 A20=1 SMM=0 HLT=0
ES =0010 0000000000000000 ffffffff 00af9300 DPL=0 DS   [-WA]
CS =0008 0000000000000000 ffffffff 00af9a00 DPL=0 CS64 [-R-]
SS =0010 0000000000000000 ffffffff 00af9300 DPL=0 DS   [-WA]
DS =0010 0000000000000000 ffffffff 00af9300 DPL=0 DS   [-WA]
FS =0018 0000000000000000 ffffffff 00cf9300 DPL=0 DS   [-WA]
GS =0018 0000000000000000 ffffffff 00cf9300 DPL=0 DS   [-WA]
LDT=0000 0000000000000000 0000ffff 00008200 DPL=0 LDT
TR =0018 ffffffff80116ec0 00000067 00008900 DPL=0 TSS64-avl
GDT=     ffffffff80116f30 0000003f
IDT=     ffffffff8011c120 00000fff
CR0=80000011 CR2=0000000000000000 CR3=000000000011e000 CR4=00000020
DR0=0000000000000000 DR1=0000000000000000 DR2=0000000000000000 DR3=0000000000000000 
DR6=00000000ffff0ff0 DR7=0000000000000400
CCS=0000000000000044 CCD=0000000000000000 CCO=EFLAGS
EFER=0000000000000500
Servicing hardware INT=0x20
     6: v=20 e=0000 i=0 cpl=0 IP=0008:ffffffff801012ab pc=ffffffff801012ab SP=0010:ffffffff8011bfb0 env->regs[R_EAX]=0000000000000000
RAX=0000000000000000 RBX=000000000011e000 RCX=00000000000000f8 RDX=0000000000000f20
RSI=0000000000000f20 RDI=ffffffff8011bfcb RBP=ffffffff8011bff0 RSP=ffffffff8011bfb0
R8 =0000000000000000 R9 =0000000000000000 R10=0000000000000000 R11=0000000000000000
R12=0000000000000000 R13=0000000000000000 R14=0000000000000000 R15=0000000000000000
RIP=ffffffff801012ab RFL=00000246 [---Z-P-] CPL=0 II=0 A20=1 SMM=0 HLT=0
ES =0010 0000000000000000 ffffffff 00af9300 DPL=0 DS   [-WA]
CS =0008 0000000000000000 ffffffff 00af9a00 DPL=0 CS64 [-R-]
SS =0010 0000000000000000 ffffffff 00af9300 DPL=0 DS   [-WA]
DS =0010 0000000000000000 ffffffff 00af9300 DPL=0 DS   [-WA]
FS =0018 0000000000000000 ffffffff 00cf9300 DPL=0 DS   [-WA]
GS =0018 0000000000000000 ffffffff 00cf9300 DPL=0 DS   [-WA]
LDT=0000 0000000000000000 0000ffff 00008200 DPL=0 LDT
TR =0018 ffffffff80116ec0 00000067 00008900 DPL=0 TSS64-avl
GDT=     ffffffff80116f30 0000003f
IDT=     ffffffff8011c120 00000fff
CR0=80000011 CR2=0000000000000000 CR3=000000000011e000 CR4=00000020
DR0=0000000000000000 DR1=0000000000000000 DR2=0000000000000000 DR3=0000000000000000 
DR6=00000000ffff0ff0 DR7=0000000000000400
CCS=0000000000000044 CCD=0000000000000000 CCO=EFLAGS
EFER=0000000000000500
Servicing hardware INT=0x20
     7: v=20 e=0000 i=0 cpl=0 IP=0008:ffffffff801012ab pc=ffffffff801012ab SP=0010:ffffffff8011bfb0 env->regs[R_EAX]=0000000000000000
RAX=0000000000000000 RBX=000000000011e000 RCX=00000000000000f8 RDX=0000000000000f20
RSI=0000000000000f20 RDI=ffffffff8011bfcb RBP=ffffffff8011bff0 RSP=ffffffff8011bfb0
R8 =0000000000000000 R9 =0000000000000000 R10=0000000000000000 R11=0000000000000000
R12=0000000000000000 R13=0000000000000000 R14=0000000000000000 R15=0000000000000000
RIP=ffffffff801012ab RFL=00000246 [---Z-P-] CPL=0 II=0 A20=1 SMM=0 HLT=0
ES =0010 0000000000000000 ffffffff 00af9300 DPL=0 DS   [-WA]
CS =0008 0000000000000000 ffffffff 00af9a00 DPL=0 CS64 [-R-]
SS =0010 0000000000000000 ffffffff 00af9300 DPL=0 DS   [-WA]
DS =0010 0000000000000000 ffffffff 00af9300 DPL=0 DS   [-WA]
FS =0018 0000000000000000 ffffffff 00cf9300 DPL=0 DS   [-WA]
GS =0018 0000000000000000 ffffffff 00cf9300 DPL=0 DS   [-WA]
LDT=0000 0000000000000000 0000ffff 00008200 DPL=0 LDT
TR =0018 ffffffff80116ec0 00000067 00008900 DPL=0 TSS64-avl
GDT=     ffffffff80116f30 0000003f
IDT=     ffffffff8011c120 00000fff
CR0=80000011 CR2=0000000000000000 CR3=000000000011e000 CR4=00000020
DR0=0000000000000000 DR1=0000000000000000 DR2=0000000000000000 DR3=0000000000000000 
DR6=00000000ffff0ff0 DR7=0000000000000400
CCS=0000000000000044 CCD=0000000000000000 CCO=EFLAGS
EFER=0000000000000500
Servicing hardware INT=0x20
     8: v=20 e=0000 i=0 cpl=0 IP=0008:ffffffff801012ab pc=ffffffff801012ab SP=0010:ffffffff8011bfb0 env->regs[R_EAX]=0000000000000000
RAX=0000000000000000 RBX=000000000011e000 RCX=00000000000000f8 RDX=0000000000000f20
RSI=0000000000000f20 RDI=ffffffff8011bfcb RBP=ffffffff8011bff0 RSP=ffffffff8011bfb0
R8 =0000000000000000 R9 =0000000000000000 R10=0000000000000000 R11=0000000000000000
R12=0000000000000000 R13=0000000000000000 R14=0000000000000000 R15=0000000000000000
RIP=ffffffff801012ab RFL=00000246 [---Z-P-] CPL=0 II=0 A20=1 SMM=0 HLT=0
ES =0010 0000000000000000 ffffffff 00af9300 DPL=0 DS   [-WA]
CS =0008 0000000000000000 ffffffff 00af9a00 DPL=0 CS64 [-R-]
SS =0010 0000000000000000 ffffffff 00af9300 DPL=0 DS   [-WA]
DS =0010 0000000000000000 ffffffff 00af9300 DPL=0 DS   [-WA]
FS =0018 0000000000000000 ffffffff 00cf9300 DPL=0 DS   [-WA]
GS =0018 0000000000000000 ffffffff 00cf9300 DPL=0 DS   [-WA]
LDT=0000 0000000000000000 0000ffff 00008200 DPL=0 LDT
TR =0018 ffffffff80116ec0 00000067 00008900 DPL=0 TSS64-avl
GDT=     ffffffff80116f30 0000003f
IDT=     ffffffff8011c120 00000fff
CR0=80000011 CR2=0000000000000000 CR3=000000000011e000 CR4=00000020
DR0=0000000000000000 DR1=0000000000000000 DR2=0000000000000000 DR3=0000000000000000 
DR6=00000000ffff0ff0 DR7=0000000000000400
CCS=0000000000000044 CCD=0000000000000000 CCO=EFLAGS
EFER=0000000000000500
Servicing hardware INT=0x20
     9: v=20 e=0000 i=0 cpl=0 IP=0008:ffffffff801012ab pc=ffffffff801012ab SP=0010:ffffffff8011bfb0 env->regs[R_EAX]=0000000000000000
RAX=0000000000000000 RBX=000000000011e000 RCX=00000000000000f8 RDX=0000000000000f20
RSI=0000000000000f20 RDI=ffffffff8011bfcb RBP=ffffffff8011bff0 RSP=ffffffff8011bfb0
R8 =0000000000000000 R9 =0000000000000000 R10=0000000000000000 R11=0000000000000000
R12=0000000000000000 R13=0000000000000000 R14=0000000000000000 R15=0000000000000000
RIP=ffffffff801012ab RFL=00000246 [---Z-P-] CPL=0 II=0 A20=1 SMM=0 HLT=0
ES =0010 0000000000000000 ffffffff 00af9300 DPL=0 DS   [-WA]
CS =0008 0000000000000000 ffffffff 00af9a00 DPL=0 CS64 [-R-]
SS =0010 0000000000000000 ffffffff 00af9300 DPL=0 DS   [-WA]
DS =0010 0000000000000000 ffffffff 00af9300 DPL=0 DS   [-WA]
FS =0018 0000000000000000 ffffffff 00cf9300 DPL=0 DS   [-WA]
GS =0018 0000000000000000 ffffffff 00cf9300 DPL=0 DS   [-WA]
LDT=0000 0000000000000000 0000ffff 00008200 DPL=0 LDT
TR =0018 ffffffff80116ec0 00000067 00008900 DPL=0 TSS64-avl
GDT=     ffffffff80116f30 0000003f
IDT=     ffffffff8011c120 00000fff
CR0=80000011 CR2=0000000000000000 CR3=000000000011e000 CR4=00000020
DR0=0000000000000000 DR1=0000000000000000 DR2=0000000000000000 DR3=0000000000000000 
DR6=00000000ffff0ff0 DR7=0000000000000400
CCS=0000000000000044 CCD=0000000000000000 CCO=EFLAGS
EFER=0000000000000500
Servicing hardware INT=0x20
    10: v=20 e=0000 i=0 cpl=0 IP=0008:ffffffff801012ab pc=ffffffff801012ab SP=0010:ffffffff8011bfb0 env->regs[R_EAX]=0000000000000000
RAX=0000000000000000 RBX=000000000011e000 RCX=00000000000000f8 RDX=0000000000000f20
RSI=0000000000000f20 RDI=ffffffff8011bfcb RBP=ffffffff8011bff0 RSP=ffffffff8011bfb0
R8 =0000000000000000 R9 =0000000000000000 R10=0000000000000000 R11=0000000000000000
R12=0000000000000000 R13=0000000000000000 R14=0000000000000000 R15=0000000000000000
RIP=ffffffff801012ab RFL=00000246 [---Z-P-] CPL=0 II=0 A20=1 SMM=0 HLT=0
ES =0010 0000000000000000 ffffffff 00af9300 DPL=0 DS   [-WA]
CS =0008 0000000000000000 ffffffff 00af9a00 DPL=0 CS64 [-R-]
SS =0010 0000000000000000 ffffffff 00af9300 DPL=0 DS   [-WA]
DS =0010 0000000000000000 ffffffff 00af9300 DPL=0 DS   [-WA]
FS =0018 0000000000000000 ffffffff 00cf9300 DPL=0 DS   [-WA]
GS =0018 0000000000000000 ffffffff 00cf9300 DPL=0 DS   [-WA]
LDT=0000 0000000000000000 0000ffff 00008200 DPL=0 LDT
TR =0018 ffffffff80116ec0 00000067 00008900 DPL=0 TSS64-avl
GDT=     ffffffff80116f30 0000003f
IDT=     ffffffff8011c120 00000fff
CR0=80000011 CR2=0000000000000000 CR3=000000000011e000 CR4=00000020
DR0=0000000000000000 DR1=0000000000000000 DR2=0000000000000000 DR3=0000000000000000 
DR6=00000000ffff0ff0 DR7=0000000000000400
CCS=0000000000000044 CCD=0000000000000000 CCO=EFLAGS
EFER=0000000000000500
Servicing hardware INT=0x20
    11: v=20 e=0000 i=0 cpl=0 IP=0008:ffffffff801012ab pc=ffffffff801012ab SP=0010:ffffffff8011bfb0 env->regs[R_EAX]=0000000000000000
RAX=0000000000000000 RBX=000000000011e000 RCX=00000000000000f8 RDX=0000000000000f20
RSI=0000000000000f20 RDI=ffffffff8011bfcb RBP=ffffffff8011bff0 RSP=ffffffff8011bfb0
R8 =0000000000000000 R9 =0000000000000000 R10=0000000000000000 R11=0000000000000000
R12=0000000000000000 R13=0000000000000000 R14=0000000000000000 R15=0000000000000000
RIP=ffffffff801012ab RFL=00000246 [---Z-P-] CPL=0 II=0 A20=1 SMM=0 HLT=0
ES =0010 0000000000000000 ffffffff 00af9300 DPL=0 DS   [-WA]
CS =0008 0000000000000000 ffffffff 00af9a00 DPL=0 CS64 [-R-]
SS =0010 0000000000000000 ffffffff 00af9300 DPL=0 DS   [-WA]
DS =0010 0000000000000000 ffffffff 00af9300 DPL=0 DS   [-WA]
FS =0018 0000000000000000 ffffffff 00cf9300 DPL=0 DS   [-WA]
GS =0018 0000000000000000 ffffffff 00cf9300 DPL=0 DS   [-WA]
LDT=0000 0000000000000000 0000ffff 00008200 DPL=0 LDT
TR =0018 ffffffff80116ec0 00000067 00008900 DPL=0 TSS64-avl
GDT=     ffffffff80116f30 0000003f
IDT=     ffffffff8011c120 00000fff
CR0=80000011 CR2=0000000000000000 CR3=000000000011e000 CR4=00000020
DR0=0000000000000000 DR1=0000000000000000 DR2=0000000000000000 DR3=0000000000000000 
DR6=00000000ffff0ff0 DR7=0000000000000400
CCS=0000000000000044 CCD=0000000000000000 CCO=EFLAGS
EFER=0000000000000500
Servicing hardware INT=0x20
    12: v=20 e=0000 i=0 cpl=0 IP=0008:ffffffff801012ab pc=ffffffff801012ab SP=0010:ffffffff8011bfb0 env->regs[R_EAX]=0000000000000000
RAX=0000000000000000 RBX=000000000011e000 RCX=00000000000000f8 RDX=0000000000000f20
RSI=0000000000000f20 RDI=ffffffff8011bfcb RBP=ffffffff8011bff0 RSP=ffffffff8011bfb0
R8 =0000000000000000 R9 =0000000000000000 R10=0000000000000000 R11=0000000000000000
R12=0000000000000000 R13=0000000000000000 R14=0000000000000000 R15=0000000000000000
RIP=ffffffff801012ab RFL=00000246 [---Z-P-] CPL=0 II=0 A20=1 SMM=0 HLT=0
ES =0010 0000000000000000 ffffffff 00af9300 DPL=0 DS   [-WA]
CS =0008 0000000000000000 ffffffff 00af9a00 DPL=0 CS64 [-R-]
SS =0010 0000000000000000 ffffffff 00af9300 DPL=0 DS   [-WA]
DS =0010 0000000000000000 ffffffff 00af9300 DPL=0 DS   [-WA]
FS =0018 0000000000000000 ffffffff 00cf9300 DPL=0 DS   [-WA]
GS =0018 0000000000000000 ffffffff 00cf9300 DPL=0 DS   [-WA]
LDT=0000 0000000000000000 0000ffff 00008200 DPL=0 LDT
TR =0018 ffffffff80116ec0 00000067 00008900 DPL=0 TSS64-avl
GDT=     ffffffff80116f30 0000003f
IDT=     ffffffff8011c120 00000fff
CR0=80000011 CR2=0000000000000000 CR3=000000000011e000 CR4=00000020
DR0=0000000000000000 DR1=0000000000000000 DR2=0000000000000000 DR3=0000000000000000 
DR6=00000000ffff0ff0 DR7=0000000000000400
CCS=0000000000000044 CCD=0000000000000000 CCO=EFLAGS
EFER=0000000000000500
Servicing hardware INT=0x20
    13: v=20 e=0000 i=0 cpl=0 IP=0008:ffffffff801012ab pc=ffffffff801012ab SP=0010:ffffffff8011bfb0 env->regs[R_EAX]=0000000000000000
RAX=0000000000000000 RBX=000000000011e000 RCX=00000000000000f8 RDX=0000000000000f20
RSI=0000000000000f20 RDI=ffffffff8011bfcb RBP=ffffffff8011bff0 RSP=ffffffff8011bfb0
R8 =0000000000000000 R9 =0000000000000000 R10=0000000000000000 R11=0000000000000000
R12=0000000000000000 R13=0000000000000000 R14=0000000000000000 R15=0000000000000000
RIP=ffffffff801012ab RFL=00000246 [---Z-P-] CPL=0 II=0 A20=1 SMM=0 HLT=0
ES =0010 0000000000000000 ffffffff 00af9300 DPL=0 DS   [-WA]
CS =0008 0000000000000000 ffffffff 00af9a00 DPL=0 CS64 [-R-]
SS =0010 0000000000000000 ffffffff 00af9300 DPL=0 DS   [-WA]
DS =0010 0000000000000000 ffffffff 00af9300 DPL=0 DS   [-WA]
FS =0018 0000000000000000 ffffffff 00cf9300 DPL=0 DS   [-WA]
GS =0018 0000000000000000 ffffffff 00cf9300 DPL=0 DS   [-WA]
LDT=0000 0000000000000000 0000ffff 00008200 DPL=0 LDT
TR =0018 ffffffff80116ec0 00000067 00008900 DPL=0 TSS64-avl
GDT=     ffffffff80116f30 0000003f
IDT=     ffffffff8011c120 00000fff
CR0=80000011 CR2=0000000000000000 CR3=000000000011e000 CR4=00000020
DR0=0000000000000000 DR1=0000000000000000 DR2=0000000000000000 DR3=0000000000000000 
DR6=00000000ffff0ff0 DR7=0000000000000400
CCS=0000000000000044 CCD=0000000000000000 CCO=EFLAGS
EFER=0000000000000500
Servicing hardware INT=0x20
    14: v=20 e=0000 i=0 cpl=0 IP=0008:ffffffff801012ab pc=ffffffff801012ab SP=0010:ffffffff8011bfb0 env->regs[R_EAX]=0000000000000000
RAX=0000000000000000 RBX=000000000011e000 RCX=00000000000000f8 RDX=0000000000000f20
RSI=0000000000000f20 RDI=ffffffff8011bfcb RBP=ffffffff8011bff0 RSP=ffffffff8011bfb0
R8 =0000000000000000 R9 =0000000000000000 R10=0000000000000000 R11=0000000000000000
R12=0000000000000000 R13=0000000000000000 R14=0000000000000000 R15=0000000000000000
RIP=ffffffff801012ab RFL=00000246 [---Z-P-] CPL=0 II=0 A20=1 SMM=0 HLT=0
ES =0010 0000000000000000 ffffffff 00af9300 DPL=0 DS   [-WA]
CS =0008 0000000000000000 ffffffff 00af9a00 DPL=0 CS64 [-R-]
SS =0010 0000000000000000 ffffffff 00af9300 DPL=0 DS   [-WA]
DS =0010 0000000000000000 ffffffff 00af9300 DPL=0 DS   [-WA]
FS =0018 0000000000000000 ffffffff 00cf9300 DPL=0 DS   [-WA]
GS =0018 0000000000000000 ffffffff 00cf9300 DPL=0 DS   [-WA]
LDT=0000 0000000000000000 0000ffff 00008200 DPL=0 LDT
TR =0018 ffffffff80116ec0 00000067 00008900 DPL=0 TSS64-avl
GDT=     ffffffff80116f30 0000003f
IDT=     ffffffff8011c120 00000fff
CR0=80000011 CR2=0000000000000000 CR3=000000000011e000 CR4=00000020
DR0=0000000000000000 DR1=0000000000000000 DR2=0000000000000000 DR3=0000000000000000 
DR6=00000000ffff0ff0 DR7=0000000000000400
CCS=0000000000000044 CCD=0000000000000000 CCO=EFLAGS
EFER=0000000000000500
Servicing hardware INT=0x20
    15: v=20 e=0000 i=0 cpl=0 IP=0008:ffffffff801012ab pc=ffffffff801012ab SP=0010:ffffffff8011bfb0 env->regs[R_EAX]=0000000000000000
RAX=0000000000000000 RBX=000000000011e000 RCX=00000000000000f8 RDX=0000000000000f20
RSI=0000000000000f20 RDI=ffffffff8011bfcb RBP=ffffffff8011bff0 RSP=ffffffff8011bfb0
R8 =0000000000000000 R9 =0000000000000000 R10=0000000000000000 R11=0000000000000000
R12=0000000000000000 R13=0000000000000000 R14=0000000000000000 R15=0000000000000000
RIP=ffffffff801012ab RFL=00000246 [---Z-P-] CPL=0 II=0 A20=1 SMM=0 HLT=0
ES =0010 0000000000000000 ffffffff 00af9300 DPL=0 DS   [-WA]
CS =0008 0000000000000000 ffffffff 00af9a00 DPL=0 CS64 [-R-]
SS =0010 0000000000000000 ffffffff 00af9300 DPL=0 DS   [-WA]
DS =0010 0000000000000000 ffffffff 00af9300 DPL=0 DS   [-WA]
FS =0018 0000000000000000 ffffffff 00cf9300 DPL=0 DS   [-WA]
GS =0018 0000000000000000 ffffffff 00cf9300 DPL=0 DS   [-WA]
LDT=0000 0000000000000000 0000ffff 00008200 DPL=0 LDT
TR =0018 ffffffff80116ec0 00000067 00008900 DPL=0 TSS64-avl
GDT=     ffffffff80116f30 0000003f
IDT=     ffffffff8011c120 00000fff
CR0=80000011 CR2=0000000000000000 CR3=000000000011e000 CR4=00000020
DR0=0000000000000000 DR1=0000000000000000 DR2=0000000000000000 DR3=0000000000000000 
DR6=00000000ffff0ff0 DR7=0000000000000400
CCS=0000000000000044 CCD=0000000000000000 CCO=EFLAGS
EFER=0000000000000500
Servicing hardware INT=0x20
    16: v=20 e=0000 i=0 cpl=0 IP=0008:ffffffff801012ab pc=ffffffff801012ab SP=0010:ffffffff8011bfb0 env->regs[R_EAX]=0000000000000000
RAX=0000000000000000 RBX=000000000011e000 RCX=00000000000000f8 RDX=0000000000000f20
RSI=0000000000000f20 RDI=ffffffff8011bfcb RBP=ffffffff8011bff0 RSP=ffffffff8011bfb0
R8 =0000000000000000 R9 =0000000000000000 R10=0000000000000000 R11=0000000000000000
R12=0000000000000000 R13=0000000000000000 R14=0000000000000000 R15=0000000000000000
RIP=ffffffff801012ab RFL=00000246 [---Z-P-] CPL=0 II=0 A20=1 SMM=0 HLT=0
ES =0010 0000000000000000 ffffffff 00af9300 DPL=0 DS   [-WA]
CS =0008 0000000000000000 ffffffff 00af9a00 DPL=0 CS64 [-R-]
SS =0010 0000000000000000 ffffffff 00af9300 DPL=0 DS   [-WA]
DS =0010 0000000000000000 ffffffff 00af9300 DPL=0 DS   [-WA]
FS =0018 0000000000000000 ffffffff 00cf9300 DPL=0 DS   [-WA]
GS =0018 0000000000000000 ffffffff 00cf9300 DPL=0 DS   [-WA]
LDT=0000 0000000000000000 0000ffff 00008200 DPL=0 LDT
TR =0018 ffffffff80116ec0 00000067 00008900 DPL=0 TSS64-avl
GDT=     ffffffff80116f30 0000003f
IDT=     ffffffff8011c120 00000fff
CR0=80000011 CR2=0000000000000000 CR3=000000000011e000 CR4=00000020
DR0=0000000000000000 DR1=0000000000000000 DR2=0000000000000000 DR3=0000000000000000 
DR6=00000000ffff0ff0 DR7=0000000000000400
CCS=0000000000000044 CCD=0000000000000000 CCO=EFLAGS
EFER=0000000000000500
Servicing hardware INT=0x20
    17: v=20 e=0000 i=0 cpl=0 IP=0008:ffffffff801012ab pc=ffffffff801012ab SP=0010:ffffffff8011bfb0 env->regs[R_EAX]=0000000000000000
RAX=0000000000000000 RBX=000000000011e000 RCX=00000000000000f8 RDX=0000000000000f20
RSI=0000000000000f20 RDI=ffffffff8011bfcb RBP=ffffffff8011bff0 RSP=ffffffff8011bfb0
R8 =0000000000000000 R9 =0000000000000000 R10=0000000000000000 R11=0000000000000000
R12=0000000000000000 R13=0000000000000000 R14=0000000000000000 R15=0000000000000000
RIP=ffffffff801012ab RFL=00000246 [---Z-P-] CPL=0 II=0 A20=1 SMM=0 HLT=0
ES =0010 0000000000000000 ffffffff 00af9300 DPL=0 DS   [-WA]
CS =0008 0000000000000000 ffffffff 00af9a00 DPL=0 CS64 [-R-]
SS =0010 0000000000000000 ffffffff 00af9300 DPL=0 DS   [-WA]
DS =0010 0000000000000000 ffffffff 00af9300 DPL=0 DS   [-WA]
FS =0018 0000000000000000 ffffffff 00cf9300 DPL=0 DS   [-WA]
GS =0018 0000000000000000 ffffffff 00cf9300 DPL=0 DS   [-WA]
LDT=0000 0000000000000000 0000ffff 00008200 DPL=0 LDT
TR =0018 ffffffff80116ec0 00000067 00008900 DPL=0 TSS64-avl
GDT=     ffffffff80116f30 0000003f
IDT=     ffffffff8011c120 00000fff
CR0=80000011 CR2=0000000000000000 CR3=000000000011e000 CR4=00000020
DR0=0000000000000000 DR1=0000000000000000 DR2=0000000000000000 DR3=0000000000000000 
DR6=00000000ffff0ff0 DR7=0000000000000400
CCS=0000000000000044 CCD=0000000000000000 CCO=EFLAGS
EFER=0000000000000500
Servicing hardware INT=0x20
    18: v=20 e=0000 i=0 cpl=0 IP=0008:ffffffff801012ab pc=ffffffff801012ab SP=0010:ffffffff8011bfb0 env->regs[R_EAX]=0000000000000000
RAX=0000000000000000 RBX=000000000011e000 RCX=00000000000000f8 RDX=0000000000000f20
RSI=0000000000000f20 RDI=ffffffff8011bfcb RBP=ffffffff8011bff0 RSP=ffffffff8011bfb0
R8 =0000000000000000 R9 =0000000000000000 R10=0000000000000000 R11=0000000000000000
R12=0000000000000000 R13=0000000000000000 R14=0000000000000000 R15=0000000000000000
RIP=ffffffff801012ab RFL=00000246 [---Z-P-] CPL=0 II=0 A20=1 SMM=0 HLT=0
ES =0010 0000000000000000 ffffffff 00af9300 DPL=0 DS   [-WA]
CS =0008 0000000000000000 ffffffff 00af9a00 DPL=0 CS64 [-R-]
SS =0010 0000000000000000 ffffffff 00af9300 DPL=0 DS   [-WA]
DS =0010 0000000000000000 ffffffff 00af9300 DPL=0 DS   [-WA]
FS =0018 0000000000000000 ffffffff 00cf9300 DPL=0 DS   [-WA]
GS =0018 0000000000000000 ffffffff 00cf9300 DPL=0 DS   [-WA]
LDT=0000 0000000000000000 0000ffff 00008200 DPL=0 LDT
TR =0018 ffffffff80116ec0 00000067 00008900 DPL=0 TSS64-avl
GDT=     ffffffff80116f30 0000003f
IDT=     ffffffff8011c120 00000fff
CR0=80000011 CR2=0000000000000000 CR3=000000000011e000 CR4=00000020
DR0=0000000000000000 DR1=0000000000000000 DR2=0000000000000000 DR3=0000000000000000 
DR6=00000000ffff0ff0 DR7=0000000000000400
CCS=0000000000000044 CCD=0000000000000000 CCO=EFLAGS
EFER=0000000000000500
Servicing hardware INT=0x20
    19: v=20 e=0000 i=0 cpl=0 IP=0008:ffffffff801012ab pc=ffffffff801012ab SP=0010:ffffffff8011bfb0 env->regs[R_EAX]=0000000000000000
RAX=0000000000000000 RBX=000000000011e000 RCX=00000000000000f8 RDX=0000000000000f20
RSI=0000000000000f20 RDI=ffffffff8011bfcb RBP=ffffffff8011bff0 RSP=ffffffff8011bfb0
R8 =0000000000000000 R9 =0000000000000000 R10=0000000000000000 R11=0000000000000000
R12=0000000000000000 R13=0000000000000000 R14=0000000000000000 R15=0000000000000000
RIP=ffffffff801012ab RFL=00000246 [---Z-P-] CPL=0 II=0 A20=1 SMM=0 HLT=0
ES =0010 0000000000000000 ffffffff 00af9300 DPL=0 DS   [-WA]
CS =0008 0000000000000000 ffffffff 00af9a00 DPL=0 CS64 [-R-]
SS =0010 0000000000000000 ffffffff 00af9300 DPL=0 DS   [-WA]
DS =0010 0000000000000000 ffffffff 00af9300 DPL=0 DS   [-WA]
FS =0018 0000000000000000 ffffffff 00cf9300 DPL=0 DS   [-WA]
GS =0018 0000000000000000 ffffffff 00cf9300 DPL=0 DS   [-WA]
LDT=0000 0000000000000000 0000ffff 00008200 DPL=0 LDT
TR =0018 ffffffff80116ec0 00000067 00008900 DPL=0 TSS64-avl
GDT=     ffffffff80116f30 0000003f
IDT=     ffffffff8011c120 00000fff
CR0=80000011 CR2=0000000000000000 CR3=000000000011e000 CR4=00000020
DR0=0000000000000000 DR1=0000000000000000 DR2=0000000000000000 DR3=0000000000000000 
DR6=00000000ffff0ff0 DR7=0000000000000400
CCS=0000000000000044 CCD=0000000000000000 CCO=EFLAGS
EFER=0000000000000500
Servicing hardware INT=0x20
    20: v=20 e=0000 i=0 cpl=0 IP=0008:ffffffff801012ab pc=ffffffff801012ab SP=0010:ffffffff8011bfb0 env->regs[R_EAX]=0000000000000000
RAX=0000000000000000 RBX=000000000011e000 RCX=00000000000000f8 RDX=0000000000000f20
RSI=0000000000000f20 RDI=ffffffff8011bfcb RBP=ffffffff8011bff0 RSP=ffffffff8011bfb0
R8 =0000000000000000 R9 =0000000000000000 R10=0000000000000000 R11=0000000000000000
R12=0000000000000000 R13=0000000000000000 R14=0000000000000000 R15=0000000000000000
RIP=ffffffff801012ab RFL=00000246 [---Z-P-] CPL=0 II=0 A20=1 SMM=0 HLT=0
ES =0010 0000000000000000 ffffffff 00af9300 DPL=0 DS   [-WA]
CS =0008 0000000000000000 ffffffff 00af9a00 DPL=0 CS64 [-R-]
SS =0010 0000000000000000 ffffffff 00af9300 DPL=0 DS   [-WA]
DS =0010 0000000000000000 ffffffff 00af9300 DPL=0 DS   [-WA]
FS =0018 0000000000000000 ffffffff 00cf9300 DPL=0 DS   [-WA]
GS =0018 0000000000000000 ffffffff 00cf9300 DPL=0 DS   [-WA]
LDT=0000 0000000000000000 0000ffff 00008200 DPL=0 LDT
TR =0018 ffffffff80116ec0 00000067 00008900 DPL=0 TSS64-avl
GDT=     ffffffff80116f30 0000003f
IDT=     ffffffff8011c120 00000fff
CR0=80000011 CR2=0000000000000000 CR3=000000000011e000 CR4=00000020
DR0=0000000000000000 DR1=0000000000000000 DR2=0000000000000000 DR3=0000000000000000 
DR6=00000000ffff0ff0 DR7=0000000000000400
CCS=0000000000000044 CCD=0000000000000000 CCO=EFLAGS
EFER=0000000000000500
Servicing hardware INT=0x20
    21: v=20 e=0000 i=0 cpl=0 IP=0008:ffffffff801012ab pc=ffffffff801012ab SP=0010:ffffffff8011bfb0 env->regs[R_EAX]=0000000000000000
RAX=0000000000000000 RBX=000000000011e000 RCX=00000000000000f8 RDX=0000000000000f20
RSI=0000000000000f20 RDI=ffffffff8011bfcb RBP=ffffffff8011bff0 RSP=ffffffff8011bfb0
R8 =0000000000000000 R9 =0000000000000000 R10=0000000000000000 R11=0000000000000000
R12=0000000000000000 R13=0000000000000000 R14=0000000000000000 R15=0000000000000000
RIP=ffffffff801012ab RFL=00000246 [---Z-P-] CPL=0 II=0 A20=1 SMM=0 HLT=0
ES =0010 0000000000000000 ffffffff 00af9300 DPL=0 DS   [-WA]
CS =0008 0000000000000000 ffffffff 00af9a00 DPL=0 CS64 [-R-]
SS =0010 0000000000000000 ffffffff 00af9300 DPL=0 DS   [-WA]
DS =0010 0000000000000000 ffffffff 00af9300 DPL=0 DS   [-WA]
FS =0018 0000000000000000 ffffffff 00cf9300 DPL=0 DS   [-WA]
GS =0018 0000000000000000 ffffffff 00cf9300 DPL=0 DS   [-WA]
LDT=0000 0000000000000000 0000ffff 00008200 DPL=0 LDT
TR =0018 ffffffff80116ec0 00000067 00008900 DPL=0 TSS64-avl
GDT=     ffffffff80116f30 0000003f
IDT=     ffffffff8011c120 00000fff
CR0=80000011 CR2=0000000000000000 CR3=000000000011e000 CR4=00000020
DR0=0000000000000000 DR1=0000000000000000 DR2=0000000000000000 DR3=0000000000000000 
DR6=00000000ffff0ff0 DR7=0000000000000400
CCS=0000000000000044 CCD=0000000000000000 CCO=EFLAGS
EFER=0000000000000500
Servicing hardware INT=0x20
    22: v=20 e=0000 i=0 cpl=0 IP=0008:ffffffff801012ab pc=ffffffff801012ab SP=0010:ffffffff8011bfb0 env->regs[R_EAX]=0000000000000000
RAX=0000000000000000 RBX=000000000011e000 RCX=00000000000000f8 RDX=0000000000000f20
RSI=0000000000000f20 RDI=ffffffff8011bfcb RBP=ffffffff8011bff0 RSP=ffffffff8011bfb0
R8 =0000000000000000 R9 =0000000000000000 R10=0000000000000000 R11=0000000000000000
R12=0000000000000000 R13=0000000000000000 R14=0000000000000000 R15=0000000000000000
RIP=ffffffff801012ab RFL=00000246 [---Z-P-] CPL=0 II=0 A20=1 SMM=0 HLT=0
ES =0010 0000000000000000 ffffffff 00af9300 DPL=0 DS   [-WA]
CS =0008 0000000000000000 ffffffff 00af9a00 DPL=0 CS64 [-R-]
SS =0010 0000000000000000 ffffffff 00af9300 DPL=0 DS   [-WA]
DS =0010 0000000000000000 ffffffff 00af9300 DPL=0 DS   [-WA]
FS =0018 0000000000000000 ffffffff 00cf9300 DPL=0 DS   [-WA]
GS =0018 0000000000000000 ffffffff 00cf9300 DPL=0 DS   [-WA]
LDT=0000 0000000000000000 0000ffff 00008200 DPL=0 LDT
TR =0018 ffffffff80116ec0 00000067 00008900 DPL=0 TSS64-avl
GDT=     ffffffff80116f30 0000003f
IDT=     ffffffff8011c120 00000fff
CR0=80000011 CR2=0000000000000000 CR3=000000000011e000 CR4=00000020
DR0=0000000000000000 DR1=0000000000000000 DR2=0000000000000000 DR3=0000000000000000 
DR6=00000000ffff0ff0 DR7=0000000000000400
CCS=0000000000000044 CCD=0000000000000000 CCO=EFLAGS
EFER=0000000000000500
Servicing hardware INT=0x20
    23: v=20 e=0000 i=0 cpl=0 IP=0008:ffffffff801012ab pc=ffffffff801012ab SP=0010:ffffffff8011bfb0 env->regs[R_EAX]=0000000000000000
RAX=0000000000000000 RBX=000000000011e000 RCX=00000000000000f8 RDX=0000000000000f20
RSI=0000000000000f20 RDI=ffffffff8011bfcb RBP=ffffffff8011bff0 RSP=ffffffff8011bfb0
R8 =0000000000000000 R9 =0000000000000000 R10=0000000000000000 R11=0000000000000000
R12=0000000000000000 R13=0000000000000000 R14=0000000000000000 R15=0000000000000000
RIP=ffffffff801012ab RFL=00000246 [---Z-P-] CPL=0 II=0 A20=1 SMM=0 HLT=0
ES =0010 0000000000000000 ffffffff 00af9300 DPL=0 DS   [-WA]
CS =0008 0000000000000000 ffffffff 00af9a00 DPL=0 CS64 [-R-]
SS =0010 0000000000000000 ffffffff 00af9300 DPL=0 DS   [-WA]
DS =0010 0000000000000000 ffffffff 00af9300 DPL=0 DS   [-WA]
FS =0018 0000000000000000 ffffffff 00cf9300 DPL=0 DS   [-WA]
GS =0018 0000000000000000 ffffffff 00cf9300 DPL=0 DS   [-WA]
LDT=0000 0000000000000000 0000ffff 00008200 DPL=0 LDT
TR =0018 ffffffff80116ec0 00000067 00008900 DPL=0 TSS64-avl
GDT=     ffffffff80116f30 0000003f
IDT=     ffffffff8011c120 00000fff
CR0=80000011 CR2=0000000000000000 CR3=000000000011e000 CR4=00000020
DR0=0000000000000000 DR1=0000000000000000 DR2=0000000000000000 DR3=0000000000000000 
DR6=00000000ffff0ff0 DR7=0000000000000400
CCS=0000000000000044 CCD=0000000000000000 CCO=EFLAGS
EFER=0000000000000500
Servicing hardware INT=0x20
    24: v=20 e=0000 i=0 cpl=0 IP=0008:ffffffff801012ab pc=ffffffff801012ab SP=0010:ffffffff8011bfb0 env->regs[R_EAX]=0000000000000000
RAX=0000000000000000 RBX=000000000011e000 RCX=00000000000000f8 RDX=0000000000000f20
RSI=0000000000000f20 RDI=ffffffff8011bfcb RBP=ffffffff8011bff0 RSP=ffffffff8011bfb0
R8 =0000000000000000 R9 =0000000000000000 R10=0000000000000000 R11=0000000000000000
R12=0000000000000000 R13=0000000000000000 R14=0000000000000000 R15=0000000000000000
RIP=ffffffff801012ab RFL=00000246 [---Z-P-] CPL=0 II=0 A20=1 SMM=0 HLT=0
ES =0010 0000000000000000 ffffffff 00af9300 DPL=0 DS   [-WA]
CS =0008 0000000000000000 ffffffff 00af9a00 DPL=0 CS64 [-R-]
SS =0010 0000000000000000 ffffffff 00af9300 DPL=0 DS   [-WA]
DS =0010 0000000000000000 ffffffff 00af9300 DPL=0 DS   [-WA]
FS =0018 0000000000000000 ffffffff 00cf9300 DPL=0 DS   [-WA]
GS =0018 0000000000000000 ffffffff 00cf9300 DPL=0 DS   [-WA]
LDT=0000 0000000000000000 0000ffff 00008200 DPL=0 LDT
TR =0018 ffffffff80116ec0 00000067 00008900 DPL=0 TSS64-avl
GDT=     ffffffff80116f30 0000003f
IDT=     ffffffff8011c120 00000fff
CR0=80000011 CR2=0000000000000000 CR3=000000000011e000 CR4=00000020
DR0=0000000000000000 DR1=0000000000000000 DR2=0000000000000000 DR3=0000000000000000 
DR6=00000000ffff0ff0 DR7=0000000000000400
CCS=0000000000000044 CCD=0000000000000000 CCO=EFLAGS
EFER=0000000000000500
Servicing hardware INT=0x20
    25: v=20 e=0000 i=0 cpl=0 IP=0008:ffffffff801012ab pc=ffffffff801012ab SP=0010:ffffffff8011bfb0 env->regs[R_EAX]=0000000000000000
RAX=0000000000000000 RBX=000000000011e000 RCX=00000000000000f8 RDX=0000000000000f20
RSI=0000000000000f20 RDI=ffffffff8011bfcb RBP=ffffffff8011bff0 RSP=ffffffff8011bfb0
R8 =0000000000000000 R9 =0000000000000000 R10=0000000000000000 R11=0000000000000000
R12=0000000000000000 R13=0000000000000000 R14=0000000000000000 R15=0000000000000000
RIP=ffffffff801012ab RFL=00000246 [---Z-P-] CPL=0 II=0 A20=1 SMM=0 HLT=0
ES =0010 0000000000000000 ffffffff 00af9300 DPL=0 DS   [-WA]
CS =0008 0000000000000000 ffffffff 00af9a00 DPL=0 CS64 [-R-]
SS =0010 0000000000000000 ffffffff 00af9300 DPL=0 DS   [-WA]
DS =0010 0000000000000000 ffffffff 00af9300 DPL=0 DS   [-WA]
FS =0018 0000000000000000 ffffffff 00cf9300 DPL=0 DS   [-WA]
GS =0018 0000000000000000 ffffffff 00cf9300 DPL=0 DS   [-WA]
LDT=0000 0000000000000000 0000ffff 00008200 DPL=0 LDT
TR =0018 ffffffff80116ec0 00000067 00008900 DPL=0 TSS64-avl
GDT=     ffffffff80116f30 0000003f
IDT=     ffffffff8011c120 00000fff
CR0=80000011 CR2=0000000000000000 CR3=000000000011e000 CR4=00000020
DR0=0000000000000000 DR1=0000000000000000 DR2=0000000000000000 DR3=0000000000000000 
DR6=00000000ffff0ff0 DR7=0000000000000400
CCS=0000000000000044 CCD=0000000000000000 CCO=EFLAGS
EFER=0000000000000500
Servicing hardware INT=0x20
    26: v=20 e=0000 i=0 cpl=0 IP=0008:ffffffff801012ab pc=ffffffff801012ab SP=0010:ffffffff8011bfb0 env->regs[R_EAX]=0000000000000000
RAX=0000000000000000 RBX=000000000011e000 RCX=00000000000000f8 RDX=0000000000000f20
RSI=0000000000000f20 RDI=ffffffff8011bfcb RBP=ffffffff8011bff0 RSP=ffffffff8011bfb0
R8 =0000000000000000 R9 =0000000000000000 R10=0000000000000000 R11=0000000000000000
R12=0000000000000000 R13=0000000000000000 R14=0000000000000000 R15=0000000000000000
RIP=ffffffff801012ab RFL=00000246 [---Z-P-] CPL=0 II=0 A20=1 SMM=0 HLT=0
ES =0010 0000000000000000 ffffffff 00af9300 DPL=0 DS   [-WA]
CS =0008 0000000000000000 ffffffff 00af9a00 DPL=0 CS64 [-R-]
SS =0010 0000000000000000 ffffffff 00af9300 DPL=0 DS   [-WA]
DS =0010 0000000000000000 ffffffff 00af9300 DPL=0 DS   [-WA]
FS =0018 0000000000000000 ffffffff 00cf9300 DPL=0 DS   [-WA]
GS =0018 0000000000000000 ffffffff 00cf9300 DPL=0 DS   [-WA]
LDT=0000 0000000000000000 0000ffff 00008200 DPL=0 LDT
TR =0018 ffffffff80116ec0 00000067 00008900 DPL=0 TSS64-avl
GDT=     ffffffff80116f30 0000003f
IDT=     ffffffff8011c120 00000fff
CR0=80000011 CR2=0000000000000000 CR3=000000000011e000 CR4=00000020
DR0=0000000000000000 DR1=0000000000000000 DR2=0000000000000000 DR3=0000000000000000 
DR6=00000000ffff0ff0 DR7=0000000000000400
CCS=0000000000000044 CCD=0000000000000000 CCO=EFLAGS
EFER=0000000000000500
Servicing hardware INT=0x20
    27: v=20 e=0000 i=0 cpl=0 IP=0008:ffffffff801012ab pc=ffffffff801012ab SP=0010:ffffffff8011bfb0 env->regs[R_EAX]=0000000000000000
RAX=0000000000000000 RBX=000000000011e000 RCX=00000000000000f8 RDX=0000000000000f20
RSI=0000000000000f20 RDI=ffffffff8011bfcb RBP=ffffffff8011bff0 RSP=ffffffff8011bfb0
R8 =0000000000000000 R9 =0000000000000000 R10=0000000000000000 R11=0000000000000000
R12=0000000000000000 R13=0000000000000000 R14=0000000000000000 R15=0000000000000000
RIP=ffffffff801012ab RFL=00000246 [---Z-P-] CPL=0 II=0 A20=1 SMM=0 HLT=0
ES =0010 0000000000000000 ffffffff 00af9300 DPL=0 DS   [-WA]
CS =0008 0000000000000000 ffffffff 00af9a00 DPL=0 CS64 [-R-]
SS =0010 0000000000000000 ffffffff 00af9300 DPL=0 DS   [-WA]
DS =0010 0000000000000000 ffffffff 00af9300 DPL=0 DS   [-WA]
FS =0018 0000000000000000 ffffffff 00cf9300 DPL=0 DS   [-WA]
GS =0018 0000000000000000 ffffffff 00cf9300 DPL=0 DS   [-WA]
LDT=0000 0000000000000000 0000ffff 00008200 DPL=0 LDT
TR =0018 ffffffff80116ec0 00000067 00008900 DPL=0 TSS64-avl
GDT=     ffffffff80116f30 0000003f
IDT=     ffffffff8011c120 00000fff
CR0=80000011 CR2=0000000000000000 CR3=000000000011e000 CR4=00000020
DR0=0000000000000000 DR1=0000000000000000 DR2=0000000000000000 DR3=0000000000000000 
DR6=00000000ffff0ff0 DR7=0000000000000400
CCS=0000000000000044 CCD=0000000000000000 CCO=EFLAGS
EFER=0000000000000500
Servicing hardware INT=0x20
    28: v=20 e=0000 i=0 cpl=0 IP=0008:ffffffff801012ab pc=ffffffff801012ab SP=0010:ffffffff8011bfb0 env->regs[R_EAX]=0000000000000000
RAX=0000000000000000 RBX=000000000011e000 RCX=00000000000000f8 RDX=0000000000000f20
RSI=0000000000000f20 RDI=ffffffff8011bfcb RBP=ffffffff8011bff0 RSP=ffffffff8011bfb0
R8 =0000000000000000 R9 =0000000000000000 R10=0000000000000000 R11=0000000000000000
R12=0000000000000000 R13=0000000000000000 R14=0000000000000000 R15=0000000000000000
RIP=ffffffff801012ab RFL=00000246 [---Z-P-] CPL=0 II=0 A20=1 SMM=0 HLT=0
ES =0010 0000000000000000 ffffffff 00af9300 DPL=0 DS   [-WA]
CS =0008 0000000000000000 ffffffff 00af9a00 DPL=0 CS64 [-R-]
SS =0010 0000000000000000 ffffffff 00af9300 DPL=0 DS   [-WA]
DS =0010 0000000000000000 ffffffff 00af9300 DPL=0 DS   [-WA]
FS =0018 0000000000000000 ffffffff 00cf9300 DPL=0 DS   [-WA]
GS =0018 0000000000000000 ffffffff 00cf9300 DPL=0 DS   [-WA]
LDT=0000 0000000000000000 0000ffff 00008200 DPL=0 LDT
TR =0018 ffffffff80116ec0 00000067 00008900 DPL=0 TSS64-avl
GDT=     ffffffff80116f30 0000003f
IDT=     ffffffff8011c120 00000fff
CR0=80000011 CR2=0000000000000000 CR3=000000000011e000 CR4=00000020
DR0=0000000000000000 DR1=0000000000000000 DR2=0000000000000000 DR3=0000000000000000 
DR6=00000000ffff0ff0 DR7=0000000000000400
CCS=0000000000000044 CCD=0000000000000000 CCO=EFLAGS
EFER=0000000000000500
Servicing hardware INT=0x20
    29: v=20 e=0000 i=0 cpl=0 IP=0008:ffffffff801012ab pc=ffffffff801012ab SP=0010:ffffffff8011bfb0 env->regs[R_EAX]=0000000000000000
RAX=0000000000000000 RBX=000000000011e000 RCX=00000000000000f8 RDX=0000000000000f20
RSI=0000000000000f20 RDI=ffffffff8011bfcb RBP=ffffffff8011bff0 RSP=ffffffff8011bfb0
R8 =0000000000000000 R9 =0000000000000000 R10=0000000000000000 R11=0000000000000000
R12=0000000000000000 R13=0000000000000000 R14=0000000000000000 R15=0000000000000000
RIP=ffffffff801012ab RFL=00000246 [---Z-P-] CPL=0 II=0 A20=1 SMM=0 HLT=0
ES =0010 0000000000000000 ffffffff 00af9300 DPL=0 DS   [-WA]
CS =0008 0000000000000000 ffffffff 00af9a00 DPL=0 CS64 [-R-]
SS =0010 0000000000000000 ffffffff 00af9300 DPL=0 DS   [-WA]
DS =0010 0000000000000000 ffffffff 00af9300 DPL=0 DS   [-WA]
FS =0018 0000000000000000 ffffffff 00cf9300 DPL=0 DS   [-WA]
GS =0018 0000000000000000 ffffffff 00cf9300 DPL=0 DS   [-WA]
LDT=0000 0000000000000000 0000ffff 00008200 DPL=0 LDT
TR =0018 ffffffff80116ec0 00000067 00008900 DPL=0 TSS64-avl
GDT=     ffffffff80116f30 0000003f
IDT=     ffffffff8011c120 00000fff
CR0=80000011 CR2=0000000000000000 CR3=000000000011e000 CR4=00000020
DR0=0000000000000000 DR1=0000000000000000 DR2=0000000000000000 DR3=0000000000000000 
DR6=00000000ffff0ff0 DR7=0000000000000400
CCS=0000000000000044 CCD=0000000000000000 CCO=EFLAGS
EFER=0000000000000500
Servicing hardware INT=0x20
    30: v=20 e=0000 i=0 cpl=0 IP=0008:ffffffff801012ab pc=ffffffff801012ab SP=0010:ffffffff8011bfb0 env->regs[R_EAX]=0000000000000000
RAX=0000000000000000 RBX=000000000011e000 RCX=00000000000000f8 RDX=0000000000000f20
RSI=0000000000000f20 RDI=ffffffff8011bfcb RBP=ffffffff8011bff0 RSP=ffffffff8011bfb0
R8 =0000000000000000 R9 =0000000000000000 R10=0000000000000000 R11=0000000000000000
R12=0000000000000000 R13=0000000000000000 R14=0000000000000000 R15=0000000000000000
RIP=ffffffff801012ab RFL=00000246 [---Z-P-] CPL=0 II=0 A20=1 SMM=0 HLT=0
ES =0010 0000000000000000 ffffffff 00af9300 DPL=0 DS   [-WA]
CS =0008 0000000000000000 ffffffff 00af9a00 DPL=0 CS64 [-R-]
SS =0010 0000000000000000 ffffffff 00af9300 DPL=0 DS   [-WA]
DS =0010 0000000000000000 ffffffff 00af9300 DPL=0 DS   [-WA]
FS =0018 0000000000000000 ffffffff 00cf9300 DPL=0 DS   [-WA]
GS =0018 0000000000000000 ffffffff 00cf9300 DPL=0 DS   [-WA]
LDT=0000 0000000000000000 0000ffff 00008200 DPL=0 LDT
TR =0018 ffffffff80116ec0 00000067 00008900 DPL=0 TSS64-avl
GDT=     ffffffff80116f30 0000003f
IDT=     ffffffff8011c120 00000fff
CR0=80000011 CR2=0000000000000000 CR3=000000000011e000 CR4=00000020
DR0=0000000000000000 DR1=0000000000000000 DR2=0000000000000000 DR3=0000000000000000 
DR6=00000000ffff0ff0 DR7=0000000000000400
CCS=0000000000000044 CCD=0000000000000000 CCO=EFLAGS
EFER=0000000000000500
Servicing hardware INT=0x20
    31: v=20 e=0000 i=0 cpl=0 IP=0008:ffffffff801012ab pc=ffffffff801012ab SP=0010:ffffffff8011bfb0 env->regs[R_EAX]=0000000000000000
RAX=0000000000000000 RBX=000000000011e000 RCX=00000000000000f8 RDX=0000000000000f20
RSI=0000000000000f20 RDI=ffffffff8011bfcb RBP=ffffffff8011bff0 RSP=ffffffff8011bfb0
R8 =0000000000000000 R9 =0000000000000000 R10=0000000000000000 R11=0000000000000000
R12=0000000000000000 R13=0000000000000000 R14=0000000000000000 R15=0000000000000000
RIP=ffffffff801012ab RFL=00000246 [---Z-P-] CPL=0 II=0 A20=1 SMM=0 HLT=0
ES =0010 0000000000000000 ffffffff 00af9300 DPL=0 DS   [-WA]
CS =0008 0000000000000000 ffffffff 00af9a00 DPL=0 CS64 [-R-]
SS =0010 0000000000000000 ffffffff 00af9300 DPL=0 DS   [-WA]
DS =0010 0000000000000000 ffffffff 00af9300 DPL=0 DS   [-WA]
FS =0018 0000000000000000 ffffffff 00cf9300 DPL=0 DS   [-WA]
GS =0018 0000000000000000 ffffffff 00cf9300 DPL=0 DS   [-WA]
LDT=0000 0000000000000000 0000ffff 00008200 DPL=0 LDT
TR =0018 ffffffff80116ec0 00000067 00008900 DPL=0 TSS64-avl
GDT=     ffffffff80116f30 0000003f
IDT=     ffffffff8011c120 00000fff
CR0=80000011 CR2=0000000000000000 CR3=000000000011e000 CR4=00000020
DR0=0000000000000000 DR1=0000000000000000 DR2=0000000000000000 DR3=0000000000000000 
DR6=00000000ffff0ff0 DR7=0000000000000400
CCS=0000000000000044 CCD=0000000000000000 CCO=EFLAGS
EFER=0000000000000500
Servicing hardware INT=0x20
    32: v=20 e=0000 i=0 cpl=0 IP=0008:ffffffff801012ab pc=ffffffff801012ab SP=0010:ffffffff8011bfb0 env->regs[R_EAX]=0000000000000000
RAX=0000000000000000 RBX=000000000011e000 RCX=00000000000000f8 RDX=0000000000000f20
RSI=0000000000000f20 RDI=ffffffff8011bfcb RBP=ffffffff8011bff0 RSP=ffffffff8011bfb0
R8 =0000000000000000 R9 =0000000000000000 R10=0000000000000000 R11=0000000000000000
R12=0000000000000000 R13=0000000000000000 R14=0000000000000000 R15=0000000000000000
RIP=ffffffff801012ab RFL=00000246 [---Z-P-] CPL=0 II=0 A20=1 SMM=0 HLT=0
ES =0010 0000000000000000 ffffffff 00af9300 DPL=0 DS   [-WA]
CS =0008 0000000000000000 ffffffff 00af9a00 DPL=0 CS64 [-R-]
SS =0010 0000000000000000 ffffffff 00af9300 DPL=0 DS   [-WA]
DS =0010 0000000000000000 ffffffff 00af9300 DPL=0 DS   [-WA]
FS =0018 0000000000000000 ffffffff 00cf9300 DPL=0 DS   [-WA]
GS =0018 0000000000000000 ffffffff 00cf9300 DPL=0 DS   [-WA]
LDT=0000 0000000000000000 0000ffff 00008200 DPL=0 LDT
TR =0018 ffffffff80116ec0 00000067 00008900 DPL=0 TSS64-avl
GDT=     ffffffff80116f30 0000003f
IDT=     ffffffff8011c120 00000fff
CR0=80000011 CR2=0000000000000000 CR3=000000000011e000 CR4=00000020
DR0=0000000000000000 DR1=0000000000000000 DR2=0000000000000000 DR3=0000000000000000 
DR6=00000000ffff0ff0 DR7=0000000000000400
CCS=0000000000000044 CCD=0000000000000000 CCO=EFLAGS
EFER=0000000000000500
Servicing hardware INT=0x20
    33: v=20 e=0000 i=0 cpl=0 IP=0008:ffffffff801012ab pc=ffffffff801012ab SP=0010:ffffffff8011bfb0 env->regs[R_EAX]=0000000000000000
RAX=0000000000000000 RBX=000000000011e000 RCX=00000000000000f8 RDX=0000000000000f20
RSI=0000000000000f20 RDI=ffffffff8011bfcb RBP=ffffffff8011bff0 RSP=ffffffff8011bfb0
R8 =0000000000000000 R9 =0000000000000000 R10=0000000000000000 R11=0000000000000000
R12=0000000000000000 R13=0000000000000000 R14=0000000000000000 R15=0000000000000000
RIP=ffffffff801012ab RFL=00000246 [---Z-P-] CPL=0 II=0 A20=1 SMM=0 HLT=0
ES =0010 0000000000000000 ffffffff 00af9300 DPL=0 DS   [-WA]
CS =0008 0000000000000000 ffffffff 00af9a00 DPL=0 CS64 [-R-]
SS =0010 0000000000000000 ffffffff 00af9300 DPL=0 DS   [-WA]
DS =0010 0000000000000000 ffffffff 00af9300 DPL=0 DS   [-WA]
FS =0018 0000000000000000 ffffffff 00cf9300 DPL=0 DS   [-WA]
GS =0018 0000000000000000 ffffffff 00cf9300 DPL=0 DS   [-WA]
LDT=0000 0000000000000000 0000ffff 00008200 DPL=0 LDT
TR =0018 ffffffff80116ec0 00000067 00008900 DPL=0 TSS64-avl
GDT=     ffffffff80116f30 0000003f
IDT=     ffffffff8011c120 00000fff
CR0=80000011 CR2=0000000000000000 CR3=000000000011e000 CR4=00000020
DR0=0000000000000000 DR1=0000000000000000 DR2=0000000000000000 DR3=0000000000000000 
DR6=00000000ffff0ff0 DR7=0000000000000400
CCS=0000000000000044 CCD=0000000000000000 CCO=EFLAGS
EFER=0000000000000500
Servicing hardware INT=0x20
    34: v=20 e=0000 i=0 cpl=0 IP=0008:ffffffff801012ab pc=ffffffff801012ab SP=0010:ffffffff8011bfb0 env->regs[R_EAX]=0000000000000000
RAX=0000000000000000 RBX=000000000011e000 RCX=00000000000000f8 RDX=0000000000000f20
RSI=0000000000000f20 RDI=ffffffff8011bfcb RBP=ffffffff8011bff0 RSP=ffffffff8011bfb0
R8 =0000000000000000 R9 =0000000000000000 R10=0000000000000000 R11=0000000000000000
R12=0000000000000000 R13=0000000000000000 R14=0000000000000000 R15=0000000000000000
RIP=ffffffff801012ab RFL=00000246 [---Z-P-] CPL=0 II=0 A20=1 SMM=0 HLT=0
ES =0010 0000000000000000 ffffffff 00af9300 DPL=0 DS   [-WA]
CS =0008 0000000000000000 ffffffff 00af9a00 DPL=0 CS64 [-R-]
SS =0010 0000000000000000 ffffffff 00af9300 DPL=0 DS   [-WA]
DS =0010 0000000000000000 ffffffff 00af9300 DPL=0 DS   [-WA]
FS =0018 0000000000000000 ffffffff 00cf9300 DPL=0 DS   [-WA]
GS =0018 0000000000000000 ffffffff 00cf9300 DPL=0 DS   [-WA]
LDT=0000 0000000000000000 0000ffff 00008200 DPL=0 LDT
TR =0018 ffffffff80116ec0 00000067 00008900 DPL=0 TSS64-avl
GDT=     ffffffff80116f30 0000003f
IDT=     ffffffff8011c120 00000fff
CR0=80000011 CR2=0000000000000000 CR3=000000000011e000 CR4=00000020
DR0=0000000000000000 DR1=0000000000000000 DR2=0000000000000000 DR3=0000000000000000 
DR6=00000000ffff0ff0 DR7=0000000000000400
CCS=0000000000000044 CCD=0000000000000000 CCO=EFLAGS
EFER=0000000000000500
Servicing hardware INT=0x20
    35: v=20 e=0000 i=0 cpl=0 IP=0008:ffffffff801012ab pc=ffffffff801012ab SP=0010:ffffffff8011bfb0 env->regs[R_EAX]=0000000000000000
RAX=0000000000000000 RBX=000000000011e000 RCX=00000000000000f8 RDX=0000000000000f20
RSI=0000000000000f20 RDI=ffffffff8011bfcb RBP=ffffffff8011bff0 RSP=ffffffff8011bfb0
R8 =0000000000000000 R9 =0000000000000000 R10=0000000000000000 R11=0000000000000000
R12=0000000000000000 R13=0000000000000000 R14=0000000000000000 R15=0000000000000000
RIP=ffffffff801012ab RFL=00000246 [---Z-P-] CPL=0 II=0 A20=1 SMM=0 HLT=0
ES =0010 0000000000000000 ffffffff 00af9300 DPL=0 DS   [-WA]
CS =0008 0000000000000000 ffffffff 00af9a00 DPL=0 CS64 [-R-]
SS =0010 0000000000000000 ffffffff 00af9300 DPL=0 DS   [-WA]
DS =0010 0000000000000000 ffffffff 00af9300 DPL=0 DS   [-WA]
FS =0018 0000000000000000 ffffffff 00cf9300 DPL=0 DS   [-WA]
GS =0018 0000000000000000 ffffffff 00cf9300 DPL=0 DS   [-WA]
LDT=0000 0000000000000000 0000ffff 00008200 DPL=0 LDT
TR =0018 ffffffff80116ec0 00000067 00008900 DPL=0 TSS64-avl
GDT=     ffffffff80116f30 0000003f
IDT=     ffffffff8011c120 00000fff
CR0=80000011 CR2=0000000000000000 CR3=000000000011e000 CR4=00000020
DR0=0000000000000000 DR1=0000000000000000 DR2=0000000000000000 DR3=0000000000000000 
DR6=00000000ffff0ff0 DR7=0000000000000400
CCS=0000000000000044 CCD=0000000000000000 CCO=EFLAGS
EFER=0000000000000500
Servicing hardware INT=0x20
    36: v=20 e=0000 i=0 cpl=0 IP=0008:ffffffff801012ab pc=ffffffff801012ab SP=0010:ffffffff8011bfb0 env->regs[R_EAX]=0000000000000000
RAX=0000000000000000 RBX=000000000011e000 RCX=00000000000000f8 RDX=0000000000000f20
RSI=0000000000000f20 RDI=ffffffff8011bfcb RBP=ffffffff8011bff0 RSP=ffffffff8011bfb0
R8 =0000000000000000 R9 =0000000000000000 R10=0000000000000000 R11=0000000000000000
R12=0000000000000000 R13=0000000000000000 R14=0000000000000000 R15=0000000000000000
RIP=ffffffff801012ab RFL=00000246 [---Z-P-] CPL=0 II=0 A20=1 SMM=0 HLT=0
ES =0010 0000000000000000 ffffffff 00af9300 DPL=0 DS   [-WA]
CS =0008 0000000000000000 ffffffff 00af9a00 DPL=0 CS64 [-R-]
SS =0010 0000000000000000 ffffffff 00af9300 DPL=0 DS   [-WA]
DS =0010 0000000000000000 ffffffff 00af9300 DPL=0 DS   [-WA]
FS =0018 0000000000000000 ffffffff 00cf9300 DPL=0 DS   [-WA]
GS =0018 0000000000000000 ffffffff 00cf9300 DPL=0 DS   [-WA]
LDT=0000 0000000000000000 0000ffff 00008200 DPL=0 LDT
TR =0018 ffffffff80116ec0 00000067 00008900 DPL=0 TSS64-avl
GDT=     ffffffff80116f30 0000003f
IDT=     ffffffff8011c120 00000fff
CR0=80000011 CR2=0000000000000000 CR3=000000000011e000 CR4=00000020
DR0=0000000000000000 DR1=0000000000000000 DR2=0000000000000000 DR3=0000000000000000 
DR6=00000000ffff0ff0 DR7=0000000000000400
CCS=0000000000000044 CCD=0000000000000000 CCO=EFLAGS
EFER=0000000000000500
Servicing hardware INT=0x20
    37: v=20 e=0000 i=0 cpl=0 IP=0008:ffffffff801012ab pc=ffffffff801012ab SP=0010:ffffffff8011bfb0 env->regs[R_EAX]=0000000000000000
RAX=0000000000000000 RBX=000000000011e000 RCX=00000000000000f8 RDX=0000000000000f20
RSI=0000000000000f20 RDI=ffffffff8011bfcb RBP=ffffffff8011bff0 RSP=ffffffff8011bfb0
R8 =0000000000000000 R9 =0000000000000000 R10=0000000000000000 R11=0000000000000000
R12=0000000000000000 R13=0000000000000000 R14=0000000000000000 R15=0000000000000000
RIP=ffffffff801012ab RFL=00000246 [---Z-P-] CPL=0 II=0 A20=1 SMM=0 HLT=0
ES =0010 0000000000000000 ffffffff 00af9300 DPL=0 DS   [-WA]
CS =0008 0000000000000000 ffffffff 00af9a00 DPL=0 CS64 [-R-]
SS =0010 0000000000000000 ffffffff 00af9300 DPL=0 DS   [-WA]
DS =0010 0000000000000000 ffffffff 00af9300 DPL=0 DS   [-WA]
FS =0018 0000000000000000 ffffffff 00cf9300 DPL=0 DS   [-WA]
GS =0018 0000000000000000 ffffffff 00cf9300 DPL=0 DS   [-WA]
LDT=0000 0000000000000000 0000ffff 00008200 DPL=0 LDT
TR =0018 ffffffff80116ec0 00000067 00008900 DPL=0 TSS64-avl
GDT=     ffffffff80116f30 0000003f
IDT=     ffffffff8011c120 00000fff
CR0=80000011 CR2=0000000000000000 CR3=000000000011e000 CR4=00000020
DR0=0000000000000000 DR1=0000000000000000 DR2=0000000000000000 DR3=0000000000000000 
DR6=00000000ffff0ff0 DR7=0000000000000400
CCS=0000000000000044 CCD=0000000000000000 CCO=EFLAGS
EFER=0000000000000500
Servicing hardware INT=0x20
    38: v=20 e=0000 i=0 cpl=0 IP=0008:ffffffff801012ab pc=ffffffff801012ab SP=0010:ffffffff8011bfb0 env->regs[R_EAX]=0000000000000000
RAX=0000000000000000 RBX=000000000011e000 RCX=00000000000000f8 RDX=0000000000000f20
RSI=0000000000000f20 RDI=ffffffff8011bfcb RBP=ffffffff8011bff0 RSP=ffffffff8011bfb0
R8 =0000000000000000 R9 =0000000000000000 R10=0000000000000000 R11=0000000000000000
R12=0000000000000000 R13=0000000000000000 R14=0000000000000000 R15=0000000000000000
RIP=ffffffff801012ab RFL=00000246 [---Z-P-] CPL=0 II=0 A20=1 SMM=0 HLT=0
ES =0010 0000000000000000 ffffffff 00af9300 DPL=0 DS   [-WA]
CS =0008 0000000000000000 ffffffff 00af9a00 DPL=0 CS64 [-R-]
SS =0010 0000000000000000 ffffffff 00af9300 DPL=0 DS   [-WA]
DS =0010 0000000000000000 ffffffff 00af9300 DPL=0 DS   [-WA]
FS =0018 0000000000000000 ffffffff 00cf9300 DPL=0 DS   [-WA]
GS =0018 0000000000000000 ffffffff 00cf9300 DPL=0 DS   [-WA]
LDT=0000 0000000000000000 0000ffff 00008200 DPL=0 LDT
TR =0018 ffffffff80116ec0 00000067 00008900 DPL=0 TSS64-avl
GDT=     ffffffff80116f30 0000003f
IDT=     ffffffff8011c120 00000fff
CR0=80000011 CR2=0000000000000000 CR3=000000000011e000 CR4=00000020
DR0=0000000000000000 DR1=0000000000000000 DR2=0000000000000000 DR3=0000000000000000 
DR6=00000000ffff0ff0 DR7=0000000000000400
CCS=0000000000000044 CCD=0000000000000000 CCO=EFLAGS
EFER=0000000000000500
Servicing hardware INT=0x20
    39: v=20 e=0000 i=0 cpl=0 IP=0008:ffffffff801012ab pc=ffffffff801012ab SP=0010:ffffffff8011bfb0 env->regs[R_EAX]=0000000000000000
RAX=0000000000000000 RBX=000000000011e000 RCX=00000000000000f8 RDX=0000000000000f20
RSI=0000000000000f20 RDI=ffffffff8011bfcb RBP=ffffffff8011bff0 RSP=ffffffff8011bfb0
R8 =0000000000000000 R9 =0000000000000000 R10=0000000000000000 R11=0000000000000000
R12=0000000000000000 R13=0000000000000000 R14=0000000000000000 R15=0000000000000000
RIP=ffffffff801012ab RFL=00000246 [---Z-P-] CPL=0 II=0 A20=1 SMM=0 HLT=0
ES =0010 0000000000000000 ffffffff 00af9300 DPL=0 DS   [-WA]
CS =0008 0000000000000000 ffffffff 00af9a00 DPL=0 CS64 [-R-]
SS =0010 0000000000000000 ffffffff 00af9300 DPL=0 DS   [-WA]
DS =0010 0000000000000000 ffffffff 00af9300 DPL=0 DS   [-WA]
FS =0018 0000000000000000 ffffffff 00cf9300 DPL=0 DS   [-WA]
GS =0018 0000000000000000 ffffffff 00cf9300 DPL=0 DS   [-WA]
LDT=0000 0000000000000000 0000ffff 00008200 DPL=0 LDT
TR =0018 ffffffff80116ec0 00000067 00008900 DPL=0 TSS64-avl
GDT=     ffffffff80116f30 0000003f
IDT=     ffffffff8011c120 00000fff
CR0=80000011 CR2=0000000000000000 CR3=000000000011e000 CR4=00000020
DR0=0000000000000000 DR1=0000000000000000 DR2=0000000000000000 DR3=0000000000000000 
DR6=00000000ffff0ff0 DR7=0000000000000400
CCS=0000000000000044 CCD=0000000000000000 CCO=EFLAGS
EFER=0000000000000500
Servicing hardware INT=0x20
    40: v=20 e=0000 i=0 cpl=0 IP=0008:ffffffff801012ab pc=ffffffff801012ab SP=0010:ffffffff8011bfb0 env->regs[R_EAX]=0000000000000000
RAX=0000000000000000 RBX=000000000011e000 RCX=00000000000000f8 RDX=0000000000000f20
RSI=0000000000000f20 RDI=ffffffff8011bfcb RBP=ffffffff8011bff0 RSP=ffffffff8011bfb0
R8 =0000000000000000 R9 =0000000000000000 R10=0000000000000000 R11=0000000000000000
R12=0000000000000000 R13=0000000000000000 R14=0000000000000000 R15=0000000000000000
RIP=ffffffff801012ab RFL=00000246 [---Z-P-] CPL=0 II=0 A20=1 SMM=0 HLT=0
ES =0010 0000000000000000 ffffffff 00af9300 DPL=0 DS   [-WA]
CS =0008 0000000000000000 ffffffff 00af9a00 DPL=0 CS64 [-R-]
SS =0010 0000000000000000 ffffffff 00af9300 DPL=0 DS   [-WA]
DS =0010 0000000000000000 ffffffff 00af9300 DPL=0 DS   [-WA]
FS =0018 0000000000000000 ffffffff 00cf9300 DPL=0 DS   [-WA]
GS =0018 0000000000000000 ffffffff 00cf9300 DPL=0 DS   [-WA]
LDT=0000 0000000000000000 0000ffff 00008200 DPL=0 LDT
TR =0018 ffffffff80116ec0 00000067 00008900 DPL=0 TSS64-avl
GDT=     ffffffff80116f30 0000003f
IDT=     ffffffff8011c120 00000fff
CR0=80000011 CR2=0000000000000000 CR3=000000000011e000 CR4=00000020
DR0=0000000000000000 DR1=0000000000000000 DR2=0000000000000000 DR3=0000000000000000 
DR6=00000000ffff0ff0 DR7=0000000000000400
CCS=0000000000000044 CCD=0000000000000000 CCO=EFLAGS
EFER=0000000000000500
Servicing hardware INT=0x20
    41: v=20 e=0000 i=0 cpl=0 IP=0008:ffffffff801012ab pc=ffffffff801012ab SP=0010:ffffffff8011bfb0 env->regs[R_EAX]=0000000000000000
RAX=0000000000000000 RBX=000000000011e000 RCX=00000000000000f8 RDX=0000000000000f20
RSI=0000000000000f20 RDI=ffffffff8011bfcb RBP=ffffffff8011bff0 RSP=ffffffff8011bfb0
R8 =0000000000000000 R9 =0000000000000000 R10=0000000000000000 R11=0000000000000000
R12=0000000000000000 R13=0000000000000000 R14=0000000000000000 R15=0000000000000000
RIP=ffffffff801012ab RFL=00000246 [---Z-P-] CPL=0 II=0 A20=1 SMM=0 HLT=0
ES =0010 0000000000000000 ffffffff 00af9300 DPL=0 DS   [-WA]
CS =0008 0000000000000000 ffffffff 00af9a00 DPL=0 CS64 [-R-]
SS =0010 0000000000000000 ffffffff 00af9300 DPL=0 DS   [-WA]
DS =0010 0000000000000000 ffffffff 00af9300 DPL=0 DS   [-WA]
FS =0018 0000000000000000 ffffffff 00cf9300 DPL=0 DS   [-WA]
GS =0018 0000000000000000 ffffffff 00cf9300 DPL=0 DS   [-WA]
LDT=0000 0000000000000000 0000ffff 00008200 DPL=0 LDT
TR =0018 ffffffff80116ec0 00000067 00008900 DPL=0 TSS64-avl
GDT=     ffffffff80116f30 0000003f
IDT=     ffffffff8011c120 00000fff
CR0=80000011 CR2=0000000000000000 CR3=000000000011e000 CR4=00000020
DR0=0000000000000000 DR1=0000000000000000 DR2=0000000000000000 DR3=0000000000000000 
DR6=00000000ffff0ff0 DR7=0000000000000400
CCS=0000000000000044 CCD=0000000000000000 CCO=EFLAGS
EFER=0000000000000500
Servicing hardware INT=0x20
    42: v=20 e=0000 i=0 cpl=0 IP=0008:ffffffff801012ab pc=ffffffff801012ab SP=0010:ffffffff8011bfb0 env->regs[R_EAX]=0000000000000000
RAX=0000000000000000 RBX=000000000011e000 RCX=00000000000000f8 RDX=0000000000000f20
RSI=0000000000000f20 RDI=ffffffff8011bfcb RBP=ffffffff8011bff0 RSP=ffffffff8011bfb0
R8 =0000000000000000 R9 =0000000000000000 R10=0000000000000000 R11=0000000000000000
R12=0000000000000000 R13=0000000000000000 R14=0000000000000000 R15=0000000000000000
RIP=ffffffff801012ab RFL=00000246 [---Z-P-] CPL=0 II=0 A20=1 SMM=0 HLT=0
ES =0010 0000000000000000 ffffffff 00af9300 DPL=0 DS   [-WA]
CS =0008 0000000000000000 ffffffff 00af9a00 DPL=0 CS64 [-R-]
SS =0010 0000000000000000 ffffffff 00af9300 DPL=0 DS   [-WA]
DS =0010 0000000000000000 ffffffff 00af9300 DPL=0 DS   [-WA]
FS =0018 0000000000000000 ffffffff 00cf9300 DPL=0 DS   [-WA]
GS =0018 0000000000000000 ffffffff 00cf9300 DPL=0 DS   [-WA]
LDT=0000 0000000000000000 0000ffff 00008200 DPL=0 LDT
TR =0018 ffffffff80116ec0 00000067 00008900 DPL=0 TSS64-avl
GDT=     ffffffff80116f30 0000003f
IDT=     ffffffff8011c120 00000fff
CR0=80000011 CR2=0000000000000000 CR3=000000000011e000 CR4=00000020
DR0=0000000000000000 DR1=0000000000000000 DR2=0000000000000000 DR3=0000000000000000 
DR6=00000000ffff0ff0 DR7=0000000000000400
CCS=0000000000000044 CCD=0000000000000000 CCO=EFLAGS
EFER=0000000000000500
Servicing hardware INT=0x20
    43: v=20 e=0000 i=0 cpl=0 IP=0008:ffffffff801012ab pc=ffffffff801012ab SP=0010:ffffffff8011bfb0 env->regs[R_EAX]=0000000000000000
RAX=0000000000000000 RBX=000000000011e000 RCX=00000000000000f8 RDX=0000000000000f20
RSI=0000000000000f20 RDI=ffffffff8011bfcb RBP=ffffffff8011bff0 RSP=ffffffff8011bfb0
R8 =0000000000000000 R9 =0000000000000000 R10=0000000000000000 R11=0000000000000000
R12=0000000000000000 R13=0000000000000000 R14=0000000000000000 R15=0000000000000000
RIP=ffffffff801012ab RFL=00000246 [---Z-P-] CPL=0 II=0 A20=1 SMM=0 HLT=0
ES =0010 0000000000000000 ffffffff 00af9300 DPL=0 DS   [-WA]
CS =0008 0000000000000000 ffffffff 00af9a00 DPL=0 CS64 [-R-]
SS =0010 0000000000000000 ffffffff 00af9300 DPL=0 DS   [-WA]
DS =0010 0000000000000000 ffffffff 00af9300 DPL=0 DS   [-WA]
FS =0018 0000000000000000 ffffffff 00cf9300 DPL=0 DS   [-WA]
GS =0018 0000000000000000 ffffffff 00cf9300 DPL=0 DS   [-WA]
LDT=0000 0000000000000000 0000ffff 00008200 DPL=0 LDT
TR =0018 ffffffff80116ec0 00000067 00008900 DPL=0 TSS64-avl
GDT=     ffffffff80116f30 0000003f
IDT=     ffffffff8011c120 00000fff
CR0=80000011 CR2=0000000000000000 CR3=000000000011e000 CR4=00000020
DR0=0000000000000000 DR1=0000000000000000 DR2=0000000000000000 DR3=0000000000000000 
DR6=00000000ffff0ff0 DR7=0000000000000400
CCS=0000000000000044 CCD=0000000000000000 CCO=EFLAGS
EFER=0000000000000500
Servicing hardware INT=0x20
    44: v=20 e=0000 i=0 cpl=0 IP=0008:ffffffff801012ab pc=ffffffff801012ab SP=0010:ffffffff8011bfb0 env->regs[R_EAX]=0000000000000000
RAX=0000000000000000 RBX=000000000011e000 RCX=00000000000000f8 RDX=0000000000000f20
RSI=0000000000000f20 RDI=ffffffff8011bfcb RBP=ffffffff8011bff0 RSP=ffffffff8011bfb0
R8 =0000000000000000 R9 =0000000000000000 R10=0000000000000000 R11=0000000000000000
R12=0000000000000000 R13=0000000000000000 R14=0000000000000000 R15=0000000000000000
RIP=ffffffff801012ab RFL=00000246 [---Z-P-] CPL=0 II=0 A20=1 SMM=0 HLT=0
ES =0010 0000000000000000 ffffffff 00af9300 DPL=0 DS   [-WA]
CS =0008 0000000000000000 ffffffff 00af9a00 DPL=0 CS64 [-R-]
SS =0010 0000000000000000 ffffffff 00af9300 DPL=0 DS   [-WA]
DS =0010 0000000000000000 ffffffff 00af9300 DPL=0 DS   [-WA]
FS =0018 0000000000000000 ffffffff 00cf9300 DPL=0 DS   [-WA]
GS =0018 0000000000000000 ffffffff 00cf9300 DPL=0 DS   [-WA]
LDT=0000 0000000000000000 0000ffff 00008200 DPL=0 LDT
TR =0018 ffffffff80116ec0 00000067 00008900 DPL=0 TSS64-avl
GDT=     ffffffff80116f30 0000003f
IDT=     ffffffff8011c120 00000fff
CR0=80000011 CR2=0000000000000000 CR3=000000000011e000 CR4=00000020
DR0=0000000000000000 DR1=0000000000000000 DR2=0000000000000000 DR3=0000000000000000 
DR6=00000000ffff0ff0 DR7=0000000000000400
CCS=0000000000000044 CCD=0000000000000000 CCO=EFLAGS
EFER=0000000000000500
Servicing hardware INT=0x20
    45: v=20 e=0000 i=0 cpl=0 IP=0008:ffffffff801012ab pc=ffffffff801012ab SP=0010:ffffffff8011bfb0 env->regs[R_EAX]=0000000000000000
RAX=0000000000000000 RBX=000000000011e000 RCX=00000000000000f8 RDX=0000000000000f20
RSI=0000000000000f20 RDI=ffffffff8011bfcb RBP=ffffffff8011bff0 RSP=ffffffff8011bfb0
R8 =0000000000000000 R9 =0000000000000000 R10=0000000000000000 R11=0000000000000000
R12=0000000000000000 R13=0000000000000000 R14=0000000000000000 R15=0000000000000000
RIP=ffffffff801012ab RFL=00000246 [---Z-P-] CPL=0 II=0 A20=1 SMM=0 HLT=0
ES =0010 0000000000000000 ffffffff 00af9300 DPL=0 DS   [-WA]
CS =0008 0000000000000000 ffffffff 00af9a00 DPL=0 CS64 [-R-]
SS =0010 0000000000000000 ffffffff 00af9300 DPL=0 DS   [-WA]
DS =0010 0000000000000000 ffffffff 00af9300 DPL=0 DS   [-WA]
FS =0018 0000000000000000 ffffffff 00cf9300 DPL=0 DS   [-WA]
GS =0018 0000000000000000 ffffffff 00cf9300 DPL=0 DS   [-WA]
LDT=0000 0000000000000000 0000ffff 00008200 DPL=0 LDT
TR =0018 ffffffff80116ec0 00000067 00008900 DPL=0 TSS64-avl
GDT=     ffffffff80116f30 0000003f
IDT=     ffffffff8011c120 00000fff
CR0=80000011 CR2=0000000000000000 CR3=000000000011e000 CR4=00000020
DR0=0000000000000000 DR1=0000000000000000 DR2=0000000000000000 DR3=0000000000000000 
DR6=00000000ffff0ff0 DR7=0000000000000400
CCS=0000000000000044 CCD=0000000000000000 CCO=EFLAGS
EFER=0000000000000500
Servicing hardware INT=0x20
    46: v=20 e=0000 i=0 cpl=0 IP=0008:ffffffff801012ab pc=ffffffff801012ab SP=0010:ffffffff8011bfb0 env->regs[R_EAX]=0000000000000000
RAX=0000000000000000 RBX=000000000011e000 RCX=00000000000000f8 RDX=0000000000000f20
RSI=0000000000000f20 RDI=ffffffff8011bfcb RBP=ffffffff8011bff0 RSP=ffffffff8011bfb0
R8 =0000000000000000 R9 =0000000000000000 R10=0000000000000000 R11=0000000000000000
R12=0000000000000000 R13=0000000000000000 R14=0000000000000000 R15=0000000000000000
RIP=ffffffff801012ab RFL=00000246 [---Z-P-] CPL=0 II=0 A20=1 SMM=0 HLT=0
ES =0010 0000000000000000 ffffffff 00af9300 DPL=0 DS   [-WA]
CS =0008 0000000000000000 ffffffff 00af9a00 DPL=0 CS64 [-R-]
SS =0010 0000000000000000 ffffffff 00af9300 DPL=0 DS   [-WA]
DS =0010 0000000000000000 ffffffff 00af9300 DPL=0 DS   [-WA]
FS =0018 0000000000000000 ffffffff 00cf9300 DPL=0 DS   [-WA]
GS =0018 0000000000000000 ffffffff 00cf9300 DPL=0 DS   [-WA]
LDT=0000 0000000000000000 0000ffff 00008200 DPL=0 LDT
TR =0018 ffffffff80116ec0 00000067 00008900 DPL=0 TSS64-avl
GDT=     ffffffff80116f30 0000003f
IDT=     ffffffff8011c120 00000fff
CR0=80000011 CR2=0000000000000000 CR3=000000000011e000 CR4=00000020
DR0=0000000000000000 DR1=0000000000000000 DR2=0000000000000000 DR3=0000000000000000 
DR6=00000000ffff0ff0 DR7=0000000000000400
CCS=0000000000000044 CCD=0000000000000000 CCO=EFLAGS
EFER=0000000000000500
Servicing hardware INT=0x20
    47: v=20 e=0000 i=0 cpl=0 IP=0008:ffffffff801012ab pc=ffffffff801012ab SP=0010:ffffffff8011bfb0 env->regs[R_EAX]=0000000000000000
RAX=0000000000000000 RBX=000000000011e000 RCX=00000000000000f8 RDX=0000000000000f20
RSI=0000000000000f20 RDI=ffffffff8011bfcb RBP=ffffffff8011bff0 RSP=ffffffff8011bfb0
R8 =0000000000000000 R9 =0000000000000000 R10=0000000000000000 R11=0000000000000000
R12=0000000000000000 R13=0000000000000000 R14=0000000000000000 R15=0000000000000000
RIP=ffffffff801012ab RFL=00000246 [---Z-P-] CPL=0 II=0 A20=1 SMM=0 HLT=0
ES =0010 0000000000000000 ffffffff 00af9300 DPL=0 DS   [-WA]
CS =0008 0000000000000000 ffffffff 00af9a00 DPL=0 CS64 [-R-]
SS =0010 0000000000000000 ffffffff 00af9300 DPL=0 DS   [-WA]
DS =0010 0000000000000000 ffffffff 00af9300 DPL=0 DS   [-WA]
FS =0018 0000000000000000 ffffffff 00cf9300 DPL=0 DS   [-WA]
GS =0018 0000000000000000 ffffffff 00cf9300 DPL=0 DS   [-WA]
LDT=0000 0000000000000000 0000ffff 00008200 DPL=0 LDT
TR =0018 ffffffff80116ec0 00000067 00008900 DPL=0 TSS64-avl
GDT=     ffffffff80116f30 0000003f
IDT=     ffffffff8011c120 00000fff
CR0=80000011 CR2=0000000000000000 CR3=000000000011e000 CR4=00000020
DR0=0000000000000000 DR1=0000000000000000 DR2=0000000000000000 DR3=0000000000000000 
DR6=00000000ffff0ff0 DR7=0000000000000400
CCS=0000000000000044 CCD=0000000000000000 CCO=EFLAGS
EFER=0000000000000500
Servicing hardware INT=0x20
    48: v=20 e=0000 i=0 cpl=0 IP=0008:ffffffff801012ab pc=ffffffff801012ab SP=0010:ffffffff8011bfb0 env->regs[R_EAX]=0000000000000000
RAX=0000000000000000 RBX=000000000011e000 RCX=00000000000000f8 RDX=0000000000000f20
RSI=0000000000000f20 RDI=ffffffff8011bfcb RBP=ffffffff8011bff0 RSP=ffffffff8011bfb0
R8 =0000000000000000 R9 =0000000000000000 R10=0000000000000000 R11=0000000000000000
R12=0000000000000000 R13=0000000000000000 R14=0000000000000000 R15=0000000000000000
RIP=ffffffff801012ab RFL=00000246 [---Z-P-] CPL=0 II=0 A20=1 SMM=0 HLT=0
ES =0010 0000000000000000 ffffffff 00af9300 DPL=0 DS   [-WA]
CS =0008 0000000000000000 ffffffff 00af9a00 DPL=0 CS64 [-R-]
SS =0010 0000000000000000 ffffffff 00af9300 DPL=0 DS   [-WA]
DS =0010 0000000000000000 ffffffff 00af9300 DPL=0 DS   [-WA]
FS =0018 0000000000000000 ffffffff 00cf9300 DPL=0 DS   [-WA]
GS =0018 0000000000000000 ffffffff 00cf9300 DPL=0 DS   [-WA]
LDT=0000 0000000000000000 0000ffff 00008200 DPL=0 LDT
TR =0018 ffffffff80116ec0 00000067 00008900 DPL=0 TSS64-avl
GDT=     ffffffff80116f30 0000003f
IDT=     ffffffff8011c120 00000fff
CR0=80000011 CR2=0000000000000000 CR3=000000000011e000 CR4=00000020
DR0=0000000000000000 DR1=0000000000000000 DR2=0000000000000000 DR3=0000000000000000 
DR6=00000000ffff0ff0 DR7=0000000000000400
CCS=0000000000000044 CCD=0000000000000000 CCO=EFLAGS
EFER=0000000000000500
Servicing hardware INT=0x20
    49: v=20 e=0000 i=0 cpl=0 IP=0008:ffffffff801012ab pc=ffffffff801012ab SP=0010:ffffffff8011bfb0 env->regs[R_EAX]=0000000000000000
RAX=0000000000000000 RBX=000000000011e000 RCX=00000000000000f8 RDX=0000000000000f20
RSI=0000000000000f20 RDI=ffffffff8011bfcb RBP=ffffffff8011bff0 RSP=ffffffff8011bfb0
R8 =0000000000000000 R9 =0000000000000000 R10=0000000000000000 R11=0000000000000000
R12=0000000000000000 R13=0000000000000000 R14=0000000000000000 R15=0000000000000000
RIP=ffffffff801012ab RFL=00000246 [---Z-P-] CPL=0 II=0 A20=1 SMM=0 HLT=0
ES =0010 0000000000000000 ffffffff 00af9300 DPL=0 DS   [-WA]
CS =0008 0000000000000000 ffffffff 00af9a00 DPL=0 CS64 [-R-]
SS =0010 0000000000000000 ffffffff 00af9300 DPL=0 DS   [-WA]
DS =0010 0000000000000000 ffffffff 00af9300 DPL=0 DS   [-WA]
FS =0018 0000000000000000 ffffffff 00cf9300 DPL=0 DS   [-WA]
GS =0018 0000000000000000 ffffffff 00cf9300 DPL=0 DS   [-WA]
LDT=0000 0000000000000000 0000ffff 00008200 DPL=0 LDT
TR =0018 ffffffff80116ec0 00000067 00008900 DPL=0 TSS64-avl
GDT=     ffffffff80116f30 0000003f
IDT=     ffffffff8011c120 00000fff
CR0=80000011 CR2=0000000000000000 CR3=000000000011e000 CR4=00000020
DR0=0000000000000000 DR1=0000000000000000 DR2=0000000000000000 DR3=0000000000000000 
DR6=00000000ffff0ff0 DR7=0000000000000400
CCS=0000000000000044 CCD=0000000000000000 CCO=EFLAGS
EFER=0000000000000500
Servicing hardware INT=0x20
    50: v=20 e=0000 i=0 cpl=0 IP=0008:ffffffff801012ab pc=ffffffff801012ab SP=0010:ffffffff8011bfb0 env->regs[R_EAX]=0000000000000000
RAX=0000000000000000 RBX=000000000011e000 RCX=00000000000000f8 RDX=0000000000000f20
RSI=0000000000000f20 RDI=ffffffff8011bfcb RBP=ffffffff8011bff0 RSP=ffffffff8011bfb0
R8 =0000000000000000 R9 =0000000000000000 R10=0000000000000000 R11=0000000000000000
R12=0000000000000000 R13=0000000000000000 R14=0000000000000000 R15=0000000000000000
RIP=ffffffff801012ab RFL=00000246 [---Z-P-] CPL=0 II=0 A20=1 SMM=0 HLT=0
ES =0010 0000000000000000 ffffffff 00af9300 DPL=0 DS   [-WA]
CS =0008 0000000000000000 ffffffff 00af9a00 DPL=0 CS64 [-R-]
SS =0010 0000000000000000 ffffffff 00af9300 DPL=0 DS   [-WA]
DS =0010 0000000000000000 ffffffff 00af9300 DPL=0 DS   [-WA]
FS =0018 0000000000000000 ffffffff 00cf9300 DPL=0 DS   [-WA]
GS =0018 0000000000000000 ffffffff 00cf9300 DPL=0 DS   [-WA]
LDT=0000 0000000000000000 0000ffff 00008200 DPL=0 LDT
TR =0018 ffffffff80116ec0 00000067 00008900 DPL=0 TSS64-avl
GDT=     ffffffff80116f30 0000003f
IDT=     ffffffff8011c120 00000fff
CR0=80000011 CR2=0000000000000000 CR3=000000000011e000 CR4=00000020
DR0=0000000000000000 DR1=0000000000000000 DR2=0000000000000000 DR3=0000000000000000 
DR6=00000000ffff0ff0 DR7=0000000000000400
CCS=0000000000000044 CCD=0000000000000000 CCO=EFLAGS
EFER=0000000000000500
Servicing hardware INT=0x20
    51: v=20 e=0000 i=0 cpl=0 IP=0008:ffffffff801012ab pc=ffffffff801012ab SP=0010:ffffffff8011bfb0 env->regs[R_EAX]=0000000000000000
RAX=0000000000000000 RBX=000000000011e000 RCX=00000000000000f8 RDX=0000000000000f20
RSI=0000000000000f20 RDI=ffffffff8011bfcb RBP=ffffffff8011bff0 RSP=ffffffff8011bfb0
R8 =0000000000000000 R9 =0000000000000000 R10=0000000000000000 R11=0000000000000000
R12=0000000000000000 R13=0000000000000000 R14=0000000000000000 R15=0000000000000000
RIP=ffffffff801012ab RFL=00000246 [---Z-P-] CPL=0 II=0 A20=1 SMM=0 HLT=0
ES =0010 0000000000000000 ffffffff 00af9300 DPL=0 DS   [-WA]
CS =0008 0000000000000000 ffffffff 00af9a00 DPL=0 CS64 [-R-]
SS =0010 0000000000000000 ffffffff 00af9300 DPL=0 DS   [-WA]
DS =0010 0000000000000000 ffffffff 00af9300 DPL=0 DS   [-WA]
FS =0018 0000000000000000 ffffffff 00cf9300 DPL=0 DS   [-WA]
GS =0018 0000000000000000 ffffffff 00cf9300 DPL=0 DS   [-WA]
LDT=0000 0000000000000000 0000ffff 00008200 DPL=0 LDT
TR =0018 ffffffff80116ec0 00000067 00008900 DPL=0 TSS64-avl
GDT=     ffffffff80116f30 0000003f
IDT=     ffffffff8011c120 00000fff
CR0=80000011 CR2=0000000000000000 CR3=000000000011e000 CR4=00000020
DR0=0000000000000000 DR1=0000000000000000 DR2=0000000000000000 DR3=0000000000000000 
DR6=00000000ffff0ff0 DR7=0000000000000400
CCS=0000000000000044 CCD=0000000000000000 CCO=EFLAGS
EFER=0000000000000500
Servicing hardware INT=0x20
    52: v=20 e=0000 i=0 cpl=0 IP=0008:ffffffff801012ab pc=ffffffff801012ab SP=0010:ffffffff8011bfb0 env->regs[R_EAX]=0000000000000000
RAX=0000000000000000 RBX=000000000011e000 RCX=00000000000000f8 RDX=0000000000000f20
RSI=0000000000000f20 RDI=ffffffff8011bfcb RBP=ffffffff8011bff0 RSP=ffffffff8011bfb0
R8 =0000000000000000 R9 =0000000000000000 R10=0000000000000000 R11=0000000000000000
R12=0000000000000000 R13=0000000000000000 R14=0000000000000000 R15=0000000000000000
RIP=ffffffff801012ab RFL=00000246 [---Z-P-] CPL=0 II=0 A20=1 SMM=0 HLT=0
ES =0010 0000000000000000 ffffffff 00af9300 DPL=0 DS   [-WA]
CS =0008 0000000000000000 ffffffff 00af9a00 DPL=0 CS64 [-R-]
SS =0010 0000000000000000 ffffffff 00af9300 DPL=0 DS   [-WA]
DS =0010 0000000000000000 ffffffff 00af9300 DPL=0 DS   [-WA]
FS =0018 0000000000000000 ffffffff 00cf9300 DPL=0 DS   [-WA]
GS =0018 0000000000000000 ffffffff 00cf9300 DPL=0 DS   [-WA]
LDT=0000 0000000000000000 0000ffff 00008200 DPL=0 LDT
TR =0018 ffffffff80116ec0 00000067 00008900 DPL=0 TSS64-avl
GDT=     ffffffff80116f30 0000003f
IDT=     ffffffff8011c120 00000fff
CR0=80000011 CR2=0000000000000000 CR3=000000000011e000 CR4=00000020
DR0=0000000000000000 DR1=0000000000000000 DR2=0000000000000000 DR3=0000000000000000 
DR6=00000000ffff0ff0 DR7=0000000000000400
CCS=0000000000000044 CCD=0000000000000000 CCO=EFLAGS
EFER=0000000000000500
Servicing hardware INT=0x20
    53: v=20 e=0000 i=0 cpl=0 IP=0008:ffffffff801012ab pc=ffffffff801012ab SP=0010:ffffffff8011bfb0 env->regs[R_EAX]=0000000000000000
RAX=0000000000000000 RBX=000000000011e000 RCX=00000000000000f8 RDX=0000000000000f20
RSI=0000000000000f20 RDI=ffffffff8011bfcb RBP=ffffffff8011bff0 RSP=ffffffff8011bfb0
R8 =0000000000000000 R9 =0000000000000000 R10=0000000000000000 R11=0000000000000000
R12=0000000000000000 R13=0000000000000000 R14=0000000000000000 R15=0000000000000000
RIP=ffffffff801012ab RFL=00000246 [---Z-P-] CPL=0 II=0 A20=1 SMM=0 HLT=0
ES =0010 0000000000000000 ffffffff 00af9300 DPL=0 DS   [-WA]
CS =0008 0000000000000000 ffffffff 00af9a00 DPL=0 CS64 [-R-]
SS =0010 0000000000000000 ffffffff 00af9300 DPL=0 DS   [-WA]
DS =0010 0000000000000000 ffffffff 00af9300 DPL=0 DS   [-WA]
FS =0018 0000000000000000 ffffffff 00cf9300 DPL=0 DS   [-WA]
GS =0018 0000000000000000 ffffffff 00cf9300 DPL=0 DS   [-WA]
LDT=0000 0000000000000000 0000ffff 00008200 DPL=0 LDT
TR =0018 ffffffff80116ec0 00000067 00008900 DPL=0 TSS64-avl
GDT=     ffffffff80116f30 0000003f
IDT=     ffffffff8011c120 00000fff
CR0=80000011 CR2=0000000000000000 CR3=000000000011e000 CR4=00000020
DR0=0000000000000000 DR1=0000000000000000 DR2=0000000000000000 DR3=0000000000000000 
DR6=00000000ffff0ff0 DR7=0000000000000400
CCS=0000000000000044 CCD=0000000000000000 CCO=EFLAGS
EFER=0000000000000500
Servicing hardware INT=0x20
    54: v=20 e=0000 i=0 cpl=0 IP=0008:ffffffff801012ab pc=ffffffff801012ab SP=0010:ffffffff8011bfb0 env->regs[R_EAX]=0000000000000000
RAX=0000000000000000 RBX=000000000011e000 RCX=00000000000000f8 RDX=0000000000000f20
RSI=0000000000000f20 RDI=ffffffff8011bfcb RBP=ffffffff8011bff0 RSP=ffffffff8011bfb0
R8 =0000000000000000 R9 =0000000000000000 R10=0000000000000000 R11=0000000000000000
R12=0000000000000000 R13=0000000000000000 R14=0000000000000000 R15=0000000000000000
RIP=ffffffff801012ab RFL=00000246 [---Z-P-] CPL=0 II=0 A20=1 SMM=0 HLT=0
ES =0010 0000000000000000 ffffffff 00af9300 DPL=0 DS   [-WA]
CS =0008 0000000000000000 ffffffff 00af9a00 DPL=0 CS64 [-R-]
SS =0010 0000000000000000 ffffffff 00af9300 DPL=0 DS   [-WA]
DS =0010 0000000000000000 ffffffff 00af9300 DPL=0 DS   [-WA]
FS =0018 0000000000000000 ffffffff 00cf9300 DPL=0 DS   [-WA]
GS =0018 0000000000000000 ffffffff 00cf9300 DPL=0 DS   [-WA]
LDT=0000 0000000000000000 0000ffff 00008200 DPL=0 LDT
TR =0018 ffffffff80116ec0 00000067 00008900 DPL=0 TSS64-avl
GDT=     ffffffff80116f30 0000003f
IDT=     ffffffff8011c120 00000fff
CR0=80000011 CR2=0000000000000000 CR3=000000000011e000 CR4=00000020
DR0=0000000000000000 DR1=0000000000000000 DR2=0000000000000000 DR3=0000000000000000 
DR6=00000000ffff0ff0 DR7=0000000000000400
CCS=0000000000000044 CCD=0000000000000000 CCO=EFLAGS
EFER=0000000000000500
Servicing hardware INT=0x20
    55: v=20 e=0000 i=0 cpl=0 IP=0008:ffffffff801012ab pc=ffffffff801012ab SP=0010:ffffffff8011bfb0 env->regs[R_EAX]=0000000000000000
RAX=0000000000000000 RBX=000000000011e000 RCX=00000000000000f8 RDX=0000000000000f20
RSI=0000000000000f20 RDI=ffffffff8011bfcb RBP=ffffffff8011bff0 RSP=ffffffff8011bfb0
R8 =0000000000000000 R9 =0000000000000000 R10=0000000000000000 R11=0000000000000000
R12=0000000000000000 R13=0000000000000000 R14=0000000000000000 R15=0000000000000000
RIP=ffffffff801012ab RFL=00000246 [---Z-P-] CPL=0 II=0 A20=1 SMM=0 HLT=0
ES =0010 0000000000000000 ffffffff 00af9300 DPL=0 DS   [-WA]
CS =0008 0000000000000000 ffffffff 00af9a00 DPL=0 CS64 [-R-]
SS =0010 0000000000000000 ffffffff 00af9300 DPL=0 DS   [-WA]
DS =0010 0000000000000000 ffffffff 00af9300 DPL=0 DS   [-WA]
FS =0018 0000000000000000 ffffffff 00cf9300 DPL=0 DS   [-WA]
GS =0018 0000000000000000 ffffffff 00cf9300 DPL=0 DS   [-WA]
LDT=0000 0000000000000000 0000ffff 00008200 DPL=0 LDT
TR =0018 ffffffff80116ec0 00000067 00008900 DPL=0 TSS64-avl
GDT=     ffffffff80116f30 0000003f
IDT=     ffffffff8011c120 00000fff
CR0=80000011 CR2=0000000000000000 CR3=000000000011e000 CR4=00000020
DR0=0000000000000000 DR1=0000000000000000 DR2=0000000000000000 DR3=0000000000000000 
DR6=00000000ffff0ff0 DR7=0000000000000400
CCS=0000000000000044 CCD=0000000000000000 CCO=EFLAGS
EFER=0000000000000500
Servicing hardware INT=0x20
    56: v=20 e=0000 i=0 cpl=0 IP=0008:ffffffff801012ab pc=ffffffff801012ab SP=0010:ffffffff8011bfb0 env->regs[R_EAX]=0000000000000000
RAX=0000000000000000 RBX=000000000011e000 RCX=00000000000000f8 RDX=0000000000000f20
RSI=0000000000000f20 RDI=ffffffff8011bfcb RBP=ffffffff8011bff0 RSP=ffffffff8011bfb0
R8 =0000000000000000 R9 =0000000000000000 R10=0000000000000000 R11=0000000000000000
R12=0000000000000000 R13=0000000000000000 R14=0000000000000000 R15=0000000000000000
RIP=ffffffff801012ab RFL=00000246 [---Z-P-] CPL=0 II=0 A20=1 SMM=0 HLT=0
ES =0010 0000000000000000 ffffffff 00af9300 DPL=0 DS   [-WA]
CS =0008 0000000000000000 ffffffff 00af9a00 DPL=0 CS64 [-R-]
SS =0010 0000000000000000 ffffffff 00af9300 DPL=0 DS   [-WA]
DS =0010 0000000000000000 ffffffff 00af9300 DPL=0 DS   [-WA]
FS =0018 0000000000000000 ffffffff 00cf9300 DPL=0 DS   [-WA]
GS =0018 0000000000000000 ffffffff 00cf9300 DPL=0 DS   [-WA]
LDT=0000 0000000000000000 0000ffff 00008200 DPL=0 LDT
TR =0018 ffffffff80116ec0 00000067 00008900 DPL=0 TSS64-avl
GDT=     ffffffff80116f30 0000003f
IDT=     ffffffff8011c120 00000fff
CR0=80000011 CR2=0000000000000000 CR3=000000000011e000 CR4=00000020
DR0=0000000000000000 DR1=0000000000000000 DR2=0000000000000000 DR3=0000000000000000 
DR6=00000000ffff0ff0 DR7=0000000000000400
CCS=0000000000000044 CCD=0000000000000000 CCO=EFLAGS
EFER=0000000000000500
Servicing hardware INT=0x20
    57: v=20 e=0000 i=0 cpl=0 IP=0008:ffffffff801012ab pc=ffffffff801012ab SP=0010:ffffffff8011bfb0 env->regs[R_EAX]=0000000000000000
RAX=0000000000000000 RBX=000000000011e000 RCX=00000000000000f8 RDX=0000000000000f20
RSI=0000000000000f20 RDI=ffffffff8011bfcb RBP=ffffffff8011bff0 RSP=ffffffff8011bfb0
R8 =0000000000000000 R9 =0000000000000000 R10=0000000000000000 R11=0000000000000000
R12=0000000000000000 R13=0000000000000000 R14=0000000000000000 R15=0000000000000000
RIP=ffffffff801012ab RFL=00000246 [---Z-P-] CPL=0 II=0 A20=1 SMM=0 HLT=0
ES =0010 0000000000000000 ffffffff 00af9300 DPL=0 DS   [-WA]
CS =0008 0000000000000000 ffffffff 00af9a00 DPL=0 CS64 [-R-]
SS =0010 0000000000000000 ffffffff 00af9300 DPL=0 DS   [-WA]
DS =0010 0000000000000000 ffffffff 00af9300 DPL=0 DS   [-WA]
FS =0018 0000000000000000 ffffffff 00cf9300 DPL=0 DS   [-WA]
GS =0018 0000000000000000 ffffffff 00cf9300 DPL=0 DS   [-WA]
LDT=0000 0000000000000000 0000ffff 00008200 DPL=0 LDT
TR =0018 ffffffff80116ec0 00000067 00008900 DPL=0 TSS64-avl
GDT=     ffffffff80116f30 0000003f
IDT=     ffffffff8011c120 00000fff
CR0=80000011 CR2=0000000000000000 CR3=000000000011e000 CR4=00000020
DR0=0000000000000000 DR1=0000000000000000 DR2=0000000000000000 DR3=0000000000000000 
DR6=00000000ffff0ff0 DR7=0000000000000400
CCS=0000000000000044 CCD=0000000000000000 CCO=EFLAGS
EFER=0000000000000500
Servicing hardware INT=0x20
    58: v=20 e=0000 i=0 cpl=0 IP=0008:ffffffff801012ab pc=ffffffff801012ab SP=0010:ffffffff8011bfb0 env->regs[R_EAX]=0000000000000000
RAX=0000000000000000 RBX=000000000011e000 RCX=00000000000000f8 RDX=0000000000000f20
RSI=0000000000000f20 RDI=ffffffff8011bfcb RBP=ffffffff8011bff0 RSP=ffffffff8011bfb0
R8 =0000000000000000 R9 =0000000000000000 R10=0000000000000000 R11=0000000000000000
R12=0000000000000000 R13=0000000000000000 R14=0000000000000000 R15=0000000000000000
RIP=ffffffff801012ab RFL=00000246 [---Z-P-] CPL=0 II=0 A20=1 SMM=0 HLT=0
ES =0010 0000000000000000 ffffffff 00af9300 DPL=0 DS   [-WA]
CS =0008 0000000000000000 ffffffff 00af9a00 DPL=0 CS64 [-R-]
SS =0010 0000000000000000 ffffffff 00af9300 DPL=0 DS   [-WA]
DS =0010 0000000000000000 ffffffff 00af9300 DPL=0 DS   [-WA]
FS =0018 0000000000000000 ffffffff 00cf9300 DPL=0 DS   [-WA]
GS =0018 0000000000000000 ffffffff 00cf9300 DPL=0 DS   [-WA]
LDT=0000 0000000000000000 0000ffff 00008200 DPL=0 LDT
TR =0018 ffffffff80116ec0 00000067 00008900 DPL=0 TSS64-avl
GDT=     ffffffff80116f30 0000003f
IDT=     ffffffff8011c120 00000fff
CR0=80000011 CR2=0000000000000000 CR3=000000000011e000 CR4=00000020
DR0=0000000000000000 DR1=0000000000000000 DR2=0000000000000000 DR3=0000000000000000 
DR6=00000000ffff0ff0 DR7=0000000000000400
CCS=0000000000000044 CCD=0000000000000000 CCO=EFLAGS
EFER=0000000000000500
Servicing hardware INT=0x20
    59: v=20 e=0000 i=0 cpl=0 IP=0008:ffffffff801012ab pc=ffffffff801012ab SP=0010:ffffffff8011bfb0 env->regs[R_EAX]=0000000000000000
RAX=0000000000000000 RBX=000000000011e000 RCX=00000000000000f8 RDX=0000000000000f20
RSI=0000000000000f20 RDI=ffffffff8011bfcb RBP=ffffffff8011bff0 RSP=ffffffff8011bfb0
R8 =0000000000000000 R9 =0000000000000000 R10=0000000000000000 R11=0000000000000000
R12=0000000000000000 R13=0000000000000000 R14=0000000000000000 R15=0000000000000000
RIP=ffffffff801012ab RFL=00000246 [---Z-P-] CPL=0 II=0 A20=1 SMM=0 HLT=0
ES =0010 0000000000000000 ffffffff 00af9300 DPL=0 DS   [-WA]
CS =0008 0000000000000000 ffffffff 00af9a00 DPL=0 CS64 [-R-]
SS =0010 0000000000000000 ffffffff 00af9300 DPL=0 DS   [-WA]
DS =0010 0000000000000000 ffffffff 00af9300 DPL=0 DS   [-WA]
FS =0018 0000000000000000 ffffffff 00cf9300 DPL=0 DS   [-WA]
GS =0018 0000000000000000 ffffffff 00cf9300 DPL=0 DS   [-WA]
LDT=0000 0000000000000000 0000ffff 00008200 DPL=0 LDT
TR =0018 ffffffff80116ec0 00000067 00008900 DPL=0 TSS64-avl
GDT=     ffffffff80116f30 0000003f
IDT=     ffffffff8011c120 00000fff
CR0=80000011 CR2=0000000000000000 CR3=000000000011e000 CR4=00000020
DR0=0000000000000000 DR1=0000000000000000 DR2=0000000000000000 DR3=0000000000000000 
DR6=00000000ffff0ff0 DR7=0000000000000400
CCS=0000000000000044 CCD=0000000000000000 CCO=EFLAGS
EFER=0000000000000500
Servicing hardware INT=0x20
    60: v=20 e=0000 i=0 cpl=0 IP=0008:ffffffff801012ab pc=ffffffff801012ab SP=0010:ffffffff8011bfb0 env->regs[R_EAX]=0000000000000000
RAX=0000000000000000 RBX=000000000011e000 RCX=00000000000000f8 RDX=0000000000000f20
RSI=0000000000000f20 RDI=ffffffff8011bfcb RBP=ffffffff8011bff0 RSP=ffffffff8011bfb0
R8 =0000000000000000 R9 =0000000000000000 R10=0000000000000000 R11=0000000000000000
R12=0000000000000000 R13=0000000000000000 R14=0000000000000000 R15=0000000000000000
RIP=ffffffff801012ab RFL=00000246 [---Z-P-] CPL=0 II=0 A20=1 SMM=0 HLT=0
ES =0010 0000000000000000 ffffffff 00af9300 DPL=0 DS   [-WA]
CS =0008 0000000000000000 ffffffff 00af9a00 DPL=0 CS64 [-R-]
SS =0010 0000000000000000 ffffffff 00af9300 DPL=0 DS   [-WA]
DS =0010 0000000000000000 ffffffff 00af9300 DPL=0 DS   [-WA]
FS =0018 0000000000000000 ffffffff 00cf9300 DPL=0 DS   [-WA]
GS =0018 0000000000000000 ffffffff 00cf9300 DPL=0 DS   [-WA]
LDT=0000 0000000000000000 0000ffff 00008200 DPL=0 LDT
TR =0018 ffffffff80116ec0 00000067 00008900 DPL=0 TSS64-avl
GDT=     ffffffff80116f30 0000003f
IDT=     ffffffff8011c120 00000fff
CR0=80000011 CR2=0000000000000000 CR3=000000000011e000 CR4=00000020
DR0=0000000000000000 DR1=0000000000000000 DR2=0000000000000000 DR3=0000000000000000 
DR6=00000000ffff0ff0 DR7=0000000000000400
CCS=0000000000000044 CCD=0000000000000000 CCO=EFLAGS
EFER=0000000000000500
Servicing hardware INT=0x20
    61: v=20 e=0000 i=0 cpl=0 IP=0008:ffffffff801012ab pc=ffffffff801012ab SP=0010:ffffffff8011bfb0 env->regs[R_EAX]=0000000000000000
RAX=0000000000000000 RBX=000000000011e000 RCX=00000000000000f8 RDX=0000000000000f20
RSI=0000000000000f20 RDI=ffffffff8011bfcb RBP=ffffffff8011bff0 RSP=ffffffff8011bfb0
R8 =0000000000000000 R9 =0000000000000000 R10=0000000000000000 R11=0000000000000000
R12=0000000000000000 R13=0000000000000000 R14=0000000000000000 R15=0000000000000000
RIP=ffffffff801012ab RFL=00000246 [---Z-P-] CPL=0 II=0 A20=1 SMM=0 HLT=0
ES =0010 0000000000000000 ffffffff 00af9300 DPL=0 DS   [-WA]
CS =0008 0000000000000000 ffffffff 00af9a00 DPL=0 CS64 [-R-]
SS =0010 0000000000000000 ffffffff 00af9300 DPL=0 DS   [-WA]
DS =0010 0000000000000000 ffffffff 00af9300 DPL=0 DS   [-WA]
FS =0018 0000000000000000 ffffffff 00cf9300 DPL=0 DS   [-WA]
GS =0018 0000000000000000 ffffffff 00cf9300 DPL=0 DS   [-WA]
LDT=0000 0000000000000000 0000ffff 00008200 DPL=0 LDT
TR =0018 ffffffff80116ec0 00000067 00008900 DPL=0 TSS64-avl
GDT=     ffffffff80116f30 0000003f
IDT=     ffffffff8011c120 00000fff
CR0=80000011 CR2=0000000000000000 CR3=000000000011e000 CR4=00000020
DR0=0000000000000000 DR1=0000000000000000 DR2=0000000000000000 DR3=0000000000000000 
DR6=00000000ffff0ff0 DR7=0000000000000400
CCS=0000000000000044 CCD=0000000000000000 CCO=EFLAGS
EFER=0000000000000500
Servicing hardware INT=0x20
    62: v=20 e=0000 i=0 cpl=0 IP=0008:ffffffff801012ab pc=ffffffff801012ab SP=0010:ffffffff8011bfb0 env->regs[R_EAX]=0000000000000000
RAX=0000000000000000 RBX=000000000011e000 RCX=00000000000000f8 RDX=0000000000000f20
RSI=0000000000000f20 RDI=ffffffff8011bfcb RBP=ffffffff8011bff0 RSP=ffffffff8011bfb0
R8 =0000000000000000 R9 =0000000000000000 R10=0000000000000000 R11=0000000000000000
R12=0000000000000000 R13=0000000000000000 R14=0000000000000000 R15=0000000000000000
RIP=ffffffff801012ab RFL=00000246 [---Z-P-] CPL=0 II=0 A20=1 SMM=0 HLT=0
ES =0010 0000000000000000 ffffffff 00af9300 DPL=0 DS   [-WA]
CS =0008 0000000000000000 ffffffff 00af9a00 DPL=0 CS64 [-R-]
SS =0010 0000000000000000 ffffffff 00af9300 DPL=0 DS   [-WA]
DS =0010 0000000000000000 ffffffff 00af9300 DPL=0 DS   [-WA]
FS =0018 0000000000000000 ffffffff 00cf9300 DPL=0 DS   [-WA]
GS =0018 0000000000000000 ffffffff 00cf9300 DPL=0 DS   [-WA]
LDT=0000 0000000000000000 0000ffff 00008200 DPL=0 LDT
TR =0018 ffffffff80116ec0 00000067 00008900 DPL=0 TSS64-avl
GDT=     ffffffff80116f30 0000003f
IDT=     ffffffff8011c120 00000fff
CR0=80000011 CR2=0000000000000000 CR3=000000000011e000 CR4=00000020
DR0=0000000000000000 DR1=0000000000000000 DR2=0000000000000000 DR3=0000000000000000 
DR6=00000000ffff0ff0 DR7=0000000000000400
CCS=0000000000000044 CCD=0000000000000000 CCO=EFLAGS
EFER=0000000000000500
Servicing hardware INT=0x20
    63: v=20 e=0000 i=0 cpl=0 IP=0008:ffffffff801012ab pc=ffffffff801012ab SP=0010:ffffffff8011bfb0 env->regs[R_EAX]=0000000000000000
RAX=0000000000000000 RBX=000000000011e000 RCX=00000000000000f8 RDX=0000000000000f20
RSI=0000000000000f20 RDI=ffffffff8011bfcb RBP=ffffffff8011bff0 RSP=ffffffff8011bfb0
R8 =0000000000000000 R9 =0000000000000000 R10=0000000000000000 R11=0000000000000000
R12=0000000000000000 R13=0000000000000000 R14=0000000000000000 R15=0000000000000000
RIP=ffffffff801012ab RFL=00000246 [---Z-P-] CPL=0 II=0 A20=1 SMM=0 HLT=0
ES =0010 0000000000000000 ffffffff 00af9300 DPL=0 DS   [-WA]
CS =0008 0000000000000000 ffffffff 00af9a00 DPL=0 CS64 [-R-]
SS =0010 0000000000000000 ffffffff 00af9300 DPL=0 DS   [-WA]
DS =0010 0000000000000000 ffffffff 00af9300 DPL=0 DS   [-WA]
FS =0018 0000000000000000 ffffffff 00cf9300 DPL=0 DS   [-WA]
GS =0018 0000000000000000 ffffffff 00cf9300 DPL=0 DS   [-WA]
LDT=0000 0000000000000000 0000ffff 00008200 DPL=0 LDT
TR =0018 ffffffff80116ec0 00000067 00008900 DPL=0 TSS64-avl
GDT=     ffffffff80116f30 0000003f
IDT=     ffffffff8011c120 00000fff
CR0=80000011 CR2=0000000000000000 CR3=000000000011e000 CR4=00000020
DR0=0000000000000000 DR1=0000000000000000 DR2=0000000000000000 DR3=0000000000000000 
DR6=00000000ffff0ff0 DR7=0000000000000400
CCS=0000000000000044 CCD=0000000000000000 CCO=EFLAGS
EFER=0000000000000500
Servicing hardware INT=0x20
    64: v=20 e=0000 i=0 cpl=0 IP=0008:ffffffff801012ab pc=ffffffff801012ab SP=0010:ffffffff8011bfb0 env->regs[R_EAX]=0000000000000000
RAX=0000000000000000 RBX=000000000011e000 RCX=00000000000000f8 RDX=0000000000000f20
RSI=0000000000000f20 RDI=ffffffff8011bfcb RBP=ffffffff8011bff0 RSP=ffffffff8011bfb0
R8 =0000000000000000 R9 =0000000000000000 R10=0000000000000000 R11=0000000000000000
R12=0000000000000000 R13=0000000000000000 R14=0000000000000000 R15=0000000000000000
RIP=ffffffff801012ab RFL=00000246 [---Z-P-] CPL=0 II=0 A20=1 SMM=0 HLT=0
ES =0010 0000000000000000 ffffffff 00af9300 DPL=0 DS   [-WA]
CS =0008 0000000000000000 ffffffff 00af9a00 DPL=0 CS64 [-R-]
SS =0010 0000000000000000 ffffffff 00af9300 DPL=0 DS   [-WA]
DS =0010 0000000000000000 ffffffff 00af9300 DPL=0 DS   [-WA]
FS =0018 0000000000000000 ffffffff 00cf9300 DPL=0 DS   [-WA]
GS =0018 0000000000000000 ffffffff 00cf9300 DPL=0 DS   [-WA]
LDT=0000 0000000000000000 0000ffff 00008200 DPL=0 LDT
TR =0018 ffffffff80116ec0 00000067 00008900 DPL=0 TSS64-avl
GDT=     ffffffff80116f30 0000003f
IDT=     ffffffff8011c120 00000fff
CR0=80000011 CR2=0000000000000000 CR3=000000000011e000 CR4=00000020
DR0=0000000000000000 DR1=0000000000000000 DR2=0000000000000000 DR3=0000000000000000 
DR6=00000000ffff0ff0 DR7=0000000000000400
CCS=0000000000000044 CCD=0000000000000000 CCO=EFLAGS
EFER=0000000000000500
Servicing hardware INT=0x20
    65: v=20 e=0000 i=0 cpl=0 IP=0008:ffffffff801012ab pc=ffffffff801012ab SP=0010:ffffffff8011bfb0 env->regs[R_EAX]=0000000000000000
RAX=0000000000000000 RBX=000000000011e000 RCX=00000000000000f8 RDX=0000000000000f20
RSI=0000000000000f20 RDI=ffffffff8011bfcb RBP=ffffffff8011bff0 RSP=ffffffff8011bfb0
R8 =0000000000000000 R9 =0000000000000000 R10=0000000000000000 R11=0000000000000000
R12=0000000000000000 R13=0000000000000000 R14=0000000000000000 R15=0000000000000000
RIP=ffffffff801012ab RFL=00000246 [---Z-P-] CPL=0 II=0 A20=1 SMM=0 HLT=0
ES =0010 0000000000000000 ffffffff 00af9300 DPL=0 DS   [-WA]
CS =0008 0000000000000000 ffffffff 00af9a00 DPL=0 CS64 [-R-]
SS =0010 0000000000000000 ffffffff 00af9300 DPL=0 DS   [-WA]
DS =0010 0000000000000000 ffffffff 00af9300 DPL=0 DS   [-WA]
FS =0018 0000000000000000 ffffffff 00cf9300 DPL=0 DS   [-WA]
GS =0018 0000000000000000 ffffffff 00cf9300 DPL=0 DS   [-WA]
LDT=0000 0000000000000000 0000ffff 00008200 DPL=0 LDT
TR =0018 ffffffff80116ec0 00000067 00008900 DPL=0 TSS64-avl
GDT=     ffffffff80116f30 0000003f
IDT=     ffffffff8011c120 00000fff
CR0=80000011 CR2=0000000000000000 CR3=000000000011e000 CR4=00000020
DR0=0000000000000000 DR1=0000000000000000 DR2=0000000000000000 DR3=0000000000000000 
DR6=00000000ffff0ff0 DR7=0000000000000400
CCS=0000000000000044 CCD=0000000000000000 CCO=EFLAGS
EFER=0000000000000500
Servicing hardware INT=0x20
    66: v=20 e=0000 i=0 cpl=0 IP=0008:ffffffff801012ab pc=ffffffff801012ab SP=0010:ffffffff8011bfb0 env->regs[R_EAX]=0000000000000000
RAX=0000000000000000 RBX=000000000011e000 RCX=00000000000000f8 RDX=0000000000000f20
RSI=0000000000000f20 RDI=ffffffff8011bfcb RBP=ffffffff8011bff0 RSP=ffffffff8011bfb0
R8 =0000000000000000 R9 =0000000000000000 R10=0000000000000000 R11=0000000000000000
R12=0000000000000000 R13=0000000000000000 R14=0000000000000000 R15=0000000000000000
RIP=ffffffff801012ab RFL=00000246 [---Z-P-] CPL=0 II=0 A20=1 SMM=0 HLT=0
ES =0010 0000000000000000 ffffffff 00af9300 DPL=0 DS   [-WA]
CS =0008 0000000000000000 ffffffff 00af9a00 DPL=0 CS64 [-R-]
SS =0010 0000000000000000 ffffffff 00af9300 DPL=0 DS   [-WA]
DS =0010 0000000000000000 ffffffff 00af9300 DPL=0 DS   [-WA]
FS =0018 0000000000000000 ffffffff 00cf9300 DPL=0 DS   [-WA]
GS =0018 0000000000000000 ffffffff 00cf9300 DPL=0 DS   [-WA]
LDT=0000 0000000000000000 0000ffff 00008200 DPL=0 LDT
TR =0018 ffffffff80116ec0 00000067 00008900 DPL=0 TSS64-avl
GDT=     ffffffff80116f30 0000003f
IDT=     ffffffff8011c120 00000fff
CR0=80000011 CR2=0000000000000000 CR3=000000000011e000 CR4=00000020
DR0=0000000000000000 DR1=0000000000000000 DR2=0000000000000000 DR3=0000000000000000 
DR6=00000000ffff0ff0 DR7=0000000000000400
CCS=0000000000000044 CCD=0000000000000000 CCO=EFLAGS
EFER=0000000000000500
Servicing hardware INT=0x20
    67: v=20 e=0000 i=0 cpl=0 IP=0008:ffffffff801012ab pc=ffffffff801012ab SP=0010:ffffffff8011bfb0 env->regs[R_EAX]=0000000000000000
RAX=0000000000000000 RBX=000000000011e000 RCX=00000000000000f8 RDX=0000000000000f20
RSI=0000000000000f20 RDI=ffffffff8011bfcb RBP=ffffffff8011bff0 RSP=ffffffff8011bfb0
R8 =0000000000000000 R9 =0000000000000000 R10=0000000000000000 R11=0000000000000000
R12=0000000000000000 R13=0000000000000000 R14=0000000000000000 R15=0000000000000000
RIP=ffffffff801012ab RFL=00000246 [---Z-P-] CPL=0 II=0 A20=1 SMM=0 HLT=0
ES =0010 0000000000000000 ffffffff 00af9300 DPL=0 DS   [-WA]
CS =0008 0000000000000000 ffffffff 00af9a00 DPL=0 CS64 [-R-]
SS =0010 0000000000000000 ffffffff 00af9300 DPL=0 DS   [-WA]
DS =0010 0000000000000000 ffffffff 00af9300 DPL=0 DS   [-WA]
FS =0018 0000000000000000 ffffffff 00cf9300 DPL=0 DS   [-WA]
GS =0018 0000000000000000 ffffffff 00cf9300 DPL=0 DS   [-WA]
LDT=0000 0000000000000000 0000ffff 00008200 DPL=0 LDT
TR =0018 ffffffff80116ec0 00000067 00008900 DPL=0 TSS64-avl
GDT=     ffffffff80116f30 0000003f
IDT=     ffffffff8011c120 00000fff
CR0=80000011 CR2=0000000000000000 CR3=000000000011e000 CR4=00000020
DR0=0000000000000000 DR1=0000000000000000 DR2=0000000000000000 DR3=0000000000000000 
DR6=00000000ffff0ff0 DR7=0000000000000400
CCS=0000000000000044 CCD=0000000000000000 CCO=EFLAGS
EFER=0000000000000500
Servicing hardware INT=0x20
    68: v=20 e=0000 i=0 cpl=0 IP=0008:ffffffff801012ab pc=ffffffff801012ab SP=0010:ffffffff8011bfb0 env->regs[R_EAX]=0000000000000000
RAX=0000000000000000 RBX=000000000011e000 RCX=00000000000000f8 RDX=0000000000000f20
RSI=0000000000000f20 RDI=ffffffff8011bfcb RBP=ffffffff8011bff0 RSP=ffffffff8011bfb0
R8 =0000000000000000 R9 =0000000000000000 R10=0000000000000000 R11=0000000000000000
R12=0000000000000000 R13=0000000000000000 R14=0000000000000000 R15=0000000000000000
RIP=ffffffff801012ab RFL=00000246 [---Z-P-] CPL=0 II=0 A20=1 SMM=0 HLT=0
ES =0010 0000000000000000 ffffffff 00af9300 DPL=0 DS   [-WA]
CS =0008 0000000000000000 ffffffff 00af9a00 DPL=0 CS64 [-R-]
SS =0010 0000000000000000 ffffffff 00af9300 DPL=0 DS   [-WA]
DS =0010 0000000000000000 ffffffff 00af9300 DPL=0 DS   [-WA]
FS =0018 0000000000000000 ffffffff 00cf9300 DPL=0 DS   [-WA]
GS =0018 0000000000000000 ffffffff 00cf9300 DPL=0 DS   [-WA]
LDT=0000 0000000000000000 0000ffff 00008200 DPL=0 LDT
TR =0018 ffffffff80116ec0 00000067 00008900 DPL=0 TSS64-avl
GDT=     ffffffff80116f30 0000003f
IDT=     ffffffff8011c120 00000fff
CR0=80000011 CR2=0000000000000000 CR3=000000000011e000 CR4=00000020
DR0=0000000000000000 DR1=0000000000000000 DR2=0000000000000000 DR3=0000000000000000 
DR6=00000000ffff0ff0 DR7=0000000000000400
CCS=0000000000000044 CCD=0000000000000000 CCO=EFLAGS
EFER=0000000000000500
Servicing hardware INT=0x20
    69: v=20 e=0000 i=0 cpl=0 IP=0008:ffffffff801012ab pc=ffffffff801012ab SP=0010:ffffffff8011bfb0 env->regs[R_EAX]=0000000000000000
RAX=0000000000000000 RBX=000000000011e000 RCX=00000000000000f8 RDX=0000000000000f20
RSI=0000000000000f20 RDI=ffffffff8011bfcb RBP=ffffffff8011bff0 RSP=ffffffff8011bfb0
R8 =0000000000000000 R9 =0000000000000000 R10=0000000000000000 R11=0000000000000000
R12=0000000000000000 R13=0000000000000000 R14=0000000000000000 R15=0000000000000000
RIP=ffffffff801012ab RFL=00000246 [---Z-P-] CPL=0 II=0 A20=1 SMM=0 HLT=0
ES =0010 0000000000000000 ffffffff 00af9300 DPL=0 DS   [-WA]
CS =0008 0000000000000000 ffffffff 00af9a00 DPL=0 CS64 [-R-]
SS =0010 0000000000000000 ffffffff 00af9300 DPL=0 DS   [-WA]
DS =0010 0000000000000000 ffffffff 00af9300 DPL=0 DS   [-WA]
FS =0018 0000000000000000 ffffffff 00cf9300 DPL=0 DS   [-WA]
GS =0018 0000000000000000 ffffffff 00cf9300 DPL=0 DS   [-WA]
LDT=0000 0000000000000000 0000ffff 00008200 DPL=0 LDT
TR =0018 ffffffff80116ec0 00000067 00008900 DPL=0 TSS64-avl
GDT=     ffffffff80116f30 0000003f
IDT=     ffffffff8011c120 00000fff
CR0=80000011 CR2=0000000000000000 CR3=000000000011e000 CR4=00000020
DR0=0000000000000000 DR1=0000000000000000 DR2=0000000000000000 DR3=0000000000000000 
DR6=00000000ffff0ff0 DR7=0000000000000400
CCS=0000000000000044 CCD=0000000000000000 CCO=EFLAGS
EFER=0000000000000500
Servicing hardware INT=0x20
    70: v=20 e=0000 i=0 cpl=0 IP=0008:ffffffff801012ab pc=ffffffff801012ab SP=0010:ffffffff8011bfb0 env->regs[R_EAX]=0000000000000000
RAX=0000000000000000 RBX=000000000011e000 RCX=00000000000000f8 RDX=0000000000000f20
RSI=0000000000000f20 RDI=ffffffff8011bfcb RBP=ffffffff8011bff0 RSP=ffffffff8011bfb0
R8 =0000000000000000 R9 =0000000000000000 R10=0000000000000000 R11=0000000000000000
R12=0000000000000000 R13=0000000000000000 R14=0000000000000000 R15=0000000000000000
RIP=ffffffff801012ab RFL=00000246 [---Z-P-] CPL=0 II=0 A20=1 SMM=0 HLT=0
ES =0010 0000000000000000 ffffffff 00af9300 DPL=0 DS   [-WA]
CS =0008 0000000000000000 ffffffff 00af9a00 DPL=0 CS64 [-R-]
SS =0010 0000000000000000 ffffffff 00af9300 DPL=0 DS   [-WA]
DS =0010 0000000000000000 ffffffff 00af9300 DPL=0 DS   [-WA]
FS =0018 0000000000000000 ffffffff 00cf9300 DPL=0 DS   [-WA]
GS =0018 0000000000000000 ffffffff 00cf9300 DPL=0 DS   [-WA]
LDT=0000 0000000000000000 0000ffff 00008200 DPL=0 LDT
TR =0018 ffffffff80116ec0 00000067 00008900 DPL=0 TSS64-avl
GDT=     ffffffff80116f30 0000003f
IDT=     ffffffff8011c120 00000fff
CR0=80000011 CR2=0000000000000000 CR3=000000000011e000 CR4=00000020
DR0=0000000000000000 DR1=0000000000000000 DR2=0000000000000000 DR3=0000000000000000 
DR6=00000000ffff0ff0 DR7=0000000000000400
CCS=0000000000000044 CCD=0000000000000000 CCO=EFLAGS
EFER=0000000000000500
Servicing hardware INT=0x20
    71: v=20 e=0000 i=0 cpl=0 IP=0008:ffffffff801012ab pc=ffffffff801012ab SP=0010:ffffffff8011bfb0 env->regs[R_EAX]=0000000000000000
RAX=0000000000000000 RBX=000000000011e000 RCX=00000000000000f8 RDX=0000000000000f20
RSI=0000000000000f20 RDI=ffffffff8011bfcb RBP=ffffffff8011bff0 RSP=ffffffff8011bfb0
R8 =0000000000000000 R9 =0000000000000000 R10=0000000000000000 R11=0000000000000000
R12=0000000000000000 R13=0000000000000000 R14=0000000000000000 R15=0000000000000000
RIP=ffffffff801012ab RFL=00000246 [---Z-P-] CPL=0 II=0 A20=1 SMM=0 HLT=0
ES =0010 0000000000000000 ffffffff 00af9300 DPL=0 DS   [-WA]
CS =0008 0000000000000000 ffffffff 00af9a00 DPL=0 CS64 [-R-]
SS =0010 0000000000000000 ffffffff 00af9300 DPL=0 DS   [-WA]
DS =0010 0000000000000000 ffffffff 00af9300 DPL=0 DS   [-WA]
FS =0018 0000000000000000 ffffffff 00cf9300 DPL=0 DS   [-WA]
GS =0018 0000000000000000 ffffffff 00cf9300 DPL=0 DS   [-WA]
LDT=0000 0000000000000000 0000ffff 00008200 DPL=0 LDT
TR =0018 ffffffff80116ec0 00000067 00008900 DPL=0 TSS64-avl
GDT=     ffffffff80116f30 0000003f
IDT=     ffffffff8011c120 00000fff
CR0=80000011 CR2=0000000000000000 CR3=000000000011e000 CR4=00000020
DR0=0000000000000000 DR1=0000000000000000 DR2=0000000000000000 DR3=0000000000000000 
DR6=00000000ffff0ff0 DR7=0000000000000400
CCS=0000000000000044 CCD=0000000000000000 CCO=EFLAGS
EFER=0000000000000500
Servicing hardware INT=0x21
    72: v=21 e=0000 i=0 cpl=0 IP=0008:ffffffff801012ab pc=ffffffff801012ab SP=0010:ffffffff8011bfb0 env->regs[R_EAX]=0000000000000000
RAX=0000000000000000 RBX=000000000011e000 RCX=00000000000000f8 RDX=0000000000000f20
RSI=0000000000000f20 RDI=ffffffff8011bfcb RBP=ffffffff8011bff0 RSP=ffffffff8011bfb0
R8 =0000000000000000 R9 =0000000000000000 R10=0000000000000000 R11=0000000000000000
R12=0000000000000000 R13=0000000000000000 R14=0000000000000000 R15=0000000000000000
RIP=ffffffff801012ab RFL=00000246 [---Z-P-] CPL=0 II=0 A20=1 SMM=0 HLT=0
ES =0010 0000000000000000 ffffffff 00af9300 DPL=0 DS   [-WA]
CS =0008 0000000000000000 ffffffff 00af9a00 DPL=0 CS64 [-R-]
SS =0010 0000000000000000 ffffffff 00af9300 DPL=0 DS   [-WA]
DS =0010 0000000000000000 ffffffff 00af9300 DPL=0 DS   [-WA]
FS =0018 0000000000000000 ffffffff 00cf9300 DPL=0 DS   [-WA]
GS =0018 0000000000000000 ffffffff 00cf9300 DPL=0 DS   [-WA]
LDT=0000 0000000000000000 0000ffff 00008200 DPL=0 LDT
TR =0018 ffffffff80116ec0 00000067 00008900 DPL=0 TSS64-avl
GDT=     ffffffff80116f30 0000003f
IDT=     ffffffff8011c120 00000fff
CR0=80000011 CR2=0000000000000000 CR3=000000000011e000 CR4=00000020
DR0=0000000000000000 DR1=0000000000000000 DR2=0000000000000000 DR3=0000000000000000 
DR6=00000000ffff0ff0 DR7=0000000000000400
CCS=0000000000000044 CCD=0000000000000000 CCO=EFLAGS
EFER=0000000000000500
Servicing hardware INT=0x20
    73: v=20 e=0000 i=0 cpl=0 IP=0008:ffffffff801012ab pc=ffffffff801012ab SP=0010:ffffffff8011bfb0 env->regs[R_EAX]=0000000000000000
RAX=0000000000000000 RBX=000000000011e000 RCX=00000000000000f9 RDX=0000000000000f66
RSI=0000000000000f66 RDI=ffffffff8011bfcb RBP=ffffffff8011bff0 RSP=ffffffff8011bfb0
R8 =0000000000000000 R9 =0000000000000000 R10=0000000000000000 R11=0000000000000000
R12=0000000000000000 R13=0000000000000000 R14=0000000000000000 R15=0000000000000000
RIP=ffffffff801012ab RFL=00000246 [---Z-P-] CPL=0 II=0 A20=1 SMM=0 HLT=0
ES =0010 0000000000000000 ffffffff 00af9300 DPL=0 DS   [-WA]
CS =0008 0000000000000000 ffffffff 00af9a00 DPL=0 CS64 [-R-]
SS =0010 0000000000000000 ffffffff 00af9300 DPL=0 DS   [-WA]
DS =0010 0000000000000000 ffffffff 00af9300 DPL=0 DS   [-WA]
FS =0018 0000000000000000 ffffffff 00cf9300 DPL=0 DS   [-WA]
GS =0018 0000000000000000 ffffffff 00cf9300 DPL=0 DS   [-WA]
LDT=0000 0000000000000000 0000ffff 00008200 DPL=0 LDT
TR =0018 ffffffff80116ec0 00000067 00008900 DPL=0 TSS64-avl
GDT=     ffffffff80116f30 0000003f
IDT=     ffffffff8011c120 00000fff
CR0=80000011 CR2=0000000000000000 CR3=000000000011e000 CR4=00000020
DR0=0000000000000000 DR1=0000000000000000 DR2=0000000000000000 DR3=0000000000000000 
DR6=00000000ffff0ff0 DR7=0000000000000400
CCS=0000000000000044 CCD=0000000000000000 CCO=EFLAGS
EFER=0000000000000500
Servicing hardware INT=0x21
    74: v=21 e=0000 i=0 cpl=0 IP=0008:ffffffff801012ab pc=ffffffff801012ab SP=0010:ffffffff8011bfb0 env->regs[R_EAX]=0000000000000000
RAX=0000000000000000 RBX=000000000011e000 RCX=00000000000000f9 RDX=0000000000000f66
RSI=0000000000000f66 RDI=ffffffff8011bfcb RBP=ffffffff8011bff0 RSP=ffffffff8011bfb0
R8 =0000000000000000 R9 =0000000000000000 R10=0000000000000000 R11=0000000000000000
R12=0000000000000000 R13=0000000000000000 R14=0000000000000000 R15=0000000000000000
RIP=ffffffff801012ab RFL=00000246 [---Z-P-] CPL=0 II=0 A20=1 SMM=0 HLT=0
ES =0010 0000000000000000 ffffffff 00af9300 DPL=0 DS   [-WA]
CS =0008 0000000000000000 ffffffff 00af9a00 DPL=0 CS64 [-R-]
SS =0010 0000000000000000 ffffffff 00af9300 DPL=0 DS   [-WA]
DS =0010 0000000000000000 ffffffff 00af9300 DPL=0 DS   [-WA]
FS =0018 0000000000000000 ffffffff 00cf9300 DPL=0 DS   [-WA]
GS =0018 0000000000000000 ffffffff 00cf9300 DPL=0 DS   [-WA]
LDT=0000 0000000000000000 0000ffff 00008200 DPL=0 LDT
TR =0018 ffffffff80116ec0 00000067 00008900 DPL=0 TSS64-avl
GDT=     ffffffff80116f30 0000003f
IDT=     ffffffff8011c120 00000fff
CR0=80000011 CR2=0000000000000000 CR3=000000000011e000 CR4=00000020
DR0=0000000000000000 DR1=0000000000000000 DR2=0000000000000000 DR3=0000000000000000 
DR6=00000000ffff0ff0 DR7=0000000000000400
CCS=0000000000000044 CCD=0000000000000000 CCO=EFLAGS
EFER=0000000000000500
Servicing hardware INT=0x20
    75: v=20 e=0000 i=0 cpl=0 IP=0008:ffffffff801012ab pc=ffffffff801012ab SP=0010:ffffffff8011bfb0 env->regs[R_EAX]=0000000000000000
RAX=0000000000000000 RBX=000000000011e000 RCX=00000000000000f9 RDX=0000000000000f66
RSI=0000000000000f66 RDI=ffffffff8011bfcb RBP=ffffffff8011bff0 RSP=ffffffff8011bfb0
R8 =0000000000000000 R9 =0000000000000000 R10=0000000000000000 R11=0000000000000000
R12=0000000000000000 R13=0000000000000000 R14=0000000000000000 R15=0000000000000000
RIP=ffffffff801012ab RFL=00000246 [---Z-P-] CPL=0 II=0 A20=1 SMM=0 HLT=0
ES =0010 0000000000000000 ffffffff 00af9300 DPL=0 DS   [-WA]
CS =0008 0000000000000000 ffffffff 00af9a00 DPL=0 CS64 [-R-]
SS =0010 0000000000000000 ffffffff 00af9300 DPL=0 DS   [-WA]
DS =0010 0000000000000000 ffffffff 00af9300 DPL=0 DS   [-WA]
FS =0018 0000000000000000 ffffffff 00cf9300 DPL=0 DS   [-WA]
GS =0018 0000000000000000 ffffffff 00cf9300 DPL=0 DS   [-WA]
LDT=0000 0000000000000000 0000ffff 00008200 DPL=0 LDT
TR =0018 ffffffff80116ec0 00000067 00008900 DPL=0 TSS64-avl
GDT=     ffffffff80116f30 0000003f
IDT=     ffffffff8011c120 00000fff
CR0=80000011 CR2=0000000000000000 CR3=000000000011e000 CR4=00000020
DR0=0000000000000000 DR1=0000000000000000 DR2=0000000000000000 DR3=0000000000000000 
DR6=00000000ffff0ff0 DR7=0000000000000400
CCS=0000000000000044 CCD=0000000000000000 CCO=EFLAGS
EFER=0000000000000500
Servicing hardware INT=0x20
    76: v=20 e=0000 i=0 cpl=0 IP=0008:ffffffff801012ab pc=ffffffff801012ab SP=0010:ffffffff8011bfb0 env->regs[R_EAX]=0000000000000000
RAX=0000000000000000 RBX=000000000011e000 RCX=00000000000000f9 RDX=0000000000000f66
RSI=0000000000000f66 RDI=ffffffff8011bfcb RBP=ffffffff8011bff0 RSP=ffffffff8011bfb0
R8 =0000000000000000 R9 =0000000000000000 R10=0000000000000000 R11=0000000000000000
R12=0000000000000000 R13=0000000000000000 R14=0000000000000000 R15=0000000000000000
RIP=ffffffff801012ab RFL=00000246 [---Z-P-] CPL=0 II=0 A20=1 SMM=0 HLT=0
ES =0010 0000000000000000 ffffffff 00af9300 DPL=0 DS   [-WA]
CS =0008 0000000000000000 ffffffff 00af9a00 DPL=0 CS64 [-R-]
SS =0010 0000000000000000 ffffffff 00af9300 DPL=0 DS   [-WA]
DS =0010 0000000000000000 ffffffff 00af9300 DPL=0 DS   [-WA]
FS =0018 0000000000000000 ffffffff 00cf9300 DPL=0 DS   [-WA]
GS =0018 0000000000000000 ffffffff 00cf9300 DPL=0 DS   [-WA]
LDT=0000 0000000000000000 0000ffff 00008200 DPL=0 LDT
TR =0018 ffffffff80116ec0 00000067 00008900 DPL=0 TSS64-avl
GDT=     ffffffff80116f30 0000003f
IDT=     ffffffff8011c120 00000fff
CR0=80000011 CR2=0000000000000000 CR3=000000000011e000 CR4=00000020
DR0=0000000000000000 DR1=0000000000000000 DR2=0000000000000000 DR3=0000000000000000 
DR6=00000000ffff0ff0 DR7=0000000000000400
CCS=0000000000000044 CCD=0000000000000000 CCO=EFLAGS
EFER=0000000000000500
Servicing hardware INT=0x20
    77: v=20 e=0000 i=0 cpl=0 IP=0008:ffffffff801012ab pc=ffffffff801012ab SP=0010:ffffffff8011bfb0 env->regs[R_EAX]=0000000000000000
RAX=0000000000000000 RBX=000000000011e000 RCX=00000000000000f9 RDX=0000000000000f66
RSI=0000000000000f66 RDI=ffffffff8011bfcb RBP=ffffffff8011bff0 RSP=ffffffff8011bfb0
R8 =0000000000000000 R9 =0000000000000000 R10=0000000000000000 R11=0000000000000000
R12=0000000000000000 R13=0000000000000000 R14=0000000000000000 R15=0000000000000000
RIP=ffffffff801012ab RFL=00000246 [---Z-P-] CPL=0 II=0 A20=1 SMM=0 HLT=0
ES =0010 0000000000000000 ffffffff 00af9300 DPL=0 DS   [-WA]
CS =0008 0000000000000000 ffffffff 00af9a00 DPL=0 CS64 [-R-]
SS =0010 0000000000000000 ffffffff 00af9300 DPL=0 DS   [-WA]
DS =0010 0000000000000000 ffffffff 00af9300 DPL=0 DS   [-WA]
FS =0018 0000000000000000 ffffffff 00cf9300 DPL=0 DS   [-WA]
GS =0018 0000000000000000 ffffffff 00cf9300 DPL=0 DS   [-WA]
LDT=0000 0000000000000000 0000ffff 00008200 DPL=0 LDT
TR =0018 ffffffff80116ec0 00000067 00008900 DPL=0 TSS64-avl
GDT=     ffffffff80116f30 0000003f
IDT=     ffffffff8011c120 00000fff
CR0=80000011 CR2=0000000000000000 CR3=000000000011e000 CR4=00000020
DR0=0000000000000000 DR1=0000000000000000 DR2=0000000000000000 DR3=0000000000000000 
DR6=00000000ffff0ff0 DR7=0000000000000400
CCS=0000000000000044 CCD=0000000000000000 CCO=EFLAGS
EFER=0000000000000500
Servicing hardware INT=0x20
    78: v=20 e=0000 i=0 cpl=0 IP=0008:ffffffff801012ab pc=ffffffff801012ab SP=0010:ffffffff8011bfb0 env->regs[R_EAX]=0000000000000000
RAX=0000000000000000 RBX=000000000011e000 RCX=00000000000000f9 RDX=0000000000000f66
RSI=0000000000000f66 RDI=ffffffff8011bfcb RBP=ffffffff8011bff0 RSP=ffffffff8011bfb0
R8 =0000000000000000 R9 =0000000000000000 R10=0000000000000000 R11=0000000000000000
R12=0000000000000000 R13=0000000000000000 R14=0000000000000000 R15=0000000000000000
RIP=ffffffff801012ab RFL=00000246 [---Z-P-] CPL=0 II=0 A20=1 SMM=0 HLT=0
ES =0010 0000000000000000 ffffffff 00af9300 DPL=0 DS   [-WA]
CS =0008 0000000000000000 ffffffff 00af9a00 DPL=0 CS64 [-R-]
SS =0010 0000000000000000 ffffffff 00af9300 DPL=0 DS   [-WA]
DS =0010 0000000000000000 ffffffff 00af9300 DPL=0 DS   [-WA]
FS =0018 0000000000000000 ffffffff 00cf9300 DPL=0 DS   [-WA]
GS =0018 0000000000000000 ffffffff 00cf9300 DPL=0 DS   [-WA]
LDT=0000 0000000000000000 0000ffff 00008200 DPL=0 LDT
TR =0018 ffffffff80116ec0 00000067 00008900 DPL=0 TSS64-avl
GDT=     ffffffff80116f30 0000003f
IDT=     ffffffff8011c120 00000fff
CR0=80000011 CR2=0000000000000000 CR3=000000000011e000 CR4=00000020
DR0=0000000000000000 DR1=0000000000000000 DR2=0000000000000000 DR3=0000000000000000 
DR6=00000000ffff0ff0 DR7=0000000000000400
CCS=0000000000000044 CCD=0000000000000000 CCO=EFLAGS
EFER=0000000000000500
Servicing hardware INT=0x20
    79: v=20 e=0000 i=0 cpl=0 IP=0008:ffffffff801012ab pc=ffffffff801012ab SP=0010:ffffffff8011bfb0 env->regs[R_EAX]=0000000000000000
RAX=0000000000000000 RBX=000000000011e000 RCX=00000000000000f9 RDX=0000000000000f66
RSI=0000000000000f66 RDI=ffffffff8011bfcb RBP=ffffffff8011bff0 RSP=ffffffff8011bfb0
R8 =0000000000000000 R9 =0000000000000000 R10=0000000000000000 R11=0000000000000000
R12=0000000000000000 R13=0000000000000000 R14=0000000000000000 R15=0000000000000000
RIP=ffffffff801012ab RFL=00000246 [---Z-P-] CPL=0 II=0 A20=1 SMM=0 HLT=0
ES =0010 0000000000000000 ffffffff 00af9300 DPL=0 DS   [-WA]
CS =0008 0000000000000000 ffffffff 00af9a00 DPL=0 CS64 [-R-]
SS =0010 0000000000000000 ffffffff 00af9300 DPL=0 DS   [-WA]
DS =0010 0000000000000000 ffffffff 00af9300 DPL=0 DS   [-WA]
FS =0018 0000000000000000 ffffffff 00cf9300 DPL=0 DS   [-WA]
GS =0018 0000000000000000 ffffffff 00cf9300 DPL=0 DS   [-WA]
LDT=0000 0000000000000000 0000ffff 00008200 DPL=0 LDT
TR =0018 ffffffff80116ec0 00000067 00008900 DPL=0 TSS64-avl
GDT=     ffffffff80116f30 0000003f
IDT=     ffffffff8011c120 00000fff
CR0=80000011 CR2=0000000000000000 CR3=000000000011e000 CR4=00000020
DR0=0000000000000000 DR1=0000000000000000 DR2=0000000000000000 DR3=0000000000000000 
DR6=00000000ffff0ff0 DR7=0000000000000400
CCS=0000000000000044 CCD=0000000000000000 CCO=EFLAGS
EFER=0000000000000500
Servicing hardware INT=0x20
    80: v=20 e=0000 i=0 cpl=0 IP=0008:ffffffff801012ab pc=ffffffff801012ab SP=0010:ffffffff8011bfb0 env->regs[R_EAX]=0000000000000000
RAX=0000000000000000 RBX=000000000011e000 RCX=00000000000000f9 RDX=0000000000000f66
RSI=0000000000000f66 RDI=ffffffff8011bfcb RBP=ffffffff8011bff0 RSP=ffffffff8011bfb0
R8 =0000000000000000 R9 =0000000000000000 R10=0000000000000000 R11=0000000000000000
R12=0000000000000000 R13=0000000000000000 R14=0000000000000000 R15=0000000000000000
RIP=ffffffff801012ab RFL=00000246 [---Z-P-] CPL=0 II=0 A20=1 SMM=0 HLT=0
ES =0010 0000000000000000 ffffffff 00af9300 DPL=0 DS   [-WA]
CS =0008 0000000000000000 ffffffff 00af9a00 DPL=0 CS64 [-R-]
SS =0010 0000000000000000 ffffffff 00af9300 DPL=0 DS   [-WA]
DS =0010 0000000000000000 ffffffff 00af9300 DPL=0 DS   [-WA]
FS =0018 0000000000000000 ffffffff 00cf9300 DPL=0 DS   [-WA]
GS =0018 0000000000000000 ffffffff 00cf9300 DPL=0 DS   [-WA]
LDT=0000 0000000000000000 0000ffff 00008200 DPL=0 LDT
TR =0018 ffffffff80116ec0 00000067 00008900 DPL=0 TSS64-avl
GDT=     ffffffff80116f30 0000003f
IDT=     ffffffff8011c120 00000fff
CR0=80000011 CR2=0000000000000000 CR3=000000000011e000 CR4=00000020
DR0=0000000000000000 DR1=0000000000000000 DR2=0000000000000000 DR3=0000000000000000 
DR6=00000000ffff0ff0 DR7=0000000000000400
CCS=0000000000000044 CCD=0000000000000000 CCO=EFLAGS
EFER=0000000000000500
Servicing hardware INT=0x20
    81: v=20 e=0000 i=0 cpl=0 IP=0008:ffffffff801012ab pc=ffffffff801012ab SP=0010:ffffffff8011bfb0 env->regs[R_EAX]=0000000000000000
RAX=0000000000000000 RBX=000000000011e000 RCX=00000000000000f9 RDX=0000000000000f66
RSI=0000000000000f66 RDI=ffffffff8011bfcb RBP=ffffffff8011bff0 RSP=ffffffff8011bfb0
R8 =0000000000000000 R9 =0000000000000000 R10=0000000000000000 R11=0000000000000000
R12=0000000000000000 R13=0000000000000000 R14=0000000000000000 R15=0000000000000000
RIP=ffffffff801012ab RFL=00000246 [---Z-P-] CPL=0 II=0 A20=1 SMM=0 HLT=0
ES =0010 0000000000000000 ffffffff 00af9300 DPL=0 DS   [-WA]
CS =0008 0000000000000000 ffffffff 00af9a00 DPL=0 CS64 [-R-]
SS =0010 0000000000000000 ffffffff 00af9300 DPL=0 DS   [-WA]
DS =0010 0000000000000000 ffffffff 00af9300 DPL=0 DS   [-WA]
FS =0018 0000000000000000 ffffffff 00cf9300 DPL=0 DS   [-WA]
GS =0018 0000000000000000 ffffffff 00cf9300 DPL=0 DS   [-WA]
LDT=0000 0000000000000000 0000ffff 00008200 DPL=0 LDT
TR =0018 ffffffff80116ec0 00000067 00008900 DPL=0 TSS64-avl
GDT=     ffffffff80116f30 0000003f
IDT=     ffffffff8011c120 00000fff
CR0=80000011 CR2=0000000000000000 CR3=000000000011e000 CR4=00000020
DR0=0000000000000000 DR1=0000000000000000 DR2=0000000000000000 DR3=0000000000000000 
DR6=00000000ffff0ff0 DR7=0000000000000400
CCS=0000000000000044 CCD=0000000000000000 CCO=EFLAGS
EFER=0000000000000500
Servicing hardware INT=0x20
    82: v=20 e=0000 i=0 cpl=0 IP=0008:ffffffff801012ab pc=ffffffff801012ab SP=0010:ffffffff8011bfb0 env->regs[R_EAX]=0000000000000000
RAX=0000000000000000 RBX=000000000011e000 RCX=00000000000000f9 RDX=0000000000000f66
RSI=0000000000000f66 RDI=ffffffff8011bfcb RBP=ffffffff8011bff0 RSP=ffffffff8011bfb0
R8 =0000000000000000 R9 =0000000000000000 R10=0000000000000000 R11=0000000000000000
R12=0000000000000000 R13=0000000000000000 R14=0000000000000000 R15=0000000000000000
RIP=ffffffff801012ab RFL=00000246 [---Z-P-] CPL=0 II=0 A20=1 SMM=0 HLT=0
ES =0010 0000000000000000 ffffffff 00af9300 DPL=0 DS   [-WA]
CS =0008 0000000000000000 ffffffff 00af9a00 DPL=0 CS64 [-R-]
SS =0010 0000000000000000 ffffffff 00af9300 DPL=0 DS   [-WA]
DS =0010 0000000000000000 ffffffff 00af9300 DPL=0 DS   [-WA]
FS =0018 0000000000000000 ffffffff 00cf9300 DPL=0 DS   [-WA]
GS =0018 0000000000000000 ffffffff 00cf9300 DPL=0 DS   [-WA]
LDT=0000 0000000000000000 0000ffff 00008200 DPL=0 LDT
TR =0018 ffffffff80116ec0 00000067 00008900 DPL=0 TSS64-avl
GDT=     ffffffff80116f30 0000003f
IDT=     ffffffff8011c120 00000fff
CR0=80000011 CR2=0000000000000000 CR3=000000000011e000 CR4=00000020
DR0=0000000000000000 DR1=0000000000000000 DR2=0000000000000000 DR3=0000000000000000 
DR6=00000000ffff0ff0 DR7=0000000000000400
CCS=0000000000000044 CCD=0000000000000000 CCO=EFLAGS
EFER=0000000000000500
Servicing hardware INT=0x20
    83: v=20 e=0000 i=0 cpl=0 IP=0008:ffffffff801012ab pc=ffffffff801012ab SP=0010:ffffffff8011bfb0 env->regs[R_EAX]=0000000000000000
RAX=0000000000000000 RBX=000000000011e000 RCX=00000000000000f9 RDX=0000000000000f66
RSI=0000000000000f66 RDI=ffffffff8011bfcb RBP=ffffffff8011bff0 RSP=ffffffff8011bfb0
R8 =0000000000000000 R9 =0000000000000000 R10=0000000000000000 R11=0000000000000000
R12=0000000000000000 R13=0000000000000000 R14=0000000000000000 R15=0000000000000000
RIP=ffffffff801012ab RFL=00000246 [---Z-P-] CPL=0 II=0 A20=1 SMM=0 HLT=0
ES =0010 0000000000000000 ffffffff 00af9300 DPL=0 DS   [-WA]
CS =0008 0000000000000000 ffffffff 00af9a00 DPL=0 CS64 [-R-]
SS =0010 0000000000000000 ffffffff 00af9300 DPL=0 DS   [-WA]
DS =0010 0000000000000000 ffffffff 00af9300 DPL=0 DS   [-WA]
FS =0018 0000000000000000 ffffffff 00cf9300 DPL=0 DS   [-WA]
GS =0018 0000000000000000 ffffffff 00cf9300 DPL=0 DS   [-WA]
LDT=0000 0000000000000000 0000ffff 00008200 DPL=0 LDT
TR =0018 ffffffff80116ec0 00000067 00008900 DPL=0 TSS64-avl
GDT=     ffffffff80116f30 0000003f
IDT=     ffffffff8011c120 00000fff
CR0=80000011 CR2=0000000000000000 CR3=000000000011e000 CR4=00000020
DR0=0000000000000000 DR1=0000000000000000 DR2=0000000000000000 DR3=0000000000000000 
DR6=00000000ffff0ff0 DR7=0000000000000400
CCS=0000000000000044 CCD=0000000000000000 CCO=EFLAGS
EFER=0000000000000500
Servicing hardware INT=0x20
    84: v=20 e=0000 i=0 cpl=0 IP=0008:ffffffff801012ab pc=ffffffff801012ab SP=0010:ffffffff8011bfb0 env->regs[R_EAX]=0000000000000000
RAX=0000000000000000 RBX=000000000011e000 RCX=00000000000000f9 RDX=0000000000000f66
RSI=0000000000000f66 RDI=ffffffff8011bfcb RBP=ffffffff8011bff0 RSP=ffffffff8011bfb0
R8 =0000000000000000 R9 =0000000000000000 R10=0000000000000000 R11=0000000000000000
R12=0000000000000000 R13=0000000000000000 R14=0000000000000000 R15=0000000000000000
RIP=ffffffff801012ab RFL=00000246 [---Z-P-] CPL=0 II=0 A20=1 SMM=0 HLT=0
ES =0010 0000000000000000 ffffffff 00af9300 DPL=0 DS   [-WA]
CS =0008 0000000000000000 ffffffff 00af9a00 DPL=0 CS64 [-R-]
SS =0010 0000000000000000 ffffffff 00af9300 DPL=0 DS   [-WA]
DS =0010 0000000000000000 ffffffff 00af9300 DPL=0 DS   [-WA]
FS =0018 0000000000000000 ffffffff 00cf9300 DPL=0 DS   [-WA]
GS =0018 0000000000000000 ffffffff 00cf9300 DPL=0 DS   [-WA]
LDT=0000 0000000000000000 0000ffff 00008200 DPL=0 LDT
TR =0018 ffffffff80116ec0 00000067 00008900 DPL=0 TSS64-avl
GDT=     ffffffff80116f30 0000003f
IDT=     ffffffff8011c120 00000fff
CR0=80000011 CR2=0000000000000000 CR3=000000000011e000 CR4=00000020
DR0=0000000000000000 DR1=0000000000000000 DR2=0000000000000000 DR3=0000000000000000 
DR6=00000000ffff0ff0 DR7=0000000000000400
CCS=0000000000000044 CCD=0000000000000000 CCO=EFLAGS
EFER=0000000000000500
Servicing hardware INT=0x20
    85: v=20 e=0000 i=0 cpl=0 IP=0008:ffffffff801012ab pc=ffffffff801012ab SP=0010:ffffffff8011bfb0 env->regs[R_EAX]=0000000000000000
RAX=0000000000000000 RBX=000000000011e000 RCX=00000000000000f9 RDX=0000000000000f66
RSI=0000000000000f66 RDI=ffffffff8011bfcb RBP=ffffffff8011bff0 RSP=ffffffff8011bfb0
R8 =0000000000000000 R9 =0000000000000000 R10=0000000000000000 R11=0000000000000000
R12=0000000000000000 R13=0000000000000000 R14=0000000000000000 R15=0000000000000000
RIP=ffffffff801012ab RFL=00000246 [---Z-P-] CPL=0 II=0 A20=1 SMM=0 HLT=0
ES =0010 0000000000000000 ffffffff 00af9300 DPL=0 DS   [-WA]
CS =0008 0000000000000000 ffffffff 00af9a00 DPL=0 CS64 [-R-]
SS =0010 0000000000000000 ffffffff 00af9300 DPL=0 DS   [-WA]
DS =0010 0000000000000000 ffffffff 00af9300 DPL=0 DS   [-WA]
FS =0018 0000000000000000 ffffffff 00cf9300 DPL=0 DS   [-WA]
GS =0018 0000000000000000 ffffffff 00cf9300 DPL=0 DS   [-WA]
LDT=0000 0000000000000000 0000ffff 00008200 DPL=0 LDT
TR =0018 ffffffff80116ec0 00000067 00008900 DPL=0 TSS64-avl
GDT=     ffffffff80116f30 0000003f
IDT=     ffffffff8011c120 00000fff
CR0=80000011 CR2=0000000000000000 CR3=000000000011e000 CR4=00000020
DR0=0000000000000000 DR1=0000000000000000 DR2=0000000000000000 DR3=0000000000000000 
DR6=00000000ffff0ff0 DR7=0000000000000400
CCS=0000000000000044 CCD=0000000000000000 CCO=EFLAGS
EFER=0000000000000500
Servicing hardware INT=0x20
    86: v=20 e=0000 i=0 cpl=0 IP=0008:ffffffff801012ab pc=ffffffff801012ab SP=0010:ffffffff8011bfb0 env->regs[R_EAX]=0000000000000000
RAX=0000000000000000 RBX=000000000011e000 RCX=00000000000000f9 RDX=0000000000000f66
RSI=0000000000000f66 RDI=ffffffff8011bfcb RBP=ffffffff8011bff0 RSP=ffffffff8011bfb0
R8 =0000000000000000 R9 =0000000000000000 R10=0000000000000000 R11=0000000000000000
R12=0000000000000000 R13=0000000000000000 R14=0000000000000000 R15=0000000000000000
RIP=ffffffff801012ab RFL=00000246 [---Z-P-] CPL=0 II=0 A20=1 SMM=0 HLT=0
ES =0010 0000000000000000 ffffffff 00af9300 DPL=0 DS   [-WA]
CS =0008 0000000000000000 ffffffff 00af9a00 DPL=0 CS64 [-R-]
SS =0010 0000000000000000 ffffffff 00af9300 DPL=0 DS   [-WA]
DS =0010 0000000000000000 ffffffff 00af9300 DPL=0 DS   [-WA]
FS =0018 0000000000000000 ffffffff 00cf9300 DPL=0 DS   [-WA]
GS =0018 0000000000000000 ffffffff 00cf9300 DPL=0 DS   [-WA]
LDT=0000 0000000000000000 0000ffff 00008200 DPL=0 LDT
TR =0018 ffffffff80116ec0 00000067 00008900 DPL=0 TSS64-avl
GDT=     ffffffff80116f30 0000003f
IDT=     ffffffff8011c120 00000fff
CR0=80000011 CR2=0000000000000000 CR3=000000000011e000 CR4=00000020
DR0=0000000000000000 DR1=0000000000000000 DR2=0000000000000000 DR3=0000000000000000 
DR6=00000000ffff0ff0 DR7=0000000000000400
CCS=0000000000000044 CCD=0000000000000000 CCO=EFLAGS
EFER=0000000000000500
Servicing hardware INT=0x20
    87: v=20 e=0000 i=0 cpl=0 IP=0008:ffffffff801012ab pc=ffffffff801012ab SP=0010:ffffffff8011bfb0 env->regs[R_EAX]=0000000000000000
RAX=0000000000000000 RBX=000000000011e000 RCX=00000000000000f9 RDX=0000000000000f66
RSI=0000000000000f66 RDI=ffffffff8011bfcb RBP=ffffffff8011bff0 RSP=ffffffff8011bfb0
R8 =0000000000000000 R9 =0000000000000000 R10=0000000000000000 R11=0000000000000000
R12=0000000000000000 R13=0000000000000000 R14=0000000000000000 R15=0000000000000000
RIP=ffffffff801012ab RFL=00000246 [---Z-P-] CPL=0 II=0 A20=1 SMM=0 HLT=0
ES =0010 0000000000000000 ffffffff 00af9300 DPL=0 DS   [-WA]
CS =0008 0000000000000000 ffffffff 00af9a00 DPL=0 CS64 [-R-]
SS =0010 0000000000000000 ffffffff 00af9300 DPL=0 DS   [-WA]
DS =0010 0000000000000000 ffffffff 00af9300 DPL=0 DS   [-WA]
FS =0018 0000000000000000 ffffffff 00cf9300 DPL=0 DS   [-WA]
GS =0018 0000000000000000 ffffffff 00cf9300 DPL=0 DS   [-WA]
LDT=0000 0000000000000000 0000ffff 00008200 DPL=0 LDT
TR =0018 ffffffff80116ec0 00000067 00008900 DPL=0 TSS64-avl
GDT=     ffffffff80116f30 0000003f
IDT=     ffffffff8011c120 00000fff
CR0=80000011 CR2=0000000000000000 CR3=000000000011e000 CR4=00000020
DR0=0000000000000000 DR1=0000000000000000 DR2=0000000000000000 DR3=0000000000000000 
DR6=00000000ffff0ff0 DR7=0000000000000400
CCS=0000000000000044 CCD=0000000000000000 CCO=EFLAGS
EFER=0000000000000500
Servicing hardware INT=0x20
    88: v=20 e=0000 i=0 cpl=0 IP=0008:ffffffff801012ab pc=ffffffff801012ab SP=0010:ffffffff8011bfb0 env->regs[R_EAX]=0000000000000000
RAX=0000000000000000 RBX=000000000011e000 RCX=00000000000000f9 RDX=0000000000000f66
RSI=0000000000000f66 RDI=ffffffff8011bfcb RBP=ffffffff8011bff0 RSP=ffffffff8011bfb0
R8 =0000000000000000 R9 =0000000000000000 R10=0000000000000000 R11=0000000000000000
R12=0000000000000000 R13=0000000000000000 R14=0000000000000000 R15=0000000000000000
RIP=ffffffff801012ab RFL=00000246 [---Z-P-] CPL=0 II=0 A20=1 SMM=0 HLT=0
ES =0010 0000000000000000 ffffffff 00af9300 DPL=0 DS   [-WA]
CS =0008 0000000000000000 ffffffff 00af9a00 DPL=0 CS64 [-R-]
SS =0010 0000000000000000 ffffffff 00af9300 DPL=0 DS   [-WA]
DS =0010 0000000000000000 ffffffff 00af9300 DPL=0 DS   [-WA]
FS =0018 0000000000000000 ffffffff 00cf9300 DPL=0 DS   [-WA]
GS =0018 0000000000000000 ffffffff 00cf9300 DPL=0 DS   [-WA]
LDT=0000 0000000000000000 0000ffff 00008200 DPL=0 LDT
TR =0018 ffffffff80116ec0 00000067 00008900 DPL=0 TSS64-avl
GDT=     ffffffff80116f30 0000003f
IDT=     ffffffff8011c120 00000fff
CR0=80000011 CR2=0000000000000000 CR3=000000000011e000 CR4=00000020
DR0=0000000000000000 DR1=0000000000000000 DR2=0000000000000000 DR3=0000000000000000 
DR6=00000000ffff0ff0 DR7=0000000000000400
CCS=0000000000000044 CCD=0000000000000000 CCO=EFLAGS
EFER=0000000000000500
Servicing hardware INT=0x20
    89: v=20 e=0000 i=0 cpl=0 IP=0008:ffffffff801012ab pc=ffffffff801012ab SP=0010:ffffffff8011bfb0 env->regs[R_EAX]=0000000000000000
RAX=0000000000000000 RBX=000000000011e000 RCX=00000000000000f9 RDX=0000000000000f66
RSI=0000000000000f66 RDI=ffffffff8011bfcb RBP=ffffffff8011bff0 RSP=ffffffff8011bfb0
R8 =0000000000000000 R9 =0000000000000000 R10=0000000000000000 R11=0000000000000000
R12=0000000000000000 R13=0000000000000000 R14=0000000000000000 R15=0000000000000000
RIP=ffffffff801012ab RFL=00000246 [---Z-P-] CPL=0 II=0 A20=1 SMM=0 HLT=0
ES =0010 0000000000000000 ffffffff 00af9300 DPL=0 DS   [-WA]
CS =0008 0000000000000000 ffffffff 00af9a00 DPL=0 CS64 [-R-]
SS =0010 0000000000000000 ffffffff 00af9300 DPL=0 DS   [-WA]
DS =0010 0000000000000000 ffffffff 00af9300 DPL=0 DS   [-WA]
FS =0018 0000000000000000 ffffffff 00cf9300 DPL=0 DS   [-WA]
GS =0018 0000000000000000 ffffffff 00cf9300 DPL=0 DS   [-WA]
LDT=0000 0000000000000000 0000ffff 00008200 DPL=0 LDT
TR =0018 ffffffff80116ec0 00000067 00008900 DPL=0 TSS64-avl
GDT=     ffffffff80116f30 0000003f
IDT=     ffffffff8011c120 00000fff
CR0=80000011 CR2=0000000000000000 CR3=000000000011e000 CR4=00000020
DR0=0000000000000000 DR1=0000000000000000 DR2=0000000000000000 DR3=0000000000000000 
DR6=00000000ffff0ff0 DR7=0000000000000400
CCS=0000000000000044 CCD=0000000000000000 CCO=EFLAGS
EFER=0000000000000500
Servicing hardware INT=0x20
    90: v=20 e=0000 i=0 cpl=0 IP=0008:ffffffff801012ab pc=ffffffff801012ab SP=0010:ffffffff8011bfb0 env->regs[R_EAX]=0000000000000000
RAX=0000000000000000 RBX=000000000011e000 RCX=00000000000000f9 RDX=0000000000000f66
RSI=0000000000000f66 RDI=ffffffff8011bfcb RBP=ffffffff8011bff0 RSP=ffffffff8011bfb0
R8 =0000000000000000 R9 =0000000000000000 R10=0000000000000000 R11=0000000000000000
R12=0000000000000000 R13=0000000000000000 R14=0000000000000000 R15=0000000000000000
RIP=ffffffff801012ab RFL=00000246 [---Z-P-] CPL=0 II=0 A20=1 SMM=0 HLT=0
ES =0010 0000000000000000 ffffffff 00af9300 DPL=0 DS   [-WA]
CS =0008 0000000000000000 ffffffff 00af9a00 DPL=0 CS64 [-R-]
SS =0010 0000000000000000 ffffffff 00af9300 DPL=0 DS   [-WA]
DS =0010 0000000000000000 ffffffff 00af9300 DPL=0 DS   [-WA]
FS =0018 0000000000000000 ffffffff 00cf9300 DPL=0 DS   [-WA]
GS =0018 0000000000000000 ffffffff 00cf9300 DPL=0 DS   [-WA]
LDT=0000 0000000000000000 0000ffff 00008200 DPL=0 LDT
TR =0018 ffffffff80116ec0 00000067 00008900 DPL=0 TSS64-avl
GDT=     ffffffff80116f30 0000003f
IDT=     ffffffff8011c120 00000fff
CR0=80000011 CR2=0000000000000000 CR3=000000000011e000 CR4=00000020
DR0=0000000000000000 DR1=0000000000000000 DR2=0000000000000000 DR3=0000000000000000 
DR6=00000000ffff0ff0 DR7=0000000000000400
CCS=0000000000000044 CCD=0000000000000000 CCO=EFLAGS
EFER=0000000000000500
Servicing hardware INT=0x20
    91: v=20 e=0000 i=0 cpl=0 IP=0008:ffffffff801012ab pc=ffffffff801012ab SP=0010:ffffffff8011bfb0 env->regs[R_EAX]=0000000000000000
RAX=0000000000000000 RBX=000000000011e000 RCX=00000000000000f9 RDX=0000000000000f66
RSI=0000000000000f66 RDI=ffffffff8011bfcb RBP=ffffffff8011bff0 RSP=ffffffff8011bfb0
R8 =0000000000000000 R9 =0000000000000000 R10=0000000000000000 R11=0000000000000000
R12=0000000000000000 R13=0000000000000000 R14=0000000000000000 R15=0000000000000000
RIP=ffffffff801012ab RFL=00000246 [---Z-P-] CPL=0 II=0 A20=1 SMM=0 HLT=0
ES =0010 0000000000000000 ffffffff 00af9300 DPL=0 DS   [-WA]
CS =0008 0000000000000000 ffffffff 00af9a00 DPL=0 CS64 [-R-]
SS =0010 0000000000000000 ffffffff 00af9300 DPL=0 DS   [-WA]
DS =0010 0000000000000000 ffffffff 00af9300 DPL=0 DS   [-WA]
FS =0018 0000000000000000 ffffffff 00cf9300 DPL=0 DS   [-WA]
GS =0018 0000000000000000 ffffffff 00cf9300 DPL=0 DS   [-WA]
LDT=0000 0000000000000000 0000ffff 00008200 DPL=0 LDT
TR =0018 ffffffff80116ec0 00000067 00008900 DPL=0 TSS64-avl
GDT=     ffffffff80116f30 0000003f
IDT=     ffffffff8011c120 00000fff
CR0=80000011 CR2=0000000000000000 CR3=000000000011e000 CR4=00000020
DR0=0000000000000000 DR1=0000000000000000 DR2=0000000000000000 DR3=0000000000000000 
DR6=00000000ffff0ff0 DR7=0000000000000400
CCS=0000000000000044 CCD=0000000000000000 CCO=EFLAGS
EFER=0000000000000500
Servicing hardware INT=0x20
    92: v=20 e=0000 i=0 cpl=0 IP=0008:ffffffff801012ab pc=ffffffff801012ab SP=0010:ffffffff8011bfb0 env->regs[R_EAX]=0000000000000000
RAX=0000000000000000 RBX=000000000011e000 RCX=00000000000000f9 RDX=0000000000000f66
RSI=0000000000000f66 RDI=ffffffff8011bfcb RBP=ffffffff8011bff0 RSP=ffffffff8011bfb0
R8 =0000000000000000 R9 =0000000000000000 R10=0000000000000000 R11=0000000000000000
R12=0000000000000000 R13=0000000000000000 R14=0000000000000000 R15=0000000000000000
RIP=ffffffff801012ab RFL=00000246 [---Z-P-] CPL=0 II=0 A20=1 SMM=0 HLT=0
ES =0010 0000000000000000 ffffffff 00af9300 DPL=0 DS   [-WA]
CS =0008 0000000000000000 ffffffff 00af9a00 DPL=0 CS64 [-R-]
SS =0010 0000000000000000 ffffffff 00af9300 DPL=0 DS   [-WA]
DS =0010 0000000000000000 ffffffff 00af9300 DPL=0 DS   [-WA]
FS =0018 0000000000000000 ffffffff 00cf9300 DPL=0 DS   [-WA]
GS =0018 0000000000000000 ffffffff 00cf9300 DPL=0 DS   [-WA]
LDT=0000 0000000000000000 0000ffff 00008200 DPL=0 LDT
TR =0018 ffffffff80116ec0 00000067 00008900 DPL=0 TSS64-avl
GDT=     ffffffff80116f30 0000003f
IDT=     ffffffff8011c120 00000fff
CR0=80000011 CR2=0000000000000000 CR3=000000000011e000 CR4=00000020
DR0=0000000000000000 DR1=0000000000000000 DR2=0000000000000000 DR3=0000000000000000 
DR6=00000000ffff0ff0 DR7=0000000000000400
CCS=0000000000000044 CCD=0000000000000000 CCO=EFLAGS
EFER=0000000000000500
Servicing hardware INT=0x20
    93: v=20 e=0000 i=0 cpl=0 IP=0008:ffffffff801012ab pc=ffffffff801012ab SP=0010:ffffffff8011bfb0 env->regs[R_EAX]=0000000000000000
RAX=0000000000000000 RBX=000000000011e000 RCX=00000000000000f9 RDX=0000000000000f66
RSI=0000000000000f66 RDI=ffffffff8011bfcb RBP=ffffffff8011bff0 RSP=ffffffff8011bfb0
R8 =0000000000000000 R9 =0000000000000000 R10=0000000000000000 R11=0000000000000000
R12=0000000000000000 R13=0000000000000000 R14=0000000000000000 R15=0000000000000000
RIP=ffffffff801012ab RFL=00000246 [---Z-P-] CPL=0 II=0 A20=1 SMM=0 HLT=0
ES =0010 0000000000000000 ffffffff 00af9300 DPL=0 DS   [-WA]
CS =0008 0000000000000000 ffffffff 00af9a00 DPL=0 CS64 [-R-]
SS =0010 0000000000000000 ffffffff 00af9300 DPL=0 DS   [-WA]
DS =0010 0000000000000000 ffffffff 00af9300 DPL=0 DS   [-WA]
FS =0018 0000000000000000 ffffffff 00cf9300 DPL=0 DS   [-WA]
GS =0018 0000000000000000 ffffffff 00cf9300 DPL=0 DS   [-WA]
LDT=0000 0000000000000000 0000ffff 00008200 DPL=0 LDT
TR =0018 ffffffff80116ec0 00000067 00008900 DPL=0 TSS64-avl
GDT=     ffffffff80116f30 0000003f
IDT=     ffffffff8011c120 00000fff
CR0=80000011 CR2=0000000000000000 CR3=000000000011e000 CR4=00000020
DR0=0000000000000000 DR1=0000000000000000 DR2=0000000000000000 DR3=0000000000000000 
DR6=00000000ffff0ff0 DR7=0000000000000400
CCS=0000000000000044 CCD=0000000000000000 CCO=EFLAGS
EFER=0000000000000500
Servicing hardware INT=0x21
    94: v=21 e=0000 i=0 cpl=0 IP=0008:ffffffff801012ab pc=ffffffff801012ab SP=0010:ffffffff8011bfb0 env->regs[R_EAX]=0000000000000000
RAX=0000000000000000 RBX=000000000011e000 RCX=00000000000000f9 RDX=0000000000000f66
RSI=0000000000000f66 RDI=ffffffff8011bfcb RBP=ffffffff8011bff0 RSP=ffffffff8011bfb0
R8 =0000000000000000 R9 =0000000000000000 R10=0000000000000000 R11=0000000000000000
R12=0000000000000000 R13=0000000000000000 R14=0000000000000000 R15=0000000000000000
RIP=ffffffff801012ab RFL=00000246 [---Z-P-] CPL=0 II=0 A20=1 SMM=0 HLT=0
ES =0010 0000000000000000 ffffffff 00af9300 DPL=0 DS   [-WA]
CS =0008 0000000000000000 ffffffff 00af9a00 DPL=0 CS64 [-R-]
SS =0010 0000000000000000 ffffffff 00af9300 DPL=0 DS   [-WA]
DS =0010 0000000000000000 ffffffff 00af9300 DPL=0 DS   [-WA]
FS =0018 0000000000000000 ffffffff 00cf9300 DPL=0 DS   [-WA]
GS =0018 0000000000000000 ffffffff 00cf9300 DPL=0 DS   [-WA]
LDT=0000 0000000000000000 0000ffff 00008200 DPL=0 LDT
TR =0018 ffffffff80116ec0 00000067 00008900 DPL=0 TSS64-avl
GDT=     ffffffff80116f30 0000003f
IDT=     ffffffff8011c120 00000fff
CR0=80000011 CR2=0000000000000000 CR3=000000000011e000 CR4=00000020
DR0=0000000000000000 DR1=0000000000000000 DR2=0000000000000000 DR3=0000000000000000 
DR6=00000000ffff0ff0 DR7=0000000000000400
CCS=0000000000000044 CCD=0000000000000000 CCO=EFLAGS
EFER=0000000000000500
Servicing hardware INT=0x20
    95: v=20 e=0000 i=0 cpl=0 IP=0008:ffffffff801012ab pc=ffffffff801012ab SP=0010:ffffffff8011bfb0 env->regs[R_EAX]=0000000000000000
RAX=0000000000000000 RBX=000000000011e000 RCX=00000000000000fa RDX=0000000000000f64
RSI=0000000000000f64 RDI=ffffffff8011bfcb RBP=ffffffff8011bff0 RSP=ffffffff8011bfb0
R8 =0000000000000000 R9 =0000000000000000 R10=0000000000000000 R11=0000000000000000
R12=0000000000000000 R13=0000000000000000 R14=0000000000000000 R15=0000000000000000
RIP=ffffffff801012ab RFL=00000246 [---Z-P-] CPL=0 II=0 A20=1 SMM=0 HLT=0
ES =0010 0000000000000000 ffffffff 00af9300 DPL=0 DS   [-WA]
CS =0008 0000000000000000 ffffffff 00af9a00 DPL=0 CS64 [-R-]
SS =0010 0000000000000000 ffffffff 00af9300 DPL=0 DS   [-WA]
DS =0010 0000000000000000 ffffffff 00af9300 DPL=0 DS   [-WA]
FS =0018 0000000000000000 ffffffff 00cf9300 DPL=0 DS   [-WA]
GS =0018 0000000000000000 ffffffff 00cf9300 DPL=0 DS   [-WA]
LDT=0000 0000000000000000 0000ffff 00008200 DPL=0 LDT
TR =0018 ffffffff80116ec0 00000067 00008900 DPL=0 TSS64-avl
GDT=     ffffffff80116f30 0000003f
IDT=     ffffffff8011c120 00000fff
CR0=80000011 CR2=0000000000000000 CR3=000000000011e000 CR4=00000020
DR0=0000000000000000 DR1=0000000000000000 DR2=0000000000000000 DR3=0000000000000000 
DR6=00000000ffff0ff0 DR7=0000000000000400
CCS=0000000000000044 CCD=0000000000000000 CCO=EFLAGS
EFER=0000000000000500
Servicing hardware INT=0x21
    96: v=21 e=0000 i=0 cpl=0 IP=0008:ffffffff801012ab pc=ffffffff801012ab SP=0010:ffffffff8011bfb0 env->regs[R_EAX]=0000000000000000
RAX=0000000000000000 RBX=000000000011e000 RCX=00000000000000fa RDX=0000000000000f64
RSI=0000000000000f64 RDI=ffffffff8011bfcb RBP=ffffffff8011bff0 RSP=ffffffff8011bfb0
R8 =0000000000000000 R9 =0000000000000000 R10=0000000000000000 R11=0000000000000000
R12=0000000000000000 R13=0000000000000000 R14=0000000000000000 R15=0000000000000000
RIP=ffffffff801012ab RFL=00000246 [---Z-P-] CPL=0 II=0 A20=1 SMM=0 HLT=0
ES =0010 0000000000000000 ffffffff 00af9300 DPL=0 DS   [-WA]
CS =0008 0000000000000000 ffffffff 00af9a00 DPL=0 CS64 [-R-]
SS =0010 0000000000000000 ffffffff 00af9300 DPL=0 DS   [-WA]
DS =0010 0000000000000000 ffffffff 00af9300 DPL=0 DS   [-WA]
FS =0018 0000000000000000 ffffffff 00cf9300 DPL=0 DS   [-WA]
GS =0018 0000000000000000 ffffffff 00cf9300 DPL=0 DS   [-WA]
LDT=0000 0000000000000000 0000ffff 00008200 DPL=0 LDT
TR =0018 ffffffff80116ec0 00000067 00008900 DPL=0 TSS64-avl
GDT=     ffffffff80116f30 0000003f
IDT=     ffffffff8011c120 00000fff
CR0=80000011 CR2=0000000000000000 CR3=000000000011e000 CR4=00000020
DR0=0000000000000000 DR1=0000000000000000 DR2=0000000000000000 DR3=0000000000000000 
DR6=00000000ffff0ff0 DR7=0000000000000400
CCS=0000000000000044 CCD=0000000000000000 CCO=EFLAGS
EFER=0000000000000500
Servicing hardware INT=0x20
    97: v=20 e=0000 i=0 cpl=0 IP=0008:ffffffff801012ab pc=ffffffff801012ab SP=0010:ffffffff8011bfb0 env->regs[R_EAX]=0000000000000000
RAX=0000000000000000 RBX=000000000011e000 RCX=00000000000000fa RDX=0000000000000f64
RSI=0000000000000f64 RDI=ffffffff8011bfcb RBP=ffffffff8011bff0 RSP=ffffffff8011bfb0
R8 =0000000000000000 R9 =0000000000000000 R10=0000000000000000 R11=0000000000000000
R12=0000000000000000 R13=0000000000000000 R14=0000000000000000 R15=0000000000000000
RIP=ffffffff801012ab RFL=00000246 [---Z-P-] CPL=0 II=0 A20=1 SMM=0 HLT=0
ES =0010 0000000000000000 ffffffff 00af9300 DPL=0 DS   [-WA]
CS =0008 0000000000000000 ffffffff 00af9a00 DPL=0 CS64 [-R-]
SS =0010 0000000000000000 ffffffff 00af9300 DPL=0 DS   [-WA]
DS =0010 0000000000000000 ffffffff 00af9300 DPL=0 DS   [-WA]
FS =0018 0000000000000000 ffffffff 00cf9300 DPL=0 DS   [-WA]
GS =0018 0000000000000000 ffffffff 00cf9300 DPL=0 DS   [-WA]
LDT=0000 0000000000000000 0000ffff 00008200 DPL=0 LDT
TR =0018 ffffffff80116ec0 00000067 00008900 DPL=0 TSS64-avl
GDT=     ffffffff80116f30 0000003f
IDT=     ffffffff8011c120 00000fff
CR0=80000011 CR2=0000000000000000 CR3=000000000011e000 CR4=00000020
DR0=0000000000000000 DR1=0000000000000000 DR2=0000000000000000 DR3=0000000000000000 
DR6=00000000ffff0ff0 DR7=0000000000000400
CCS=0000000000000044 CCD=0000000000000000 CCO=EFLAGS
EFER=0000000000000500
Servicing hardware INT=0x20
    98: v=20 e=0000 i=0 cpl=0 IP=0008:ffffffff801012ab pc=ffffffff801012ab SP=0010:ffffffff8011bfb0 env->regs[R_EAX]=0000000000000000
RAX=0000000000000000 RBX=000000000011e000 RCX=00000000000000fa RDX=0000000000000f64
RSI=0000000000000f64 RDI=ffffffff8011bfcb RBP=ffffffff8011bff0 RSP=ffffffff8011bfb0
R8 =0000000000000000 R9 =0000000000000000 R10=0000000000000000 R11=0000000000000000
R12=0000000000000000 R13=0000000000000000 R14=0000000000000000 R15=0000000000000000
RIP=ffffffff801012ab RFL=00000246 [---Z-P-] CPL=0 II=0 A20=1 SMM=0 HLT=0
ES =0010 0000000000000000 ffffffff 00af9300 DPL=0 DS   [-WA]
CS =0008 0000000000000000 ffffffff 00af9a00 DPL=0 CS64 [-R-]
SS =0010 0000000000000000 ffffffff 00af9300 DPL=0 DS   [-WA]
DS =0010 0000000000000000 ffffffff 00af9300 DPL=0 DS   [-WA]
FS =0018 0000000000000000 ffffffff 00cf9300 DPL=0 DS   [-WA]
GS =0018 0000000000000000 ffffffff 00cf9300 DPL=0 DS   [-WA]
LDT=0000 0000000000000000 0000ffff 00008200 DPL=0 LDT
TR =0018 ffffffff80116ec0 00000067 00008900 DPL=0 TSS64-avl
GDT=     ffffffff80116f30 0000003f
IDT=     ffffffff8011c120 00000fff
CR0=80000011 CR2=0000000000000000 CR3=000000000011e000 CR4=00000020
DR0=0000000000000000 DR1=0000000000000000 DR2=0000000000000000 DR3=0000000000000000 
DR6=00000000ffff0ff0 DR7=0000000000000400
CCS=0000000000000044 CCD=0000000000000000 CCO=EFLAGS
EFER=0000000000000500
Servicing hardware INT=0x20
    99: v=20 e=0000 i=0 cpl=0 IP=0008:ffffffff801012ab pc=ffffffff801012ab SP=0010:ffffffff8011bfb0 env->regs[R_EAX]=0000000000000000
RAX=0000000000000000 RBX=000000000011e000 RCX=00000000000000fa RDX=0000000000000f64
RSI=0000000000000f64 RDI=ffffffff8011bfcb RBP=ffffffff8011bff0 RSP=ffffffff8011bfb0
R8 =0000000000000000 R9 =0000000000000000 R10=0000000000000000 R11=0000000000000000
R12=0000000000000000 R13=0000000000000000 R14=0000000000000000 R15=0000000000000000
RIP=ffffffff801012ab RFL=00000246 [---Z-P-] CPL=0 II=0 A20=1 SMM=0 HLT=0
ES =0010 0000000000000000 ffffffff 00af9300 DPL=0 DS   [-WA]
CS =0008 0000000000000000 ffffffff 00af9a00 DPL=0 CS64 [-R-]
SS =0010 0000000000000000 ffffffff 00af9300 DPL=0 DS   [-WA]
DS =0010 0000000000000000 ffffffff 00af9300 DPL=0 DS   [-WA]
FS =0018 0000000000000000 ffffffff 00cf9300 DPL=0 DS   [-WA]
GS =0018 0000000000000000 ffffffff 00cf9300 DPL=0 DS   [-WA]
LDT=0000 0000000000000000 0000ffff 00008200 DPL=0 LDT
TR =0018 ffffffff80116ec0 00000067 00008900 DPL=0 TSS64-avl
GDT=     ffffffff80116f30 0000003f
IDT=     ffffffff8011c120 00000fff
CR0=80000011 CR2=0000000000000000 CR3=000000000011e000 CR4=00000020
DR0=0000000000000000 DR1=0000000000000000 DR2=0000000000000000 DR3=0000000000000000 
DR6=00000000ffff0ff0 DR7=0000000000000400
CCS=0000000000000044 CCD=0000000000000000 CCO=EFLAGS
EFER=0000000000000500
Servicing hardware INT=0x20
   100: v=20 e=0000 i=0 cpl=0 IP=0008:ffffffff801012ab pc=ffffffff801012ab SP=0010:ffffffff8011bfb0 env->regs[R_EAX]=0000000000000000
RAX=0000000000000000 RBX=000000000011e000 RCX=00000000000000fa RDX=0000000000000f64
RSI=0000000000000f64 RDI=ffffffff8011bfcb RBP=ffffffff8011bff0 RSP=ffffffff8011bfb0
R8 =0000000000000000 R9 =0000000000000000 R10=0000000000000000 R11=0000000000000000
R12=0000000000000000 R13=0000000000000000 R14=0000000000000000 R15=0000000000000000
RIP=ffffffff801012ab RFL=00000246 [---Z-P-] CPL=0 II=0 A20=1 SMM=0 HLT=0
ES =0010 0000000000000000 ffffffff 00af9300 DPL=0 DS   [-WA]
CS =0008 0000000000000000 ffffffff 00af9a00 DPL=0 CS64 [-R-]
SS =0010 0000000000000000 ffffffff 00af9300 DPL=0 DS   [-WA]
DS =0010 0000000000000000 ffffffff 00af9300 DPL=0 DS   [-WA]
FS =0018 0000000000000000 ffffffff 00cf9300 DPL=0 DS   [-WA]
GS =0018 0000000000000000 ffffffff 00cf9300 DPL=0 DS   [-WA]
LDT=0000 0000000000000000 0000ffff 00008200 DPL=0 LDT
TR =0018 ffffffff80116ec0 00000067 00008900 DPL=0 TSS64-avl
GDT=     ffffffff80116f30 0000003f
IDT=     ffffffff8011c120 00000fff
CR0=80000011 CR2=0000000000000000 CR3=000000000011e000 CR4=00000020
DR0=0000000000000000 DR1=0000000000000000 DR2=0000000000000000 DR3=0000000000000000 
DR6=00000000ffff0ff0 DR7=0000000000000400
CCS=0000000000000044 CCD=0000000000000000 CCO=EFLAGS
EFER=0000000000000500
Servicing hardware INT=0x20
   101: v=20 e=0000 i=0 cpl=0 IP=0008:ffffffff801012ab pc=ffffffff801012ab SP=0010:ffffffff8011bfb0 env->regs[R_EAX]=0000000000000000
RAX=0000000000000000 RBX=000000000011e000 RCX=00000000000000fa RDX=0000000000000f64
RSI=0000000000000f64 RDI=ffffffff8011bfcb RBP=ffffffff8011bff0 RSP=ffffffff8011bfb0
R8 =0000000000000000 R9 =0000000000000000 R10=0000000000000000 R11=0000000000000000
R12=0000000000000000 R13=0000000000000000 R14=0000000000000000 R15=0000000000000000
RIP=ffffffff801012ab RFL=00000246 [---Z-P-] CPL=0 II=0 A20=1 SMM=0 HLT=0
ES =0010 0000000000000000 ffffffff 00af9300 DPL=0 DS   [-WA]
CS =0008 0000000000000000 ffffffff 00af9a00 DPL=0 CS64 [-R-]
SS =0010 0000000000000000 ffffffff 00af9300 DPL=0 DS   [-WA]
DS =0010 0000000000000000 ffffffff 00af9300 DPL=0 DS   [-WA]
FS =0018 0000000000000000 ffffffff 00cf9300 DPL=0 DS   [-WA]
GS =0018 0000000000000000 ffffffff 00cf9300 DPL=0 DS   [-WA]
LDT=0000 0000000000000000 0000ffff 00008200 DPL=0 LDT
TR =0018 ffffffff80116ec0 00000067 00008900 DPL=0 TSS64-avl
GDT=     ffffffff80116f30 0000003f
IDT=     ffffffff8011c120 00000fff
CR0=80000011 CR2=0000000000000000 CR3=000000000011e000 CR4=00000020
DR0=0000000000000000 DR1=0000000000000000 DR2=0000000000000000 DR3=0000000000000000 
DR6=00000000ffff0ff0 DR7=0000000000000400
CCS=0000000000000044 CCD=0000000000000000 CCO=EFLAGS
EFER=0000000000000500
Servicing hardware INT=0x20
   102: v=20 e=0000 i=0 cpl=0 IP=0008:ffffffff801012ab pc=ffffffff801012ab SP=0010:ffffffff8011bfb0 env->regs[R_EAX]=0000000000000000
RAX=0000000000000000 RBX=000000000011e000 RCX=00000000000000fa RDX=0000000000000f64
RSI=0000000000000f64 RDI=ffffffff8011bfcb RBP=ffffffff8011bff0 RSP=ffffffff8011bfb0
R8 =0000000000000000 R9 =0000000000000000 R10=0000000000000000 R11=0000000000000000
R12=0000000000000000 R13=0000000000000000 R14=0000000000000000 R15=0000000000000000
RIP=ffffffff801012ab RFL=00000246 [---Z-P-] CPL=0 II=0 A20=1 SMM=0 HLT=0
ES =0010 0000000000000000 ffffffff 00af9300 DPL=0 DS   [-WA]
CS =0008 0000000000000000 ffffffff 00af9a00 DPL=0 CS64 [-R-]
SS =0010 0000000000000000 ffffffff 00af9300 DPL=0 DS   [-WA]
DS =0010 0000000000000000 ffffffff 00af9300 DPL=0 DS   [-WA]
FS =0018 0000000000000000 ffffffff 00cf9300 DPL=0 DS   [-WA]
GS =0018 0000000000000000 ffffffff 00cf9300 DPL=0 DS   [-WA]
LDT=0000 0000000000000000 0000ffff 00008200 DPL=0 LDT
TR =0018 ffffffff80116ec0 00000067 00008900 DPL=0 TSS64-avl
GDT=     ffffffff80116f30 0000003f
IDT=     ffffffff8011c120 00000fff
CR0=80000011 CR2=0000000000000000 CR3=000000000011e000 CR4=00000020
DR0=0000000000000000 DR1=0000000000000000 DR2=0000000000000000 DR3=0000000000000000 
DR6=00000000ffff0ff0 DR7=0000000000000400
CCS=0000000000000044 CCD=0000000000000000 CCO=EFLAGS
EFER=0000000000000500
Servicing hardware INT=0x20
   103: v=20 e=0000 i=0 cpl=0 IP=0008:ffffffff801012ab pc=ffffffff801012ab SP=0010:ffffffff8011bfb0 env->regs[R_EAX]=0000000000000000
RAX=0000000000000000 RBX=000000000011e000 RCX=00000000000000fa RDX=0000000000000f64
RSI=0000000000000f64 RDI=ffffffff8011bfcb RBP=ffffffff8011bff0 RSP=ffffffff8011bfb0
R8 =0000000000000000 R9 =0000000000000000 R10=0000000000000000 R11=0000000000000000
R12=0000000000000000 R13=0000000000000000 R14=0000000000000000 R15=0000000000000000
RIP=ffffffff801012ab RFL=00000246 [---Z-P-] CPL=0 II=0 A20=1 SMM=0 HLT=0
ES =0010 0000000000000000 ffffffff 00af9300 DPL=0 DS   [-WA]
CS =0008 0000000000000000 ffffffff 00af9a00 DPL=0 CS64 [-R-]
SS =0010 0000000000000000 ffffffff 00af9300 DPL=0 DS   [-WA]
DS =0010 0000000000000000 ffffffff 00af9300 DPL=0 DS   [-WA]
FS =0018 0000000000000000 ffffffff 00cf9300 DPL=0 DS   [-WA]
GS =0018 0000000000000000 ffffffff 00cf9300 DPL=0 DS   [-WA]
LDT=0000 0000000000000000 0000ffff 00008200 DPL=0 LDT
TR =0018 ffffffff80116ec0 00000067 00008900 DPL=0 TSS64-avl
GDT=     ffffffff80116f30 0000003f
IDT=     ffffffff8011c120 00000fff
CR0=80000011 CR2=0000000000000000 CR3=000000000011e000 CR4=00000020
DR0=0000000000000000 DR1=0000000000000000 DR2=0000000000000000 DR3=0000000000000000 
DR6=00000000ffff0ff0 DR7=0000000000000400
CCS=0000000000000044 CCD=0000000000000000 CCO=EFLAGS
EFER=0000000000000500
Servicing hardware INT=0x20
   104: v=20 e=0000 i=0 cpl=0 IP=0008:ffffffff801012ab pc=ffffffff801012ab SP=0010:ffffffff8011bfb0 env->regs[R_EAX]=0000000000000000
RAX=0000000000000000 RBX=000000000011e000 RCX=00000000000000fa RDX=0000000000000f64
RSI=0000000000000f64 RDI=ffffffff8011bfcb RBP=ffffffff8011bff0 RSP=ffffffff8011bfb0
R8 =0000000000000000 R9 =0000000000000000 R10=0000000000000000 R11=0000000000000000
R12=0000000000000000 R13=0000000000000000 R14=0000000000000000 R15=0000000000000000
RIP=ffffffff801012ab RFL=00000246 [---Z-P-] CPL=0 II=0 A20=1 SMM=0 HLT=0
ES =0010 0000000000000000 ffffffff 00af9300 DPL=0 DS   [-WA]
CS =0008 0000000000000000 ffffffff 00af9a00 DPL=0 CS64 [-R-]
SS =0010 0000000000000000 ffffffff 00af9300 DPL=0 DS   [-WA]
DS =0010 0000000000000000 ffffffff 00af9300 DPL=0 DS   [-WA]
FS =0018 0000000000000000 ffffffff 00cf9300 DPL=0 DS   [-WA]
GS =0018 0000000000000000 ffffffff 00cf9300 DPL=0 DS   [-WA]
LDT=0000 0000000000000000 0000ffff 00008200 DPL=0 LDT
TR =0018 ffffffff80116ec0 00000067 00008900 DPL=0 TSS64-avl
GDT=     ffffffff80116f30 0000003f
IDT=     ffffffff8011c120 00000fff
CR0=80000011 CR2=0000000000000000 CR3=000000000011e000 CR4=00000020
DR0=0000000000000000 DR1=0000000000000000 DR2=0000000000000000 DR3=0000000000000000 
DR6=00000000ffff0ff0 DR7=0000000000000400
CCS=0000000000000044 CCD=0000000000000000 CCO=EFLAGS
EFER=0000000000000500
Servicing hardware INT=0x20
   105: v=20 e=0000 i=0 cpl=0 IP=0008:ffffffff801012ab pc=ffffffff801012ab SP=0010:ffffffff8011bfb0 env->regs[R_EAX]=0000000000000000
RAX=0000000000000000 RBX=000000000011e000 RCX=00000000000000fa RDX=0000000000000f64
RSI=0000000000000f64 RDI=ffffffff8011bfcb RBP=ffffffff8011bff0 RSP=ffffffff8011bfb0
R8 =0000000000000000 R9 =0000000000000000 R10=0000000000000000 R11=0000000000000000
R12=0000000000000000 R13=0000000000000000 R14=0000000000000000 R15=0000000000000000
RIP=ffffffff801012ab RFL=00000246 [---Z-P-] CPL=0 II=0 A20=1 SMM=0 HLT=0
ES =0010 0000000000000000 ffffffff 00af9300 DPL=0 DS   [-WA]
CS =0008 0000000000000000 ffffffff 00af9a00 DPL=0 CS64 [-R-]
SS =0010 0000000000000000 ffffffff 00af9300 DPL=0 DS   [-WA]
DS =0010 0000000000000000 ffffffff 00af9300 DPL=0 DS   [-WA]
FS =0018 0000000000000000 ffffffff 00cf9300 DPL=0 DS   [-WA]
GS =0018 0000000000000000 ffffffff 00cf9300 DPL=0 DS   [-WA]
LDT=0000 0000000000000000 0000ffff 00008200 DPL=0 LDT
TR =0018 ffffffff80116ec0 00000067 00008900 DPL=0 TSS64-avl
GDT=     ffffffff80116f30 0000003f
IDT=     ffffffff8011c120 00000fff
CR0=80000011 CR2=0000000000000000 CR3=000000000011e000 CR4=00000020
DR0=0000000000000000 DR1=0000000000000000 DR2=0000000000000000 DR3=0000000000000000 
DR6=00000000ffff0ff0 DR7=0000000000000400
CCS=0000000000000044 CCD=0000000000000000 CCO=EFLAGS
EFER=0000000000000500
Servicing hardware INT=0x20
   106: v=20 e=0000 i=0 cpl=0 IP=0008:ffffffff801012ab pc=ffffffff801012ab SP=0010:ffffffff8011bfb0 env->regs[R_EAX]=0000000000000000
RAX=0000000000000000 RBX=000000000011e000 RCX=00000000000000fa RDX=0000000000000f64
RSI=0000000000000f64 RDI=ffffffff8011bfcb RBP=ffffffff8011bff0 RSP=ffffffff8011bfb0
R8 =0000000000000000 R9 =0000000000000000 R10=0000000000000000 R11=0000000000000000
R12=0000000000000000 R13=0000000000000000 R14=0000000000000000 R15=0000000000000000
RIP=ffffffff801012ab RFL=00000246 [---Z-P-] CPL=0 II=0 A20=1 SMM=0 HLT=0
ES =0010 0000000000000000 ffffffff 00af9300 DPL=0 DS   [-WA]
CS =0008 0000000000000000 ffffffff 00af9a00 DPL=0 CS64 [-R-]
SS =0010 0000000000000000 ffffffff 00af9300 DPL=0 DS   [-WA]
DS =0010 0000000000000000 ffffffff 00af9300 DPL=0 DS   [-WA]
FS =0018 0000000000000000 ffffffff 00cf9300 DPL=0 DS   [-WA]
GS =0018 0000000000000000 ffffffff 00cf9300 DPL=0 DS   [-WA]
LDT=0000 0000000000000000 0000ffff 00008200 DPL=0 LDT
TR =0018 ffffffff80116ec0 00000067 00008900 DPL=0 TSS64-avl
GDT=     ffffffff80116f30 0000003f
IDT=     ffffffff8011c120 00000fff
CR0=80000011 CR2=0000000000000000 CR3=000000000011e000 CR4=00000020
DR0=0000000000000000 DR1=0000000000000000 DR2=0000000000000000 DR3=0000000000000000 
DR6=00000000ffff0ff0 DR7=0000000000000400
CCS=0000000000000044 CCD=0000000000000000 CCO=EFLAGS
EFER=0000000000000500
Servicing hardware INT=0x20
   107: v=20 e=0000 i=0 cpl=0 IP=0008:ffffffff801012ab pc=ffffffff801012ab SP=0010:ffffffff8011bfb0 env->regs[R_EAX]=0000000000000000
RAX=0000000000000000 RBX=000000000011e000 RCX=00000000000000fa RDX=0000000000000f64
RSI=0000000000000f64 RDI=ffffffff8011bfcb RBP=ffffffff8011bff0 RSP=ffffffff8011bfb0
R8 =0000000000000000 R9 =0000000000000000 R10=0000000000000000 R11=0000000000000000
R12=0000000000000000 R13=0000000000000000 R14=0000000000000000 R15=0000000000000000
RIP=ffffffff801012ab RFL=00000246 [---Z-P-] CPL=0 II=0 A20=1 SMM=0 HLT=0
ES =0010 0000000000000000 ffffffff 00af9300 DPL=0 DS   [-WA]
CS =0008 0000000000000000 ffffffff 00af9a00 DPL=0 CS64 [-R-]
SS =0010 0000000000000000 ffffffff 00af9300 DPL=0 DS   [-WA]
DS =0010 0000000000000000 ffffffff 00af9300 DPL=0 DS   [-WA]
FS =0018 0000000000000000 ffffffff 00cf9300 DPL=0 DS   [-WA]
GS =0018 0000000000000000 ffffffff 00cf9300 DPL=0 DS   [-WA]
LDT=0000 0000000000000000 0000ffff 00008200 DPL=0 LDT
TR =0018 ffffffff80116ec0 00000067 00008900 DPL=0 TSS64-avl
GDT=     ffffffff80116f30 0000003f
IDT=     ffffffff8011c120 00000fff
CR0=80000011 CR2=0000000000000000 CR3=000000000011e000 CR4=00000020
DR0=0000000000000000 DR1=0000000000000000 DR2=0000000000000000 DR3=0000000000000000 
DR6=00000000ffff0ff0 DR7=0000000000000400
CCS=0000000000000044 CCD=0000000000000000 CCO=EFLAGS
EFER=0000000000000500
Servicing hardware INT=0x20
   108: v=20 e=0000 i=0 cpl=0 IP=0008:ffffffff801012ab pc=ffffffff801012ab SP=0010:ffffffff8011bfb0 env->regs[R_EAX]=0000000000000000
RAX=0000000000000000 RBX=000000000011e000 RCX=00000000000000fa RDX=0000000000000f64
RSI=0000000000000f64 RDI=ffffffff8011bfcb RBP=ffffffff8011bff0 RSP=ffffffff8011bfb0
R8 =0000000000000000 R9 =0000000000000000 R10=0000000000000000 R11=0000000000000000
R12=0000000000000000 R13=0000000000000000 R14=0000000000000000 R15=0000000000000000
RIP=ffffffff801012ab RFL=00000246 [---Z-P-] CPL=0 II=0 A20=1 SMM=0 HLT=0
ES =0010 0000000000000000 ffffffff 00af9300 DPL=0 DS   [-WA]
CS =0008 0000000000000000 ffffffff 00af9a00 DPL=0 CS64 [-R-]
SS =0010 0000000000000000 ffffffff 00af9300 DPL=0 DS   [-WA]
DS =0010 0000000000000000 ffffffff 00af9300 DPL=0 DS   [-WA]
FS =0018 0000000000000000 ffffffff 00cf9300 DPL=0 DS   [-WA]
GS =0018 0000000000000000 ffffffff 00cf9300 DPL=0 DS   [-WA]
LDT=0000 0000000000000000 0000ffff 00008200 DPL=0 LDT
TR =0018 ffffffff80116ec0 00000067 00008900 DPL=0 TSS64-avl
GDT=     ffffffff80116f30 0000003f
IDT=     ffffffff8011c120 00000fff
CR0=80000011 CR2=0000000000000000 CR3=000000000011e000 CR4=00000020
DR0=0000000000000000 DR1=0000000000000000 DR2=0000000000000000 DR3=0000000000000000 
DR6=00000000ffff0ff0 DR7=0000000000000400
CCS=0000000000000044 CCD=0000000000000000 CCO=EFLAGS
EFER=0000000000000500
Servicing hardware INT=0x20
   109: v=20 e=0000 i=0 cpl=0 IP=0008:ffffffff801012ab pc=ffffffff801012ab SP=0010:ffffffff8011bfb0 env->regs[R_EAX]=0000000000000000
RAX=0000000000000000 RBX=000000000011e000 RCX=00000000000000fa RDX=0000000000000f64
RSI=0000000000000f64 RDI=ffffffff8011bfcb RBP=ffffffff8011bff0 RSP=ffffffff8011bfb0
R8 =0000000000000000 R9 =0000000000000000 R10=0000000000000000 R11=0000000000000000
R12=0000000000000000 R13=0000000000000000 R14=0000000000000000 R15=0000000000000000
RIP=ffffffff801012ab RFL=00000246 [---Z-P-] CPL=0 II=0 A20=1 SMM=0 HLT=0
ES =0010 0000000000000000 ffffffff 00af9300 DPL=0 DS   [-WA]
CS =0008 0000000000000000 ffffffff 00af9a00 DPL=0 CS64 [-R-]
SS =0010 0000000000000000 ffffffff 00af9300 DPL=0 DS   [-WA]
DS =0010 0000000000000000 ffffffff 00af9300 DPL=0 DS   [-WA]
FS =0018 0000000000000000 ffffffff 00cf9300 DPL=0 DS   [-WA]
GS =0018 0000000000000000 ffffffff 00cf9300 DPL=0 DS   [-WA]
LDT=0000 0000000000000000 0000ffff 00008200 DPL=0 LDT
TR =0018 ffffffff80116ec0 00000067 00008900 DPL=0 TSS64-avl
GDT=     ffffffff80116f30 0000003f
IDT=     ffffffff8011c120 00000fff
CR0=80000011 CR2=0000000000000000 CR3=000000000011e000 CR4=00000020
DR0=0000000000000000 DR1=0000000000000000 DR2=0000000000000000 DR3=0000000000000000 
DR6=00000000ffff0ff0 DR7=0000000000000400
CCS=0000000000000044 CCD=0000000000000000 CCO=EFLAGS
EFER=0000000000000500
Servicing hardware INT=0x20
   110: v=20 e=0000 i=0 cpl=0 IP=0008:ffffffff801012ab pc=ffffffff801012ab SP=0010:ffffffff8011bfb0 env->regs[R_EAX]=0000000000000000
RAX=0000000000000000 RBX=000000000011e000 RCX=00000000000000fa RDX=0000000000000f64
RSI=0000000000000f64 RDI=ffffffff8011bfcb RBP=ffffffff8011bff0 RSP=ffffffff8011bfb0
R8 =0000000000000000 R9 =0000000000000000 R10=0000000000000000 R11=0000000000000000
R12=0000000000000000 R13=0000000000000000 R14=0000000000000000 R15=0000000000000000
RIP=ffffffff801012ab RFL=00000246 [---Z-P-] CPL=0 II=0 A20=1 SMM=0 HLT=0
ES =0010 0000000000000000 ffffffff 00af9300 DPL=0 DS   [-WA]
CS =0008 0000000000000000 ffffffff 00af9a00 DPL=0 CS64 [-R-]
SS =0010 0000000000000000 ffffffff 00af9300 DPL=0 DS   [-WA]
DS =0010 0000000000000000 ffffffff 00af9300 DPL=0 DS   [-WA]
FS =0018 0000000000000000 ffffffff 00cf9300 DPL=0 DS   [-WA]
GS =0018 0000000000000000 ffffffff 00cf9300 DPL=0 DS   [-WA]
LDT=0000 0000000000000000 0000ffff 00008200 DPL=0 LDT
TR =0018 ffffffff80116ec0 00000067 00008900 DPL=0 TSS64-avl
GDT=     ffffffff80116f30 0000003f
IDT=     ffffffff8011c120 00000fff
CR0=80000011 CR2=0000000000000000 CR3=000000000011e000 CR4=00000020
DR0=0000000000000000 DR1=0000000000000000 DR2=0000000000000000 DR3=0000000000000000 
DR6=00000000ffff0ff0 DR7=0000000000000400
CCS=0000000000000044 CCD=0000000000000000 CCO=EFLAGS
EFER=0000000000000500
Servicing hardware INT=0x20
   111: v=20 e=0000 i=0 cpl=0 IP=0008:ffffffff801012ab pc=ffffffff801012ab SP=0010:ffffffff8011bfb0 env->regs[R_EAX]=0000000000000000
RAX=0000000000000000 RBX=000000000011e000 RCX=00000000000000fa RDX=0000000000000f64
RSI=0000000000000f64 RDI=ffffffff8011bfcb RBP=ffffffff8011bff0 RSP=ffffffff8011bfb0
R8 =0000000000000000 R9 =0000000000000000 R10=0000000000000000 R11=0000000000000000
R12=0000000000000000 R13=0000000000000000 R14=0000000000000000 R15=0000000000000000
RIP=ffffffff801012ab RFL=00000246 [---Z-P-] CPL=0 II=0 A20=1 SMM=0 HLT=0
ES =0010 0000000000000000 ffffffff 00af9300 DPL=0 DS   [-WA]
CS =0008 0000000000000000 ffffffff 00af9a00 DPL=0 CS64 [-R-]
SS =0010 0000000000000000 ffffffff 00af9300 DPL=0 DS   [-WA]
DS =0010 0000000000000000 ffffffff 00af9300 DPL=0 DS   [-WA]
FS =0018 0000000000000000 ffffffff 00cf9300 DPL=0 DS   [-WA]
GS =0018 0000000000000000 ffffffff 00cf9300 DPL=0 DS   [-WA]
LDT=0000 0000000000000000 0000ffff 00008200 DPL=0 LDT
TR =0018 ffffffff80116ec0 00000067 00008900 DPL=0 TSS64-avl
GDT=     ffffffff80116f30 0000003f
IDT=     ffffffff8011c120 00000fff
CR0=80000011 CR2=0000000000000000 CR3=000000000011e000 CR4=00000020
DR0=0000000000000000 DR1=0000000000000000 DR2=0000000000000000 DR3=0000000000000000 
DR6=00000000ffff0ff0 DR7=0000000000000400
CCS=0000000000000044 CCD=0000000000000000 CCO=EFLAGS
EFER=0000000000000500
Servicing hardware INT=0x20
   112: v=20 e=0000 i=0 cpl=0 IP=0008:ffffffff801012ab pc=ffffffff801012ab SP=0010:ffffffff8011bfb0 env->regs[R_EAX]=0000000000000000
RAX=0000000000000000 RBX=000000000011e000 RCX=00000000000000fa RDX=0000000000000f64
RSI=0000000000000f64 RDI=ffffffff8011bfcb RBP=ffffffff8011bff0 RSP=ffffffff8011bfb0
R8 =0000000000000000 R9 =0000000000000000 R10=0000000000000000 R11=0000000000000000
R12=0000000000000000 R13=0000000000000000 R14=0000000000000000 R15=0000000000000000
RIP=ffffffff801012ab RFL=00000246 [---Z-P-] CPL=0 II=0 A20=1 SMM=0 HLT=0
ES =0010 0000000000000000 ffffffff 00af9300 DPL=0 DS   [-WA]
CS =0008 0000000000000000 ffffffff 00af9a00 DPL=0 CS64 [-R-]
SS =0010 0000000000000000 ffffffff 00af9300 DPL=0 DS   [-WA]
DS =0010 0000000000000000 ffffffff 00af9300 DPL=0 DS   [-WA]
FS =0018 0000000000000000 ffffffff 00cf9300 DPL=0 DS   [-WA]
GS =0018 0000000000000000 ffffffff 00cf9300 DPL=0 DS   [-WA]
LDT=0000 0000000000000000 0000ffff 00008200 DPL=0 LDT
TR =0018 ffffffff80116ec0 00000067 00008900 DPL=0 TSS64-avl
GDT=     ffffffff80116f30 0000003f
IDT=     ffffffff8011c120 00000fff
CR0=80000011 CR2=0000000000000000 CR3=000000000011e000 CR4=00000020
DR0=0000000000000000 DR1=0000000000000000 DR2=0000000000000000 DR3=0000000000000000 
DR6=00000000ffff0ff0 DR7=0000000000000400
CCS=0000000000000044 CCD=0000000000000000 CCO=EFLAGS
EFER=0000000000000500
Servicing hardware INT=0x20
   113: v=20 e=0000 i=0 cpl=0 IP=0008:ffffffff801012ab pc=ffffffff801012ab SP=0010:ffffffff8011bfb0 env->regs[R_EAX]=0000000000000000
RAX=0000000000000000 RBX=000000000011e000 RCX=00000000000000fa RDX=0000000000000f64
RSI=0000000000000f64 RDI=ffffffff8011bfcb RBP=ffffffff8011bff0 RSP=ffffffff8011bfb0
R8 =0000000000000000 R9 =0000000000000000 R10=0000000000000000 R11=0000000000000000
R12=0000000000000000 R13=0000000000000000 R14=0000000000000000 R15=0000000000000000
RIP=ffffffff801012ab RFL=00000246 [---Z-P-] CPL=0 II=0 A20=1 SMM=0 HLT=0
ES =0010 0000000000000000 ffffffff 00af9300 DPL=0 DS   [-WA]
CS =0008 0000000000000000 ffffffff 00af9a00 DPL=0 CS64 [-R-]
SS =0010 0000000000000000 ffffffff 00af9300 DPL=0 DS   [-WA]
DS =0010 0000000000000000 ffffffff 00af9300 DPL=0 DS   [-WA]
FS =0018 0000000000000000 ffffffff 00cf9300 DPL=0 DS   [-WA]
GS =0018 0000000000000000 ffffffff 00cf9300 DPL=0 DS   [-WA]
LDT=0000 0000000000000000 0000ffff 00008200 DPL=0 LDT
TR =0018 ffffffff80116ec0 00000067 00008900 DPL=0 TSS64-avl
GDT=     ffffffff80116f30 0000003f
IDT=     ffffffff8011c120 00000fff
CR0=80000011 CR2=0000000000000000 CR3=000000000011e000 CR4=00000020
DR0=0000000000000000 DR1=0000000000000000 DR2=0000000000000000 DR3=0000000000000000 
DR6=00000000ffff0ff0 DR7=0000000000000400
CCS=0000000000000044 CCD=0000000000000000 CCO=EFLAGS
EFER=0000000000000500
Servicing hardware INT=0x20
   114: v=20 e=0000 i=0 cpl=0 IP=0008:ffffffff801012ab pc=ffffffff801012ab SP=0010:ffffffff8011bfb0 env->regs[R_EAX]=0000000000000000
RAX=0000000000000000 RBX=000000000011e000 RCX=00000000000000fa RDX=0000000000000f64
RSI=0000000000000f64 RDI=ffffffff8011bfcb RBP=ffffffff8011bff0 RSP=ffffffff8011bfb0
R8 =0000000000000000 R9 =0000000000000000 R10=0000000000000000 R11=0000000000000000
R12=0000000000000000 R13=0000000000000000 R14=0000000000000000 R15=0000000000000000
RIP=ffffffff801012ab RFL=00000246 [---Z-P-] CPL=0 II=0 A20=1 SMM=0 HLT=0
ES =0010 0000000000000000 ffffffff 00af9300 DPL=0 DS   [-WA]
CS =0008 0000000000000000 ffffffff 00af9a00 DPL=0 CS64 [-R-]
SS =0010 0000000000000000 ffffffff 00af9300 DPL=0 DS   [-WA]
DS =0010 0000000000000000 ffffffff 00af9300 DPL=0 DS   [-WA]
FS =0018 0000000000000000 ffffffff 00cf9300 DPL=0 DS   [-WA]
GS =0018 0000000000000000 ffffffff 00cf9300 DPL=0 DS   [-WA]
LDT=0000 0000000000000000 0000ffff 00008200 DPL=0 LDT
TR =0018 ffffffff80116ec0 00000067 00008900 DPL=0 TSS64-avl
GDT=     ffffffff80116f30 0000003f
IDT=     ffffffff8011c120 00000fff
CR0=80000011 CR2=0000000000000000 CR3=000000000011e000 CR4=00000020
DR0=0000000000000000 DR1=0000000000000000 DR2=0000000000000000 DR3=0000000000000000 
DR6=00000000ffff0ff0 DR7=0000000000000400
CCS=0000000000000044 CCD=0000000000000000 CCO=EFLAGS
EFER=0000000000000500
Servicing hardware INT=0x20
   115: v=20 e=0000 i=0 cpl=0 IP=0008:ffffffff801012ab pc=ffffffff801012ab SP=0010:ffffffff8011bfb0 env->regs[R_EAX]=0000000000000000
RAX=0000000000000000 RBX=000000000011e000 RCX=00000000000000fa RDX=0000000000000f64
RSI=0000000000000f64 RDI=ffffffff8011bfcb RBP=ffffffff8011bff0 RSP=ffffffff8011bfb0
R8 =0000000000000000 R9 =0000000000000000 R10=0000000000000000 R11=0000000000000000
R12=0000000000000000 R13=0000000000000000 R14=0000000000000000 R15=0000000000000000
RIP=ffffffff801012ab RFL=00000246 [---Z-P-] CPL=0 II=0 A20=1 SMM=0 HLT=0
ES =0010 0000000000000000 ffffffff 00af9300 DPL=0 DS   [-WA]
CS =0008 0000000000000000 ffffffff 00af9a00 DPL=0 CS64 [-R-]
SS =0010 0000000000000000 ffffffff 00af9300 DPL=0 DS   [-WA]
DS =0010 0000000000000000 ffffffff 00af9300 DPL=0 DS   [-WA]
FS =0018 0000000000000000 ffffffff 00cf9300 DPL=0 DS   [-WA]
GS =0018 0000000000000000 ffffffff 00cf9300 DPL=0 DS   [-WA]
LDT=0000 0000000000000000 0000ffff 00008200 DPL=0 LDT
TR =0018 ffffffff80116ec0 00000067 00008900 DPL=0 TSS64-avl
GDT=     ffffffff80116f30 0000003f
IDT=     ffffffff8011c120 00000fff
CR0=80000011 CR2=0000000000000000 CR3=000000000011e000 CR4=00000020
DR0=0000000000000000 DR1=0000000000000000 DR2=0000000000000000 DR3=0000000000000000 
DR6=00000000ffff0ff0 DR7=0000000000000400
CCS=0000000000000044 CCD=0000000000000000 CCO=EFLAGS
EFER=0000000000000500
Servicing hardware INT=0x21
   116: v=21 e=0000 i=0 cpl=0 IP=0008:ffffffff801012ab pc=ffffffff801012ab SP=0010:ffffffff8011bfb0 env->regs[R_EAX]=0000000000000000
RAX=0000000000000000 RBX=000000000011e000 RCX=00000000000000fa RDX=0000000000000f64
RSI=0000000000000f64 RDI=ffffffff8011bfcb RBP=ffffffff8011bff0 RSP=ffffffff8011bfb0
R8 =0000000000000000 R9 =0000000000000000 R10=0000000000000000 R11=0000000000000000
R12=0000000000000000 R13=0000000000000000 R14=0000000000000000 R15=0000000000000000
RIP=ffffffff801012ab RFL=00000246 [---Z-P-] CPL=0 II=0 A20=1 SMM=0 HLT=0
ES =0010 0000000000000000 ffffffff 00af9300 DPL=0 DS   [-WA]
CS =0008 0000000000000000 ffffffff 00af9a00 DPL=0 CS64 [-R-]
SS =0010 0000000000000000 ffffffff 00af9300 DPL=0 DS   [-WA]
DS =0010 0000000000000000 ffffffff 00af9300 DPL=0 DS   [-WA]
FS =0018 0000000000000000 ffffffff 00cf9300 DPL=0 DS   [-WA]
GS =0018 0000000000000000 ffffffff 00cf9300 DPL=0 DS   [-WA]
LDT=0000 0000000000000000 0000ffff 00008200 DPL=0 LDT
TR =0018 ffffffff80116ec0 00000067 00008900 DPL=0 TSS64-avl
GDT=     ffffffff80116f30 0000003f
IDT=     ffffffff8011c120 00000fff
CR0=80000011 CR2=0000000000000000 CR3=000000000011e000 CR4=00000020
DR0=0000000000000000 DR1=0000000000000000 DR2=0000000000000000 DR3=0000000000000000 
DR6=00000000ffff0ff0 DR7=0000000000000400
CCS=0000000000000044 CCD=0000000000000000 CCO=EFLAGS
EFER=0000000000000500
Servicing hardware INT=0x20
   117: v=20 e=0000 i=0 cpl=0 IP=0008:ffffffff801012ab pc=ffffffff801012ab SP=0010:ffffffff8011bfb0 env->regs[R_EAX]=0000000000000000
RAX=0000000000000000 RBX=000000000011e000 RCX=00000000000000fb RDX=0000000000000f74
RSI=0000000000000f74 RDI=ffffffff8011bfcb RBP=ffffffff8011bff0 RSP=ffffffff8011bfb0
R8 =0000000000000000 R9 =0000000000000000 R10=0000000000000000 R11=0000000000000000
R12=0000000000000000 R13=0000000000000000 R14=0000000000000000 R15=0000000000000000
RIP=ffffffff801012ab RFL=00000246 [---Z-P-] CPL=0 II=0 A20=1 SMM=0 HLT=0
ES =0010 0000000000000000 ffffffff 00af9300 DPL=0 DS   [-WA]
CS =0008 0000000000000000 ffffffff 00af9a00 DPL=0 CS64 [-R-]
SS =0010 0000000000000000 ffffffff 00af9300 DPL=0 DS   [-WA]
DS =0010 0000000000000000 ffffffff 00af9300 DPL=0 DS   [-WA]
FS =0018 0000000000000000 ffffffff 00cf9300 DPL=0 DS   [-WA]
GS =0018 0000000000000000 ffffffff 00cf9300 DPL=0 DS   [-WA]
LDT=0000 0000000000000000 0000ffff 00008200 DPL=0 LDT
TR =0018 ffffffff80116ec0 00000067 00008900 DPL=0 TSS64-avl
GDT=     ffffffff80116f30 0000003f
IDT=     ffffffff8011c120 00000fff
CR0=80000011 CR2=0000000000000000 CR3=000000000011e000 CR4=00000020
DR0=0000000000000000 DR1=0000000000000000 DR2=0000000000000000 DR3=0000000000000000 
DR6=00000000ffff0ff0 DR7=0000000000000400
CCS=0000000000000044 CCD=0000000000000000 CCO=EFLAGS
EFER=0000000000000500
Servicing hardware INT=0x21
   118: v=21 e=0000 i=0 cpl=0 IP=0008:ffffffff801012ab pc=ffffffff801012ab SP=0010:ffffffff8011bfb0 env->regs[R_EAX]=0000000000000000
RAX=0000000000000000 RBX=000000000011e000 RCX=00000000000000fb RDX=0000000000000f74
RSI=0000000000000f74 RDI=ffffffff8011bfcb RBP=ffffffff8011bff0 RSP=ffffffff8011bfb0
R8 =0000000000000000 R9 =0000000000000000 R10=0000000000000000 R11=0000000000000000
R12=0000000000000000 R13=0000000000000000 R14=0000000000000000 R15=0000000000000000
RIP=ffffffff801012ab RFL=00000246 [---Z-P-] CPL=0 II=0 A20=1 SMM=0 HLT=0
ES =0010 0000000000000000 ffffffff 00af9300 DPL=0 DS   [-WA]
CS =0008 0000000000000000 ffffffff 00af9a00 DPL=0 CS64 [-R-]
SS =0010 0000000000000000 ffffffff 00af9300 DPL=0 DS   [-WA]
DS =0010 0000000000000000 ffffffff 00af9300 DPL=0 DS   [-WA]
FS =0018 0000000000000000 ffffffff 00cf9300 DPL=0 DS   [-WA]
GS =0018 0000000000000000 ffffffff 00cf9300 DPL=0 DS   [-WA]
LDT=0000 0000000000000000 0000ffff 00008200 DPL=0 LDT
TR =0018 ffffffff80116ec0 00000067 00008900 DPL=0 TSS64-avl
GDT=     ffffffff80116f30 0000003f
IDT=     ffffffff8011c120 00000fff
CR0=80000011 CR2=0000000000000000 CR3=000000000011e000 CR4=00000020
DR0=0000000000000000 DR1=0000000000000000 DR2=0000000000000000 DR3=0000000000000000 
DR6=00000000ffff0ff0 DR7=0000000000000400
CCS=0000000000000044 CCD=0000000000000000 CCO=EFLAGS
EFER=0000000000000500
Servicing hardware INT=0x20
   119: v=20 e=0000 i=0 cpl=0 IP=0008:ffffffff801012ab pc=ffffffff801012ab SP=0010:ffffffff8011bfb0 env->regs[R_EAX]=0000000000000000
RAX=0000000000000000 RBX=000000000011e000 RCX=00000000000000fb RDX=0000000000000f74
RSI=0000000000000f74 RDI=ffffffff8011bfcb RBP=ffffffff8011bff0 RSP=ffffffff8011bfb0
R8 =0000000000000000 R9 =0000000000000000 R10=0000000000000000 R11=0000000000000000
R12=0000000000000000 R13=0000000000000000 R14=0000000000000000 R15=0000000000000000
RIP=ffffffff801012ab RFL=00000246 [---Z-P-] CPL=0 II=0 A20=1 SMM=0 HLT=0
ES =0010 0000000000000000 ffffffff 00af9300 DPL=0 DS   [-WA]
CS =0008 0000000000000000 ffffffff 00af9a00 DPL=0 CS64 [-R-]
SS =0010 0000000000000000 ffffffff 00af9300 DPL=0 DS   [-WA]
DS =0010 0000000000000000 ffffffff 00af9300 DPL=0 DS   [-WA]
FS =0018 0000000000000000 ffffffff 00cf9300 DPL=0 DS   [-WA]
GS =0018 0000000000000000 ffffffff 00cf9300 DPL=0 DS   [-WA]
LDT=0000 0000000000000000 0000ffff 00008200 DPL=0 LDT
TR =0018 ffffffff80116ec0 00000067 00008900 DPL=0 TSS64-avl
GDT=     ffffffff80116f30 0000003f
IDT=     ffffffff8011c120 00000fff
CR0=80000011 CR2=0000000000000000 CR3=000000000011e000 CR4=00000020
DR0=0000000000000000 DR1=0000000000000000 DR2=0000000000000000 DR3=0000000000000000 
DR6=00000000ffff0ff0 DR7=0000000000000400
CCS=0000000000000044 CCD=0000000000000000 CCO=EFLAGS
EFER=0000000000000500
Servicing hardware INT=0x20
   120: v=20 e=0000 i=0 cpl=0 IP=0008:ffffffff801012ab pc=ffffffff801012ab SP=0010:ffffffff8011bfb0 env->regs[R_EAX]=0000000000000000
RAX=0000000000000000 RBX=000000000011e000 RCX=00000000000000fb RDX=0000000000000f74
RSI=0000000000000f74 RDI=ffffffff8011bfcb RBP=ffffffff8011bff0 RSP=ffffffff8011bfb0
R8 =0000000000000000 R9 =0000000000000000 R10=0000000000000000 R11=0000000000000000
R12=0000000000000000 R13=0000000000000000 R14=0000000000000000 R15=0000000000000000
RIP=ffffffff801012ab RFL=00000246 [---Z-P-] CPL=0 II=0 A20=1 SMM=0 HLT=0
ES =0010 0000000000000000 ffffffff 00af9300 DPL=0 DS   [-WA]
CS =0008 0000000000000000 ffffffff 00af9a00 DPL=0 CS64 [-R-]
SS =0010 0000000000000000 ffffffff 00af9300 DPL=0 DS   [-WA]
DS =0010 0000000000000000 ffffffff 00af9300 DPL=0 DS   [-WA]
FS =0018 0000000000000000 ffffffff 00cf9300 DPL=0 DS   [-WA]
GS =0018 0000000000000000 ffffffff 00cf9300 DPL=0 DS   [-WA]
LDT=0000 0000000000000000 0000ffff 00008200 DPL=0 LDT
TR =0018 ffffffff80116ec0 00000067 00008900 DPL=0 TSS64-avl
GDT=     ffffffff80116f30 0000003f
IDT=     ffffffff8011c120 00000fff
CR0=80000011 CR2=0000000000000000 CR3=000000000011e000 CR4=00000020
DR0=0000000000000000 DR1=0000000000000000 DR2=0000000000000000 DR3=0000000000000000 
DR6=00000000ffff0ff0 DR7=0000000000000400
CCS=0000000000000044 CCD=0000000000000000 CCO=EFLAGS
EFER=0000000000000500
Servicing hardware INT=0x20
   121: v=20 e=0000 i=0 cpl=0 IP=0008:ffffffff801012ab pc=ffffffff801012ab SP=0010:ffffffff8011bfb0 env->regs[R_EAX]=0000000000000000
RAX=0000000000000000 RBX=000000000011e000 RCX=00000000000000fb RDX=0000000000000f74
RSI=0000000000000f74 RDI=ffffffff8011bfcb RBP=ffffffff8011bff0 RSP=ffffffff8011bfb0
R8 =0000000000000000 R9 =0000000000000000 R10=0000000000000000 R11=0000000000000000
R12=0000000000000000 R13=0000000000000000 R14=0000000000000000 R15=0000000000000000
RIP=ffffffff801012ab RFL=00000246 [---Z-P-] CPL=0 II=0 A20=1 SMM=0 HLT=0
ES =0010 0000000000000000 ffffffff 00af9300 DPL=0 DS   [-WA]
CS =0008 0000000000000000 ffffffff 00af9a00 DPL=0 CS64 [-R-]
SS =0010 0000000000000000 ffffffff 00af9300 DPL=0 DS   [-WA]
DS =0010 0000000000000000 ffffffff 00af9300 DPL=0 DS   [-WA]
FS =0018 0000000000000000 ffffffff 00cf9300 DPL=0 DS   [-WA]
GS =0018 0000000000000000 ffffffff 00cf9300 DPL=0 DS   [-WA]
LDT=0000 0000000000000000 0000ffff 00008200 DPL=0 LDT
TR =0018 ffffffff80116ec0 00000067 00008900 DPL=0 TSS64-avl
GDT=     ffffffff80116f30 0000003f
IDT=     ffffffff8011c120 00000fff
CR0=80000011 CR2=0000000000000000 CR3=000000000011e000 CR4=00000020
DR0=0000000000000000 DR1=0000000000000000 DR2=0000000000000000 DR3=0000000000000000 
DR6=00000000ffff0ff0 DR7=0000000000000400
CCS=0000000000000044 CCD=0000000000000000 CCO=EFLAGS
EFER=0000000000000500
Servicing hardware INT=0x20
   122: v=20 e=0000 i=0 cpl=0 IP=0008:ffffffff801012ab pc=ffffffff801012ab SP=0010:ffffffff8011bfb0 env->regs[R_EAX]=0000000000000000
RAX=0000000000000000 RBX=000000000011e000 RCX=00000000000000fb RDX=0000000000000f74
RSI=0000000000000f74 RDI=ffffffff8011bfcb RBP=ffffffff8011bff0 RSP=ffffffff8011bfb0
R8 =0000000000000000 R9 =0000000000000000 R10=0000000000000000 R11=0000000000000000
R12=0000000000000000 R13=0000000000000000 R14=0000000000000000 R15=0000000000000000
RIP=ffffffff801012ab RFL=00000246 [---Z-P-] CPL=0 II=0 A20=1 SMM=0 HLT=0
ES =0010 0000000000000000 ffffffff 00af9300 DPL=0 DS   [-WA]
CS =0008 0000000000000000 ffffffff 00af9a00 DPL=0 CS64 [-R-]
SS =0010 0000000000000000 ffffffff 00af9300 DPL=0 DS   [-WA]
DS =0010 0000000000000000 ffffffff 00af9300 DPL=0 DS   [-WA]
FS =0018 0000000000000000 ffffffff 00cf9300 DPL=0 DS   [-WA]
GS =0018 0000000000000000 ffffffff 00cf9300 DPL=0 DS   [-WA]
LDT=0000 0000000000000000 0000ffff 00008200 DPL=0 LDT
TR =0018 ffffffff80116ec0 00000067 00008900 DPL=0 TSS64-avl
GDT=     ffffffff80116f30 0000003f
IDT=     ffffffff8011c120 00000fff
CR0=80000011 CR2=0000000000000000 CR3=000000000011e000 CR4=00000020
DR0=0000000000000000 DR1=0000000000000000 DR2=0000000000000000 DR3=0000000000000000 
DR6=00000000ffff0ff0 DR7=0000000000000400
CCS=0000000000000044 CCD=0000000000000000 CCO=EFLAGS
EFER=0000000000000500
Servicing hardware INT=0x20
   123: v=20 e=0000 i=0 cpl=0 IP=0008:ffffffff801012ab pc=ffffffff801012ab SP=0010:ffffffff8011bfb0 env->regs[R_EAX]=0000000000000000
RAX=0000000000000000 RBX=000000000011e000 RCX=00000000000000fb RDX=0000000000000f74
RSI=0000000000000f74 RDI=ffffffff8011bfcb RBP=ffffffff8011bff0 RSP=ffffffff8011bfb0
R8 =0000000000000000 R9 =0000000000000000 R10=0000000000000000 R11=0000000000000000
R12=0000000000000000 R13=0000000000000000 R14=0000000000000000 R15=0000000000000000
RIP=ffffffff801012ab RFL=00000246 [---Z-P-] CPL=0 II=0 A20=1 SMM=0 HLT=0
ES =0010 0000000000000000 ffffffff 00af9300 DPL=0 DS   [-WA]
CS =0008 0000000000000000 ffffffff 00af9a00 DPL=0 CS64 [-R-]
SS =0010 0000000000000000 ffffffff 00af9300 DPL=0 DS   [-WA]
DS =0010 0000000000000000 ffffffff 00af9300 DPL=0 DS   [-WA]
FS =0018 0000000000000000 ffffffff 00cf9300 DPL=0 DS   [-WA]
GS =0018 0000000000000000 ffffffff 00cf9300 DPL=0 DS   [-WA]
LDT=0000 0000000000000000 0000ffff 00008200 DPL=0 LDT
TR =0018 ffffffff80116ec0 00000067 00008900 DPL=0 TSS64-avl
GDT=     ffffffff80116f30 0000003f
IDT=     ffffffff8011c120 00000fff
CR0=80000011 CR2=0000000000000000 CR3=000000000011e000 CR4=00000020
DR0=0000000000000000 DR1=0000000000000000 DR2=0000000000000000 DR3=0000000000000000 
DR6=00000000ffff0ff0 DR7=0000000000000400
CCS=0000000000000044 CCD=0000000000000000 CCO=EFLAGS
EFER=0000000000000500
Servicing hardware INT=0x20
   124: v=20 e=0000 i=0 cpl=0 IP=0008:ffffffff801012ab pc=ffffffff801012ab SP=0010:ffffffff8011bfb0 env->regs[R_EAX]=0000000000000000
RAX=0000000000000000 RBX=000000000011e000 RCX=00000000000000fb RDX=0000000000000f74
RSI=0000000000000f74 RDI=ffffffff8011bfcb RBP=ffffffff8011bff0 RSP=ffffffff8011bfb0
R8 =0000000000000000 R9 =0000000000000000 R10=0000000000000000 R11=0000000000000000
R12=0000000000000000 R13=0000000000000000 R14=0000000000000000 R15=0000000000000000
RIP=ffffffff801012ab RFL=00000246 [---Z-P-] CPL=0 II=0 A20=1 SMM=0 HLT=0
ES =0010 0000000000000000 ffffffff 00af9300 DPL=0 DS   [-WA]
CS =0008 0000000000000000 ffffffff 00af9a00 DPL=0 CS64 [-R-]
SS =0010 0000000000000000 ffffffff 00af9300 DPL=0 DS   [-WA]
DS =0010 0000000000000000 ffffffff 00af9300 DPL=0 DS   [-WA]
FS =0018 0000000000000000 ffffffff 00cf9300 DPL=0 DS   [-WA]
GS =0018 0000000000000000 ffffffff 00cf9300 DPL=0 DS   [-WA]
LDT=0000 0000000000000000 0000ffff 00008200 DPL=0 LDT
TR =0018 ffffffff80116ec0 00000067 00008900 DPL=0 TSS64-avl
GDT=     ffffffff80116f30 0000003f
IDT=     ffffffff8011c120 00000fff
CR0=80000011 CR2=0000000000000000 CR3=000000000011e000 CR4=00000020
DR0=0000000000000000 DR1=0000000000000000 DR2=0000000000000000 DR3=0000000000000000 
DR6=00000000ffff0ff0 DR7=0000000000000400
CCS=0000000000000044 CCD=0000000000000000 CCO=EFLAGS
EFER=0000000000000500
Servicing hardware INT=0x20
   125: v=20 e=0000 i=0 cpl=0 IP=0008:ffffffff801012ab pc=ffffffff801012ab SP=0010:ffffffff8011bfb0 env->regs[R_EAX]=0000000000000000
RAX=0000000000000000 RBX=000000000011e000 RCX=00000000000000fb RDX=0000000000000f74
RSI=0000000000000f74 RDI=ffffffff8011bfcb RBP=ffffffff8011bff0 RSP=ffffffff8011bfb0
R8 =0000000000000000 R9 =0000000000000000 R10=0000000000000000 R11=0000000000000000
R12=0000000000000000 R13=0000000000000000 R14=0000000000000000 R15=0000000000000000
RIP=ffffffff801012ab RFL=00000246 [---Z-P-] CPL=0 II=0 A20=1 SMM=0 HLT=0
ES =0010 0000000000000000 ffffffff 00af9300 DPL=0 DS   [-WA]
CS =0008 0000000000000000 ffffffff 00af9a00 DPL=0 CS64 [-R-]
SS =0010 0000000000000000 ffffffff 00af9300 DPL=0 DS   [-WA]
DS =0010 0000000000000000 ffffffff 00af9300 DPL=0 DS   [-WA]
FS =0018 0000000000000000 ffffffff 00cf9300 DPL=0 DS   [-WA]
GS =0018 0000000000000000 ffffffff 00cf9300 DPL=0 DS   [-WA]
LDT=0000 0000000000000000 0000ffff 00008200 DPL=0 LDT
TR =0018 ffffffff80116ec0 00000067 00008900 DPL=0 TSS64-avl
GDT=     ffffffff80116f30 0000003f
IDT=     ffffffff8011c120 00000fff
CR0=80000011 CR2=0000000000000000 CR3=000000000011e000 CR4=00000020
DR0=0000000000000000 DR1=0000000000000000 DR2=0000000000000000 DR3=0000000000000000 
DR6=00000000ffff0ff0 DR7=0000000000000400
CCS=0000000000000044 CCD=0000000000000000 CCO=EFLAGS
EFER=0000000000000500
Servicing hardware INT=0x20
   126: v=20 e=0000 i=0 cpl=0 IP=0008:ffffffff801012ab pc=ffffffff801012ab SP=0010:ffffffff8011bfb0 env->regs[R_EAX]=0000000000000000
RAX=0000000000000000 RBX=000000000011e000 RCX=00000000000000fb RDX=0000000000000f74
RSI=0000000000000f74 RDI=ffffffff8011bfcb RBP=ffffffff8011bff0 RSP=ffffffff8011bfb0
R8 =0000000000000000 R9 =0000000000000000 R10=0000000000000000 R11=0000000000000000
R12=0000000000000000 R13=0000000000000000 R14=0000000000000000 R15=0000000000000000
RIP=ffffffff801012ab RFL=00000246 [---Z-P-] CPL=0 II=0 A20=1 SMM=0 HLT=0
ES =0010 0000000000000000 ffffffff 00af9300 DPL=0 DS   [-WA]
CS =0008 0000000000000000 ffffffff 00af9a00 DPL=0 CS64 [-R-]
SS =0010 0000000000000000 ffffffff 00af9300 DPL=0 DS   [-WA]
DS =0010 0000000000000000 ffffffff 00af9300 DPL=0 DS   [-WA]
FS =0018 0000000000000000 ffffffff 00cf9300 DPL=0 DS   [-WA]
GS =0018 0000000000000000 ffffffff 00cf9300 DPL=0 DS   [-WA]
LDT=0000 0000000000000000 0000ffff 00008200 DPL=0 LDT
TR =0018 ffffffff80116ec0 00000067 00008900 DPL=0 TSS64-avl
GDT=     ffffffff80116f30 0000003f
IDT=     ffffffff8011c120 00000fff
CR0=80000011 CR2=0000000000000000 CR3=000000000011e000 CR4=00000020
DR0=0000000000000000 DR1=0000000000000000 DR2=0000000000000000 DR3=0000000000000000 
DR6=00000000ffff0ff0 DR7=0000000000000400
CCS=0000000000000044 CCD=0000000000000000 CCO=EFLAGS
EFER=0000000000000500
Servicing hardware INT=0x20
   127: v=20 e=0000 i=0 cpl=0 IP=0008:ffffffff801012ab pc=ffffffff801012ab SP=0010:ffffffff8011bfb0 env->regs[R_EAX]=0000000000000000
RAX=0000000000000000 RBX=000000000011e000 RCX=00000000000000fb RDX=0000000000000f74
RSI=0000000000000f74 RDI=ffffffff8011bfcb RBP=ffffffff8011bff0 RSP=ffffffff8011bfb0
R8 =0000000000000000 R9 =0000000000000000 R10=0000000000000000 R11=0000000000000000
R12=0000000000000000 R13=0000000000000000 R14=0000000000000000 R15=0000000000000000
RIP=ffffffff801012ab RFL=00000246 [---Z-P-] CPL=0 II=0 A20=1 SMM=0 HLT=0
ES =0010 0000000000000000 ffffffff 00af9300 DPL=0 DS   [-WA]
CS =0008 0000000000000000 ffffffff 00af9a00 DPL=0 CS64 [-R-]
SS =0010 0000000000000000 ffffffff 00af9300 DPL=0 DS   [-WA]
DS =0010 0000000000000000 ffffffff 00af9300 DPL=0 DS   [-WA]
FS =0018 0000000000000000 ffffffff 00cf9300 DPL=0 DS   [-WA]
GS =0018 0000000000000000 ffffffff 00cf9300 DPL=0 DS   [-WA]
LDT=0000 0000000000000000 0000ffff 00008200 DPL=0 LDT
TR =0018 ffffffff80116ec0 00000067 00008900 DPL=0 TSS64-avl
GDT=     ffffffff80116f30 0000003f
IDT=     ffffffff8011c120 00000fff
CR0=80000011 CR2=0000000000000000 CR3=000000000011e000 CR4=00000020
DR0=0000000000000000 DR1=0000000000000000 DR2=0000000000000000 DR3=0000000000000000 
DR6=00000000ffff0ff0 DR7=0000000000000400
CCS=0000000000000044 CCD=0000000000000000 CCO=EFLAGS
EFER=0000000000000500
Servicing hardware INT=0x20
   128: v=20 e=0000 i=0 cpl=0 IP=0008:ffffffff801012ab pc=ffffffff801012ab SP=0010:ffffffff8011bfb0 env->regs[R_EAX]=0000000000000000
RAX=0000000000000000 RBX=000000000011e000 RCX=00000000000000fb RDX=0000000000000f74
RSI=0000000000000f74 RDI=ffffffff8011bfcb RBP=ffffffff8011bff0 RSP=ffffffff8011bfb0
R8 =0000000000000000 R9 =0000000000000000 R10=0000000000000000 R11=0000000000000000
R12=0000000000000000 R13=0000000000000000 R14=0000000000000000 R15=0000000000000000
RIP=ffffffff801012ab RFL=00000246 [---Z-P-] CPL=0 II=0 A20=1 SMM=0 HLT=0
ES =0010 0000000000000000 ffffffff 00af9300 DPL=0 DS   [-WA]
CS =0008 0000000000000000 ffffffff 00af9a00 DPL=0 CS64 [-R-]
SS =0010 0000000000000000 ffffffff 00af9300 DPL=0 DS   [-WA]
DS =0010 0000000000000000 ffffffff 00af9300 DPL=0 DS   [-WA]
FS =0018 0000000000000000 ffffffff 00cf9300 DPL=0 DS   [-WA]
GS =0018 0000000000000000 ffffffff 00cf9300 DPL=0 DS   [-WA]
LDT=0000 0000000000000000 0000ffff 00008200 DPL=0 LDT
TR =0018 ffffffff80116ec0 00000067 00008900 DPL=0 TSS64-avl
GDT=     ffffffff80116f30 0000003f
IDT=     ffffffff8011c120 00000fff
CR0=80000011 CR2=0000000000000000 CR3=000000000011e000 CR4=00000020
DR0=0000000000000000 DR1=0000000000000000 DR2=0000000000000000 DR3=0000000000000000 
DR6=00000000ffff0ff0 DR7=0000000000000400
CCS=0000000000000044 CCD=0000000000000000 CCO=EFLAGS
EFER=0000000000000500
Servicing hardware INT=0x20
   129: v=20 e=0000 i=0 cpl=0 IP=0008:ffffffff801012ab pc=ffffffff801012ab SP=0010:ffffffff8011bfb0 env->regs[R_EAX]=0000000000000000
RAX=0000000000000000 RBX=000000000011e000 RCX=00000000000000fb RDX=0000000000000f74
RSI=0000000000000f74 RDI=ffffffff8011bfcb RBP=ffffffff8011bff0 RSP=ffffffff8011bfb0
R8 =0000000000000000 R9 =0000000000000000 R10=0000000000000000 R11=0000000000000000
R12=0000000000000000 R13=0000000000000000 R14=0000000000000000 R15=0000000000000000
RIP=ffffffff801012ab RFL=00000246 [---Z-P-] CPL=0 II=0 A20=1 SMM=0 HLT=0
ES =0010 0000000000000000 ffffffff 00af9300 DPL=0 DS   [-WA]
CS =0008 0000000000000000 ffffffff 00af9a00 DPL=0 CS64 [-R-]
SS =0010 0000000000000000 ffffffff 00af9300 DPL=0 DS   [-WA]
DS =0010 0000000000000000 ffffffff 00af9300 DPL=0 DS   [-WA]
FS =0018 0000000000000000 ffffffff 00cf9300 DPL=0 DS   [-WA]
GS =0018 0000000000000000 ffffffff 00cf9300 DPL=0 DS   [-WA]
LDT=0000 0000000000000000 0000ffff 00008200 DPL=0 LDT
TR =0018 ffffffff80116ec0 00000067 00008900 DPL=0 TSS64-avl
GDT=     ffffffff80116f30 0000003f
IDT=     ffffffff8011c120 00000fff
CR0=80000011 CR2=0000000000000000 CR3=000000000011e000 CR4=00000020
DR0=0000000000000000 DR1=0000000000000000 DR2=0000000000000000 DR3=0000000000000000 
DR6=00000000ffff0ff0 DR7=0000000000000400
CCS=0000000000000044 CCD=0000000000000000 CCO=EFLAGS
EFER=0000000000000500
Servicing hardware INT=0x20
   130: v=20 e=0000 i=0 cpl=0 IP=0008:ffffffff801012ab pc=ffffffff801012ab SP=0010:ffffffff8011bfb0 env->regs[R_EAX]=0000000000000000
RAX=0000000000000000 RBX=000000000011e000 RCX=00000000000000fb RDX=0000000000000f74
RSI=0000000000000f74 RDI=ffffffff8011bfcb RBP=ffffffff8011bff0 RSP=ffffffff8011bfb0
R8 =0000000000000000 R9 =0000000000000000 R10=0000000000000000 R11=0000000000000000
R12=0000000000000000 R13=0000000000000000 R14=0000000000000000 R15=0000000000000000
RIP=ffffffff801012ab RFL=00000246 [---Z-P-] CPL=0 II=0 A20=1 SMM=0 HLT=0
ES =0010 0000000000000000 ffffffff 00af9300 DPL=0 DS   [-WA]
CS =0008 0000000000000000 ffffffff 00af9a00 DPL=0 CS64 [-R-]
SS =0010 0000000000000000 ffffffff 00af9300 DPL=0 DS   [-WA]
DS =0010 0000000000000000 ffffffff 00af9300 DPL=0 DS   [-WA]
FS =0018 0000000000000000 ffffffff 00cf9300 DPL=0 DS   [-WA]
GS =0018 0000000000000000 ffffffff 00cf9300 DPL=0 DS   [-WA]
LDT=0000 0000000000000000 0000ffff 00008200 DPL=0 LDT
TR =0018 ffffffff80116ec0 00000067 00008900 DPL=0 TSS64-avl
GDT=     ffffffff80116f30 0000003f
IDT=     ffffffff8011c120 00000fff
CR0=80000011 CR2=0000000000000000 CR3=000000000011e000 CR4=00000020
DR0=0000000000000000 DR1=0000000000000000 DR2=0000000000000000 DR3=0000000000000000 
DR6=00000000ffff0ff0 DR7=0000000000000400
CCS=0000000000000044 CCD=0000000000000000 CCO=EFLAGS
EFER=0000000000000500
Servicing hardware INT=0x20
   131: v=20 e=0000 i=0 cpl=0 IP=0008:ffffffff801012ab pc=ffffffff801012ab SP=0010:ffffffff8011bfb0 env->regs[R_EAX]=0000000000000000
RAX=0000000000000000 RBX=000000000011e000 RCX=00000000000000fb RDX=0000000000000f74
RSI=0000000000000f74 RDI=ffffffff8011bfcb RBP=ffffffff8011bff0 RSP=ffffffff8011bfb0
R8 =0000000000000000 R9 =0000000000000000 R10=0000000000000000 R11=0000000000000000
R12=0000000000000000 R13=0000000000000000 R14=0000000000000000 R15=0000000000000000
RIP=ffffffff801012ab RFL=00000246 [---Z-P-] CPL=0 II=0 A20=1 SMM=0 HLT=0
ES =0010 0000000000000000 ffffffff 00af9300 DPL=0 DS   [-WA]
CS =0008 0000000000000000 ffffffff 00af9a00 DPL=0 CS64 [-R-]
SS =0010 0000000000000000 ffffffff 00af9300 DPL=0 DS   [-WA]
DS =0010 0000000000000000 ffffffff 00af9300 DPL=0 DS   [-WA]
FS =0018 0000000000000000 ffffffff 00cf9300 DPL=0 DS   [-WA]
GS =0018 0000000000000000 ffffffff 00cf9300 DPL=0 DS   [-WA]
LDT=0000 0000000000000000 0000ffff 00008200 DPL=0 LDT
TR =0018 ffffffff80116ec0 00000067 00008900 DPL=0 TSS64-avl
GDT=     ffffffff80116f30 0000003f
IDT=     ffffffff8011c120 00000fff
CR0=80000011 CR2=0000000000000000 CR3=000000000011e000 CR4=00000020
DR0=0000000000000000 DR1=0000000000000000 DR2=0000000000000000 DR3=0000000000000000 
DR6=00000000ffff0ff0 DR7=0000000000000400
CCS=0000000000000044 CCD=0000000000000000 CCO=EFLAGS
EFER=0000000000000500
Servicing hardware INT=0x20
   132: v=20 e=0000 i=0 cpl=0 IP=0008:ffffffff801012ab pc=ffffffff801012ab SP=0010:ffffffff8011bfb0 env->regs[R_EAX]=0000000000000000
RAX=0000000000000000 RBX=000000000011e000 RCX=00000000000000fb RDX=0000000000000f74
RSI=0000000000000f74 RDI=ffffffff8011bfcb RBP=ffffffff8011bff0 RSP=ffffffff8011bfb0
R8 =0000000000000000 R9 =0000000000000000 R10=0000000000000000 R11=0000000000000000
R12=0000000000000000 R13=0000000000000000 R14=0000000000000000 R15=0000000000000000
RIP=ffffffff801012ab RFL=00000246 [---Z-P-] CPL=0 II=0 A20=1 SMM=0 HLT=0
ES =0010 0000000000000000 ffffffff 00af9300 DPL=0 DS   [-WA]
CS =0008 0000000000000000 ffffffff 00af9a00 DPL=0 CS64 [-R-]
SS =0010 0000000000000000 ffffffff 00af9300 DPL=0 DS   [-WA]
DS =0010 0000000000000000 ffffffff 00af9300 DPL=0 DS   [-WA]
FS =0018 0000000000000000 ffffffff 00cf9300 DPL=0 DS   [-WA]
GS =0018 0000000000000000 ffffffff 00cf9300 DPL=0 DS   [-WA]
LDT=0000 0000000000000000 0000ffff 00008200 DPL=0 LDT
TR =0018 ffffffff80116ec0 00000067 00008900 DPL=0 TSS64-avl
GDT=     ffffffff80116f30 0000003f
IDT=     ffffffff8011c120 00000fff
CR0=80000011 CR2=0000000000000000 CR3=000000000011e000 CR4=00000020
DR0=0000000000000000 DR1=0000000000000000 DR2=0000000000000000 DR3=0000000000000000 
DR6=00000000ffff0ff0 DR7=0000000000000400
CCS=0000000000000044 CCD=0000000000000000 CCO=EFLAGS
EFER=0000000000000500
Servicing hardware INT=0x20
   133: v=20 e=0000 i=0 cpl=0 IP=0008:ffffffff801012ab pc=ffffffff801012ab SP=0010:ffffffff8011bfb0 env->regs[R_EAX]=0000000000000000
RAX=0000000000000000 RBX=000000000011e000 RCX=00000000000000fb RDX=0000000000000f74
RSI=0000000000000f74 RDI=ffffffff8011bfcb RBP=ffffffff8011bff0 RSP=ffffffff8011bfb0
R8 =0000000000000000 R9 =0000000000000000 R10=0000000000000000 R11=0000000000000000
R12=0000000000000000 R13=0000000000000000 R14=0000000000000000 R15=0000000000000000
RIP=ffffffff801012ab RFL=00000246 [---Z-P-] CPL=0 II=0 A20=1 SMM=0 HLT=0
ES =0010 0000000000000000 ffffffff 00af9300 DPL=0 DS   [-WA]
CS =0008 0000000000000000 ffffffff 00af9a00 DPL=0 CS64 [-R-]
SS =0010 0000000000000000 ffffffff 00af9300 DPL=0 DS   [-WA]
DS =0010 0000000000000000 ffffffff 00af9300 DPL=0 DS   [-WA]
FS =0018 0000000000000000 ffffffff 00cf9300 DPL=0 DS   [-WA]
GS =0018 0000000000000000 ffffffff 00cf9300 DPL=0 DS   [-WA]
LDT=0000 0000000000000000 0000ffff 00008200 DPL=0 LDT
TR =0018 ffffffff80116ec0 00000067 00008900 DPL=0 TSS64-avl
GDT=     ffffffff80116f30 0000003f
IDT=     ffffffff8011c120 00000fff
CR0=80000011 CR2=0000000000000000 CR3=000000000011e000 CR4=00000020
DR0=0000000000000000 DR1=0000000000000000 DR2=0000000000000000 DR3=0000000000000000 
DR6=00000000ffff0ff0 DR7=0000000000000400
CCS=0000000000000044 CCD=0000000000000000 CCO=EFLAGS
EFER=0000000000000500
Servicing hardware INT=0x20
   134: v=20 e=0000 i=0 cpl=0 IP=0008:ffffffff801012ab pc=ffffffff801012ab SP=0010:ffffffff8011bfb0 env->regs[R_EAX]=0000000000000000
RAX=0000000000000000 RBX=000000000011e000 RCX=00000000000000fb RDX=0000000000000f74
RSI=0000000000000f74 RDI=ffffffff8011bfcb RBP=ffffffff8011bff0 RSP=ffffffff8011bfb0
R8 =0000000000000000 R9 =0000000000000000 R10=0000000000000000 R11=0000000000000000
R12=0000000000000000 R13=0000000000000000 R14=0000000000000000 R15=0000000000000000
RIP=ffffffff801012ab RFL=00000246 [---Z-P-] CPL=0 II=0 A20=1 SMM=0 HLT=0
ES =0010 0000000000000000 ffffffff 00af9300 DPL=0 DS   [-WA]
CS =0008 0000000000000000 ffffffff 00af9a00 DPL=0 CS64 [-R-]
SS =0010 0000000000000000 ffffffff 00af9300 DPL=0 DS   [-WA]
DS =0010 0000000000000000 ffffffff 00af9300 DPL=0 DS   [-WA]
FS =0018 0000000000000000 ffffffff 00cf9300 DPL=0 DS   [-WA]
GS =0018 0000000000000000 ffffffff 00cf9300 DPL=0 DS   [-WA]
LDT=0000 0000000000000000 0000ffff 00008200 DPL=0 LDT
TR =0018 ffffffff80116ec0 00000067 00008900 DPL=0 TSS64-avl
GDT=     ffffffff80116f30 0000003f
IDT=     ffffffff8011c120 00000fff
CR0=80000011 CR2=0000000000000000 CR3=000000000011e000 CR4=00000020
DR0=0000000000000000 DR1=0000000000000000 DR2=0000000000000000 DR3=0000000000000000 
DR6=00000000ffff0ff0 DR7=0000000000000400
CCS=0000000000000044 CCD=0000000000000000 CCO=EFLAGS
EFER=0000000000000500
Servicing hardware INT=0x20
   135: v=20 e=0000 i=0 cpl=0 IP=0008:ffffffff801012ab pc=ffffffff801012ab SP=0010:ffffffff8011bfb0 env->regs[R_EAX]=0000000000000000
RAX=0000000000000000 RBX=000000000011e000 RCX=00000000000000fb RDX=0000000000000f74
RSI=0000000000000f74 RDI=ffffffff8011bfcb RBP=ffffffff8011bff0 RSP=ffffffff8011bfb0
R8 =0000000000000000 R9 =0000000000000000 R10=0000000000000000 R11=0000000000000000
R12=0000000000000000 R13=0000000000000000 R14=0000000000000000 R15=0000000000000000
RIP=ffffffff801012ab RFL=00000246 [---Z-P-] CPL=0 II=0 A20=1 SMM=0 HLT=0
ES =0010 0000000000000000 ffffffff 00af9300 DPL=0 DS   [-WA]
CS =0008 0000000000000000 ffffffff 00af9a00 DPL=0 CS64 [-R-]
SS =0010 0000000000000000 ffffffff 00af9300 DPL=0 DS   [-WA]
DS =0010 0000000000000000 ffffffff 00af9300 DPL=0 DS   [-WA]
FS =0018 0000000000000000 ffffffff 00cf9300 DPL=0 DS   [-WA]
GS =0018 0000000000000000 ffffffff 00cf9300 DPL=0 DS   [-WA]
LDT=0000 0000000000000000 0000ffff 00008200 DPL=0 LDT
TR =0018 ffffffff80116ec0 00000067 00008900 DPL=0 TSS64-avl
GDT=     ffffffff80116f30 0000003f
IDT=     ffffffff8011c120 00000fff
CR0=80000011 CR2=0000000000000000 CR3=000000000011e000 CR4=00000020
DR0=0000000000000000 DR1=0000000000000000 DR2=0000000000000000 DR3=0000000000000000 
DR6=00000000ffff0ff0 DR7=0000000000000400
CCS=0000000000000044 CCD=0000000000000000 CCO=EFLAGS
EFER=0000000000000500
Servicing hardware INT=0x20
   136: v=20 e=0000 i=0 cpl=0 IP=0008:ffffffff801012ab pc=ffffffff801012ab SP=0010:ffffffff8011bfb0 env->regs[R_EAX]=0000000000000000
RAX=0000000000000000 RBX=000000000011e000 RCX=00000000000000fb RDX=0000000000000f74
RSI=0000000000000f74 RDI=ffffffff8011bfcb RBP=ffffffff8011bff0 RSP=ffffffff8011bfb0
R8 =0000000000000000 R9 =0000000000000000 R10=0000000000000000 R11=0000000000000000
R12=0000000000000000 R13=0000000000000000 R14=0000000000000000 R15=0000000000000000
RIP=ffffffff801012ab RFL=00000246 [---Z-P-] CPL=0 II=0 A20=1 SMM=0 HLT=0
ES =0010 0000000000000000 ffffffff 00af9300 DPL=0 DS   [-WA]
CS =0008 0000000000000000 ffffffff 00af9a00 DPL=0 CS64 [-R-]
SS =0010 0000000000000000 ffffffff 00af9300 DPL=0 DS   [-WA]
DS =0010 0000000000000000 ffffffff 00af9300 DPL=0 DS   [-WA]
FS =0018 0000000000000000 ffffffff 00cf9300 DPL=0 DS   [-WA]
GS =0018 0000000000000000 ffffffff 00cf9300 DPL=0 DS   [-WA]
LDT=0000 0000000000000000 0000ffff 00008200 DPL=0 LDT
TR =0018 ffffffff80116ec0 00000067 00008900 DPL=0 TSS64-avl
GDT=     ffffffff80116f30 0000003f
IDT=     ffffffff8011c120 00000fff
CR0=80000011 CR2=0000000000000000 CR3=000000000011e000 CR4=00000020
DR0=0000000000000000 DR1=0000000000000000 DR2=0000000000000000 DR3=0000000000000000 
DR6=00000000ffff0ff0 DR7=0000000000000400
CCS=0000000000000044 CCD=0000000000000000 CCO=EFLAGS
EFER=0000000000000500
Servicing hardware INT=0x20
   137: v=20 e=0000 i=0 cpl=0 IP=0008:ffffffff801012ab pc=ffffffff801012ab SP=0010:ffffffff8011bfb0 env->regs[R_EAX]=0000000000000000
RAX=0000000000000000 RBX=000000000011e000 RCX=00000000000000fb RDX=0000000000000f74
RSI=0000000000000f74 RDI=ffffffff8011bfcb RBP=ffffffff8011bff0 RSP=ffffffff8011bfb0
R8 =0000000000000000 R9 =0000000000000000 R10=0000000000000000 R11=0000000000000000
R12=0000000000000000 R13=0000000000000000 R14=0000000000000000 R15=0000000000000000
RIP=ffffffff801012ab RFL=00000246 [---Z-P-] CPL=0 II=0 A20=1 SMM=0 HLT=0
ES =0010 0000000000000000 ffffffff 00af9300 DPL=0 DS   [-WA]
CS =0008 0000000000000000 ffffffff 00af9a00 DPL=0 CS64 [-R-]
SS =0010 0000000000000000 ffffffff 00af9300 DPL=0 DS   [-WA]
DS =0010 0000000000000000 ffffffff 00af9300 DPL=0 DS   [-WA]
FS =0018 0000000000000000 ffffffff 00cf9300 DPL=0 DS   [-WA]
GS =0018 0000000000000000 ffffffff 00cf9300 DPL=0 DS   [-WA]
LDT=0000 0000000000000000 0000ffff 00008200 DPL=0 LDT
TR =0018 ffffffff80116ec0 00000067 00008900 DPL=0 TSS64-avl
GDT=     ffffffff80116f30 0000003f
IDT=     ffffffff8011c120 00000fff
CR0=80000011 CR2=0000000000000000 CR3=000000000011e000 CR4=00000020
DR0=0000000000000000 DR1=0000000000000000 DR2=0000000000000000 DR3=0000000000000000 
DR6=00000000ffff0ff0 DR7=0000000000000400
CCS=0000000000000044 CCD=0000000000000000 CCO=EFLAGS
EFER=0000000000000500
Servicing hardware INT=0x21
   138: v=21 e=0000 i=0 cpl=0 IP=0008:ffffffff801012ab pc=ffffffff801012ab SP=0010:ffffffff8011bfb0 env->regs[R_EAX]=0000000000000000
RAX=0000000000000000 RBX=000000000011e000 RCX=00000000000000fb RDX=0000000000000f74
RSI=0000000000000f74 RDI=ffffffff8011bfcb RBP=ffffffff8011bff0 RSP=ffffffff8011bfb0
R8 =0000000000000000 R9 =0000000000000000 R10=0000000000000000 R11=0000000000000000
R12=0000000000000000 R13=0000000000000000 R14=0000000000000000 R15=0000000000000000
RIP=ffffffff801012ab RFL=00000246 [---Z-P-] CPL=0 II=0 A20=1 SMM=0 HLT=0
ES =0010 0000000000000000 ffffffff 00af9300 DPL=0 DS   [-WA]
CS =0008 0000000000000000 ffffffff 00af9a00 DPL=0 CS64 [-R-]
SS =0010 0000000000000000 ffffffff 00af9300 DPL=0 DS   [-WA]
DS =0010 0000000000000000 ffffffff 00af9300 DPL=0 DS   [-WA]
FS =0018 0000000000000000 ffffffff 00cf9300 DPL=0 DS   [-WA]
GS =0018 0000000000000000 ffffffff 00cf9300 DPL=0 DS   [-WA]
LDT=0000 0000000000000000 0000ffff 00008200 DPL=0 LDT
TR =0018 ffffffff80116ec0 00000067 00008900 DPL=0 TSS64-avl
GDT=     ffffffff80116f30 0000003f
IDT=     ffffffff8011c120 00000fff
CR0=80000011 CR2=0000000000000000 CR3=000000000011e000 CR4=00000020
DR0=0000000000000000 DR1=0000000000000000 DR2=0000000000000000 DR3=0000000000000000 
DR6=00000000ffff0ff0 DR7=0000000000000400
CCS=0000000000000044 CCD=0000000000000000 CCO=EFLAGS
EFER=0000000000000500
Servicing hardware INT=0x20
   139: v=20 e=0000 i=0 cpl=0 IP=0008:ffffffff801012ab pc=ffffffff801012ab SP=0010:ffffffff8011bfb0 env->regs[R_EAX]=0000000000000000
RAX=0000000000000000 RBX=000000000011e000 RCX=00000000000000fc RDX=0000000000000f65
RSI=0000000000000f65 RDI=ffffffff8011bfcb RBP=ffffffff8011bff0 RSP=ffffffff8011bfb0
R8 =0000000000000000 R9 =0000000000000000 R10=0000000000000000 R11=0000000000000000
R12=0000000000000000 R13=0000000000000000 R14=0000000000000000 R15=0000000000000000
RIP=ffffffff801012ab RFL=00000246 [---Z-P-] CPL=0 II=0 A20=1 SMM=0 HLT=0
ES =0010 0000000000000000 ffffffff 00af9300 DPL=0 DS   [-WA]
CS =0008 0000000000000000 ffffffff 00af9a00 DPL=0 CS64 [-R-]
SS =0010 0000000000000000 ffffffff 00af9300 DPL=0 DS   [-WA]
DS =0010 0000000000000000 ffffffff 00af9300 DPL=0 DS   [-WA]
FS =0018 0000000000000000 ffffffff 00cf9300 DPL=0 DS   [-WA]
GS =0018 0000000000000000 ffffffff 00cf9300 DPL=0 DS   [-WA]
LDT=0000 0000000000000000 0000ffff 00008200 DPL=0 LDT
TR =0018 ffffffff80116ec0 00000067 00008900 DPL=0 TSS64-avl
GDT=     ffffffff80116f30 0000003f
IDT=     ffffffff8011c120 00000fff
CR0=80000011 CR2=0000000000000000 CR3=000000000011e000 CR4=00000020
DR0=0000000000000000 DR1=0000000000000000 DR2=0000000000000000 DR3=0000000000000000 
DR6=00000000ffff0ff0 DR7=0000000000000400
CCS=0000000000000044 CCD=0000000000000000 CCO=EFLAGS
EFER=0000000000000500
Servicing hardware INT=0x21
   140: v=21 e=0000 i=0 cpl=0 IP=0008:ffffffff801012ab pc=ffffffff801012ab SP=0010:ffffffff8011bfb0 env->regs[R_EAX]=0000000000000000
RAX=0000000000000000 RBX=000000000011e000 RCX=00000000000000fc RDX=0000000000000f65
RSI=0000000000000f65 RDI=ffffffff8011bfcb RBP=ffffffff8011bff0 RSP=ffffffff8011bfb0
R8 =0000000000000000 R9 =0000000000000000 R10=0000000000000000 R11=0000000000000000
R12=0000000000000000 R13=0000000000000000 R14=0000000000000000 R15=0000000000000000
RIP=ffffffff801012ab RFL=00000246 [---Z-P-] CPL=0 II=0 A20=1 SMM=0 HLT=0
ES =0010 0000000000000000 ffffffff 00af9300 DPL=0 DS   [-WA]
CS =0008 0000000000000000 ffffffff 00af9a00 DPL=0 CS64 [-R-]
SS =0010 0000000000000000 ffffffff 00af9300 DPL=0 DS   [-WA]
DS =0010 0000000000000000 ffffffff 00af9300 DPL=0 DS   [-WA]
FS =0018 0000000000000000 ffffffff 00cf9300 DPL=0 DS   [-WA]
GS =0018 0000000000000000 ffffffff 00cf9300 DPL=0 DS   [-WA]
LDT=0000 0000000000000000 0000ffff 00008200 DPL=0 LDT
TR =0018 ffffffff80116ec0 00000067 00008900 DPL=0 TSS64-avl
GDT=     ffffffff80116f30 0000003f
IDT=     ffffffff8011c120 00000fff
CR0=80000011 CR2=0000000000000000 CR3=000000000011e000 CR4=00000020
DR0=0000000000000000 DR1=0000000000000000 DR2=0000000000000000 DR3=0000000000000000 
DR6=00000000ffff0ff0 DR7=0000000000000400
CCS=0000000000000044 CCD=0000000000000000 CCO=EFLAGS
EFER=0000000000000500
Servicing hardware INT=0x20
   141: v=20 e=0000 i=0 cpl=0 IP=0008:ffffffff801012ab pc=ffffffff801012ab SP=0010:ffffffff8011bfb0 env->regs[R_EAX]=0000000000000000
RAX=0000000000000000 RBX=000000000011e000 RCX=00000000000000fc RDX=0000000000000f65
RSI=0000000000000f65 RDI=ffffffff8011bfcb RBP=ffffffff8011bff0 RSP=ffffffff8011bfb0
R8 =0000000000000000 R9 =0000000000000000 R10=0000000000000000 R11=0000000000000000
R12=0000000000000000 R13=0000000000000000 R14=0000000000000000 R15=0000000000000000
RIP=ffffffff801012ab RFL=00000246 [---Z-P-] CPL=0 II=0 A20=1 SMM=0 HLT=0
ES =0010 0000000000000000 ffffffff 00af9300 DPL=0 DS   [-WA]
CS =0008 0000000000000000 ffffffff 00af9a00 DPL=0 CS64 [-R-]
SS =0010 0000000000000000 ffffffff 00af9300 DPL=0 DS   [-WA]
DS =0010 0000000000000000 ffffffff 00af9300 DPL=0 DS   [-WA]
FS =0018 0000000000000000 ffffffff 00cf9300 DPL=0 DS   [-WA]
GS =0018 0000000000000000 ffffffff 00cf9300 DPL=0 DS   [-WA]
LDT=0000 0000000000000000 0000ffff 00008200 DPL=0 LDT
TR =0018 ffffffff80116ec0 00000067 00008900 DPL=0 TSS64-avl
GDT=     ffffffff80116f30 0000003f
IDT=     ffffffff8011c120 00000fff
CR0=80000011 CR2=0000000000000000 CR3=000000000011e000 CR4=00000020
DR0=0000000000000000 DR1=0000000000000000 DR2=0000000000000000 DR3=0000000000000000 
DR6=00000000ffff0ff0 DR7=0000000000000400
CCS=0000000000000044 CCD=0000000000000000 CCO=EFLAGS
EFER=0000000000000500
Servicing hardware INT=0x20
   142: v=20 e=0000 i=0 cpl=0 IP=0008:ffffffff801012ab pc=ffffffff801012ab SP=0010:ffffffff8011bfb0 env->regs[R_EAX]=0000000000000000
RAX=0000000000000000 RBX=000000000011e000 RCX=00000000000000fc RDX=0000000000000f65
RSI=0000000000000f65 RDI=ffffffff8011bfcb RBP=ffffffff8011bff0 RSP=ffffffff8011bfb0
R8 =0000000000000000 R9 =0000000000000000 R10=0000000000000000 R11=0000000000000000
R12=0000000000000000 R13=0000000000000000 R14=0000000000000000 R15=0000000000000000
RIP=ffffffff801012ab RFL=00000246 [---Z-P-] CPL=0 II=0 A20=1 SMM=0 HLT=0
ES =0010 0000000000000000 ffffffff 00af9300 DPL=0 DS   [-WA]
CS =0008 0000000000000000 ffffffff 00af9a00 DPL=0 CS64 [-R-]
SS =0010 0000000000000000 ffffffff 00af9300 DPL=0 DS   [-WA]
DS =0010 0000000000000000 ffffffff 00af9300 DPL=0 DS   [-WA]
FS =0018 0000000000000000 ffffffff 00cf9300 DPL=0 DS   [-WA]
GS =0018 0000000000000000 ffffffff 00cf9300 DPL=0 DS   [-WA]
LDT=0000 0000000000000000 0000ffff 00008200 DPL=0 LDT
TR =0018 ffffffff80116ec0 00000067 00008900 DPL=0 TSS64-avl
GDT=     ffffffff80116f30 0000003f
IDT=     ffffffff8011c120 00000fff
CR0=80000011 CR2=0000000000000000 CR3=000000000011e000 CR4=00000020
DR0=0000000000000000 DR1=0000000000000000 DR2=0000000000000000 DR3=0000000000000000 
DR6=00000000ffff0ff0 DR7=0000000000000400
CCS=0000000000000044 CCD=0000000000000000 CCO=EFLAGS
EFER=0000000000000500
Servicing hardware INT=0x20
   143: v=20 e=0000 i=0 cpl=0 IP=0008:ffffffff801012ab pc=ffffffff801012ab SP=0010:ffffffff8011bfb0 env->regs[R_EAX]=0000000000000000
RAX=0000000000000000 RBX=000000000011e000 RCX=00000000000000fc RDX=0000000000000f65
RSI=0000000000000f65 RDI=ffffffff8011bfcb RBP=ffffffff8011bff0 RSP=ffffffff8011bfb0
R8 =0000000000000000 R9 =0000000000000000 R10=0000000000000000 R11=0000000000000000
R12=0000000000000000 R13=0000000000000000 R14=0000000000000000 R15=0000000000000000
RIP=ffffffff801012ab RFL=00000246 [---Z-P-] CPL=0 II=0 A20=1 SMM=0 HLT=0
ES =0010 0000000000000000 ffffffff 00af9300 DPL=0 DS   [-WA]
CS =0008 0000000000000000 ffffffff 00af9a00 DPL=0 CS64 [-R-]
SS =0010 0000000000000000 ffffffff 00af9300 DPL=0 DS   [-WA]
DS =0010 0000000000000000 ffffffff 00af9300 DPL=0 DS   [-WA]
FS =0018 0000000000000000 ffffffff 00cf9300 DPL=0 DS   [-WA]
GS =0018 0000000000000000 ffffffff 00cf9300 DPL=0 DS   [-WA]
LDT=0000 0000000000000000 0000ffff 00008200 DPL=0 LDT
TR =0018 ffffffff80116ec0 00000067 00008900 DPL=0 TSS64-avl
GDT=     ffffffff80116f30 0000003f
IDT=     ffffffff8011c120 00000fff
CR0=80000011 CR2=0000000000000000 CR3=000000000011e000 CR4=00000020
DR0=0000000000000000 DR1=0000000000000000 DR2=0000000000000000 DR3=0000000000000000 
DR6=00000000ffff0ff0 DR7=0000000000000400
CCS=0000000000000044 CCD=0000000000000000 CCO=EFLAGS
EFER=0000000000000500
Servicing hardware INT=0x20
   144: v=20 e=0000 i=0 cpl=0 IP=0008:ffffffff801012ab pc=ffffffff801012ab SP=0010:ffffffff8011bfb0 env->regs[R_EAX]=0000000000000000
RAX=0000000000000000 RBX=000000000011e000 RCX=00000000000000fc RDX=0000000000000f65
RSI=0000000000000f65 RDI=ffffffff8011bfcb RBP=ffffffff8011bff0 RSP=ffffffff8011bfb0
R8 =0000000000000000 R9 =0000000000000000 R10=0000000000000000 R11=0000000000000000
R12=0000000000000000 R13=0000000000000000 R14=0000000000000000 R15=0000000000000000
RIP=ffffffff801012ab RFL=00000246 [---Z-P-] CPL=0 II=0 A20=1 SMM=0 HLT=0
ES =0010 0000000000000000 ffffffff 00af9300 DPL=0 DS   [-WA]
CS =0008 0000000000000000 ffffffff 00af9a00 DPL=0 CS64 [-R-]
SS =0010 0000000000000000 ffffffff 00af9300 DPL=0 DS   [-WA]
DS =0010 0000000000000000 ffffffff 00af9300 DPL=0 DS   [-WA]
FS =0018 0000000000000000 ffffffff 00cf9300 DPL=0 DS   [-WA]
GS =0018 0000000000000000 ffffffff 00cf9300 DPL=0 DS   [-WA]
LDT=0000 0000000000000000 0000ffff 00008200 DPL=0 LDT
TR =0018 ffffffff80116ec0 00000067 00008900 DPL=0 TSS64-avl
GDT=     ffffffff80116f30 0000003f
IDT=     ffffffff8011c120 00000fff
CR0=80000011 CR2=0000000000000000 CR3=000000000011e000 CR4=00000020
DR0=0000000000000000 DR1=0000000000000000 DR2=0000000000000000 DR3=0000000000000000 
DR6=00000000ffff0ff0 DR7=0000000000000400
CCS=0000000000000044 CCD=0000000000000000 CCO=EFLAGS
EFER=0000000000000500
Servicing hardware INT=0x20
   145: v=20 e=0000 i=0 cpl=0 IP=0008:ffffffff801012ab pc=ffffffff801012ab SP=0010:ffffffff8011bfb0 env->regs[R_EAX]=0000000000000000
RAX=0000000000000000 RBX=000000000011e000 RCX=00000000000000fc RDX=0000000000000f65
RSI=0000000000000f65 RDI=ffffffff8011bfcb RBP=ffffffff8011bff0 RSP=ffffffff8011bfb0
R8 =0000000000000000 R9 =0000000000000000 R10=0000000000000000 R11=0000000000000000
R12=0000000000000000 R13=0000000000000000 R14=0000000000000000 R15=0000000000000000
RIP=ffffffff801012ab RFL=00000246 [---Z-P-] CPL=0 II=0 A20=1 SMM=0 HLT=0
ES =0010 0000000000000000 ffffffff 00af9300 DPL=0 DS   [-WA]
CS =0008 0000000000000000 ffffffff 00af9a00 DPL=0 CS64 [-R-]
SS =0010 0000000000000000 ffffffff 00af9300 DPL=0 DS   [-WA]
DS =0010 0000000000000000 ffffffff 00af9300 DPL=0 DS   [-WA]
FS =0018 0000000000000000 ffffffff 00cf9300 DPL=0 DS   [-WA]
GS =0018 0000000000000000 ffffffff 00cf9300 DPL=0 DS   [-WA]
LDT=0000 0000000000000000 0000ffff 00008200 DPL=0 LDT
TR =0018 ffffffff80116ec0 00000067 00008900 DPL=0 TSS64-avl
GDT=     ffffffff80116f30 0000003f
IDT=     ffffffff8011c120 00000fff
CR0=80000011 CR2=0000000000000000 CR3=000000000011e000 CR4=00000020
DR0=0000000000000000 DR1=0000000000000000 DR2=0000000000000000 DR3=0000000000000000 
DR6=00000000ffff0ff0 DR7=0000000000000400
CCS=0000000000000044 CCD=0000000000000000 CCO=EFLAGS
EFER=0000000000000500
Servicing hardware INT=0x20
   146: v=20 e=0000 i=0 cpl=0 IP=0008:ffffffff801012ab pc=ffffffff801012ab SP=0010:ffffffff8011bfb0 env->regs[R_EAX]=0000000000000000
RAX=0000000000000000 RBX=000000000011e000 RCX=00000000000000fc RDX=0000000000000f65
RSI=0000000000000f65 RDI=ffffffff8011bfcb RBP=ffffffff8011bff0 RSP=ffffffff8011bfb0
R8 =0000000000000000 R9 =0000000000000000 R10=0000000000000000 R11=0000000000000000
R12=0000000000000000 R13=0000000000000000 R14=0000000000000000 R15=0000000000000000
RIP=ffffffff801012ab RFL=00000246 [---Z-P-] CPL=0 II=0 A20=1 SMM=0 HLT=0
ES =0010 0000000000000000 ffffffff 00af9300 DPL=0 DS   [-WA]
CS =0008 0000000000000000 ffffffff 00af9a00 DPL=0 CS64 [-R-]
SS =0010 0000000000000000 ffffffff 00af9300 DPL=0 DS   [-WA]
DS =0010 0000000000000000 ffffffff 00af9300 DPL=0 DS   [-WA]
FS =0018 0000000000000000 ffffffff 00cf9300 DPL=0 DS   [-WA]
GS =0018 0000000000000000 ffffffff 00cf9300 DPL=0 DS   [-WA]
LDT=0000 0000000000000000 0000ffff 00008200 DPL=0 LDT
TR =0018 ffffffff80116ec0 00000067 00008900 DPL=0 TSS64-avl
GDT=     ffffffff80116f30 0000003f
IDT=     ffffffff8011c120 00000fff
CR0=80000011 CR2=0000000000000000 CR3=000000000011e000 CR4=00000020
DR0=0000000000000000 DR1=0000000000000000 DR2=0000000000000000 DR3=0000000000000000 
DR6=00000000ffff0ff0 DR7=0000000000000400
CCS=0000000000000044 CCD=0000000000000000 CCO=EFLAGS
EFER=0000000000000500
Servicing hardware INT=0x20
   147: v=20 e=0000 i=0 cpl=0 IP=0008:ffffffff801012ab pc=ffffffff801012ab SP=0010:ffffffff8011bfb0 env->regs[R_EAX]=0000000000000000
RAX=0000000000000000 RBX=000000000011e000 RCX=00000000000000fc RDX=0000000000000f65
RSI=0000000000000f65 RDI=ffffffff8011bfcb RBP=ffffffff8011bff0 RSP=ffffffff8011bfb0
R8 =0000000000000000 R9 =0000000000000000 R10=0000000000000000 R11=0000000000000000
R12=0000000000000000 R13=0000000000000000 R14=0000000000000000 R15=0000000000000000
RIP=ffffffff801012ab RFL=00000246 [---Z-P-] CPL=0 II=0 A20=1 SMM=0 HLT=0
ES =0010 0000000000000000 ffffffff 00af9300 DPL=0 DS   [-WA]
CS =0008 0000000000000000 ffffffff 00af9a00 DPL=0 CS64 [-R-]
SS =0010 0000000000000000 ffffffff 00af9300 DPL=0 DS   [-WA]
DS =0010 0000000000000000 ffffffff 00af9300 DPL=0 DS   [-WA]
FS =0018 0000000000000000 ffffffff 00cf9300 DPL=0 DS   [-WA]
GS =0018 0000000000000000 ffffffff 00cf9300 DPL=0 DS   [-WA]
LDT=0000 0000000000000000 0000ffff 00008200 DPL=0 LDT
TR =0018 ffffffff80116ec0 00000067 00008900 DPL=0 TSS64-avl
GDT=     ffffffff80116f30 0000003f
IDT=     ffffffff8011c120 00000fff
CR0=80000011 CR2=0000000000000000 CR3=000000000011e000 CR4=00000020
DR0=0000000000000000 DR1=0000000000000000 DR2=0000000000000000 DR3=0000000000000000 
DR6=00000000ffff0ff0 DR7=0000000000000400
CCS=0000000000000044 CCD=0000000000000000 CCO=EFLAGS
EFER=0000000000000500
Servicing hardware INT=0x20
   148: v=20 e=0000 i=0 cpl=0 IP=0008:ffffffff801012ab pc=ffffffff801012ab SP=0010:ffffffff8011bfb0 env->regs[R_EAX]=0000000000000000
RAX=0000000000000000 RBX=000000000011e000 RCX=00000000000000fc RDX=0000000000000f65
RSI=0000000000000f65 RDI=ffffffff8011bfcb RBP=ffffffff8011bff0 RSP=ffffffff8011bfb0
R8 =0000000000000000 R9 =0000000000000000 R10=0000000000000000 R11=0000000000000000
R12=0000000000000000 R13=0000000000000000 R14=0000000000000000 R15=0000000000000000
RIP=ffffffff801012ab RFL=00000246 [---Z-P-] CPL=0 II=0 A20=1 SMM=0 HLT=0
ES =0010 0000000000000000 ffffffff 00af9300 DPL=0 DS   [-WA]
CS =0008 0000000000000000 ffffffff 00af9a00 DPL=0 CS64 [-R-]
SS =0010 0000000000000000 ffffffff 00af9300 DPL=0 DS   [-WA]
DS =0010 0000000000000000 ffffffff 00af9300 DPL=0 DS   [-WA]
FS =0018 0000000000000000 ffffffff 00cf9300 DPL=0 DS   [-WA]
GS =0018 0000000000000000 ffffffff 00cf9300 DPL=0 DS   [-WA]
LDT=0000 0000000000000000 0000ffff 00008200 DPL=0 LDT
TR =0018 ffffffff80116ec0 00000067 00008900 DPL=0 TSS64-avl
GDT=     ffffffff80116f30 0000003f
IDT=     ffffffff8011c120 00000fff
CR0=80000011 CR2=0000000000000000 CR3=000000000011e000 CR4=00000020
DR0=0000000000000000 DR1=0000000000000000 DR2=0000000000000000 DR3=0000000000000000 
DR6=00000000ffff0ff0 DR7=0000000000000400
CCS=0000000000000044 CCD=0000000000000000 CCO=EFLAGS
EFER=0000000000000500
Servicing hardware INT=0x20
   149: v=20 e=0000 i=0 cpl=0 IP=0008:ffffffff801012ab pc=ffffffff801012ab SP=0010:ffffffff8011bfb0 env->regs[R_EAX]=0000000000000000
RAX=0000000000000000 RBX=000000000011e000 RCX=00000000000000fc RDX=0000000000000f65
RSI=0000000000000f65 RDI=ffffffff8011bfcb RBP=ffffffff8011bff0 RSP=ffffffff8011bfb0
R8 =0000000000000000 R9 =0000000000000000 R10=0000000000000000 R11=0000000000000000
R12=0000000000000000 R13=0000000000000000 R14=0000000000000000 R15=0000000000000000
RIP=ffffffff801012ab RFL=00000246 [---Z-P-] CPL=0 II=0 A20=1 SMM=0 HLT=0
ES =0010 0000000000000000 ffffffff 00af9300 DPL=0 DS   [-WA]
CS =0008 0000000000000000 ffffffff 00af9a00 DPL=0 CS64 [-R-]
SS =0010 0000000000000000 ffffffff 00af9300 DPL=0 DS   [-WA]
DS =0010 0000000000000000 ffffffff 00af9300 DPL=0 DS   [-WA]
FS =0018 0000000000000000 ffffffff 00cf9300 DPL=0 DS   [-WA]
GS =0018 0000000000000000 ffffffff 00cf9300 DPL=0 DS   [-WA]
LDT=0000 0000000000000000 0000ffff 00008200 DPL=0 LDT
TR =0018 ffffffff80116ec0 00000067 00008900 DPL=0 TSS64-avl
GDT=     ffffffff80116f30 0000003f
IDT=     ffffffff8011c120 00000fff
CR0=80000011 CR2=0000000000000000 CR3=000000000011e000 CR4=00000020
DR0=0000000000000000 DR1=0000000000000000 DR2=0000000000000000 DR3=0000000000000000 
DR6=00000000ffff0ff0 DR7=0000000000000400
CCS=0000000000000044 CCD=0000000000000000 CCO=EFLAGS
EFER=0000000000000500
Servicing hardware INT=0x20
   150: v=20 e=0000 i=0 cpl=0 IP=0008:ffffffff801012ab pc=ffffffff801012ab SP=0010:ffffffff8011bfb0 env->regs[R_EAX]=0000000000000000
RAX=0000000000000000 RBX=000000000011e000 RCX=00000000000000fc RDX=0000000000000f65
RSI=0000000000000f65 RDI=ffffffff8011bfcb RBP=ffffffff8011bff0 RSP=ffffffff8011bfb0
R8 =0000000000000000 R9 =0000000000000000 R10=0000000000000000 R11=0000000000000000
R12=0000000000000000 R13=0000000000000000 R14=0000000000000000 R15=0000000000000000
RIP=ffffffff801012ab RFL=00000246 [---Z-P-] CPL=0 II=0 A20=1 SMM=0 HLT=0
ES =0010 0000000000000000 ffffffff 00af9300 DPL=0 DS   [-WA]
CS =0008 0000000000000000 ffffffff 00af9a00 DPL=0 CS64 [-R-]
SS =0010 0000000000000000 ffffffff 00af9300 DPL=0 DS   [-WA]
DS =0010 0000000000000000 ffffffff 00af9300 DPL=0 DS   [-WA]
FS =0018 0000000000000000 ffffffff 00cf9300 DPL=0 DS   [-WA]
GS =0018 0000000000000000 ffffffff 00cf9300 DPL=0 DS   [-WA]
LDT=0000 0000000000000000 0000ffff 00008200 DPL=0 LDT
TR =0018 ffffffff80116ec0 00000067 00008900 DPL=0 TSS64-avl
GDT=     ffffffff80116f30 0000003f
IDT=     ffffffff8011c120 00000fff
CR0=80000011 CR2=0000000000000000 CR3=000000000011e000 CR4=00000020
DR0=0000000000000000 DR1=0000000000000000 DR2=0000000000000000 DR3=0000000000000000 
DR6=00000000ffff0ff0 DR7=0000000000000400
CCS=0000000000000044 CCD=0000000000000000 CCO=EFLAGS
EFER=0000000000000500
Servicing hardware INT=0x20
   151: v=20 e=0000 i=0 cpl=0 IP=0008:ffffffff801012ab pc=ffffffff801012ab SP=0010:ffffffff8011bfb0 env->regs[R_EAX]=0000000000000000
RAX=0000000000000000 RBX=000000000011e000 RCX=00000000000000fc RDX=0000000000000f65
RSI=0000000000000f65 RDI=ffffffff8011bfcb RBP=ffffffff8011bff0 RSP=ffffffff8011bfb0
R8 =0000000000000000 R9 =0000000000000000 R10=0000000000000000 R11=0000000000000000
R12=0000000000000000 R13=0000000000000000 R14=0000000000000000 R15=0000000000000000
RIP=ffffffff801012ab RFL=00000246 [---Z-P-] CPL=0 II=0 A20=1 SMM=0 HLT=0
ES =0010 0000000000000000 ffffffff 00af9300 DPL=0 DS   [-WA]
CS =0008 0000000000000000 ffffffff 00af9a00 DPL=0 CS64 [-R-]
SS =0010 0000000000000000 ffffffff 00af9300 DPL=0 DS   [-WA]
DS =0010 0000000000000000 ffffffff 00af9300 DPL=0 DS   [-WA]
FS =0018 0000000000000000 ffffffff 00cf9300 DPL=0 DS   [-WA]
GS =0018 0000000000000000 ffffffff 00cf9300 DPL=0 DS   [-WA]
LDT=0000 0000000000000000 0000ffff 00008200 DPL=0 LDT
TR =0018 ffffffff80116ec0 00000067 00008900 DPL=0 TSS64-avl
GDT=     ffffffff80116f30 0000003f
IDT=     ffffffff8011c120 00000fff
CR0=80000011 CR2=0000000000000000 CR3=000000000011e000 CR4=00000020
DR0=0000000000000000 DR1=0000000000000000 DR2=0000000000000000 DR3=0000000000000000 
DR6=00000000ffff0ff0 DR7=0000000000000400
CCS=0000000000000044 CCD=0000000000000000 CCO=EFLAGS
EFER=0000000000000500
Servicing hardware INT=0x20
   152: v=20 e=0000 i=0 cpl=0 IP=0008:ffffffff801012ab pc=ffffffff801012ab SP=0010:ffffffff8011bfb0 env->regs[R_EAX]=0000000000000000
RAX=0000000000000000 RBX=000000000011e000 RCX=00000000000000fc RDX=0000000000000f65
RSI=0000000000000f65 RDI=ffffffff8011bfcb RBP=ffffffff8011bff0 RSP=ffffffff8011bfb0
R8 =0000000000000000 R9 =0000000000000000 R10=0000000000000000 R11=0000000000000000
R12=0000000000000000 R13=0000000000000000 R14=0000000000000000 R15=0000000000000000
RIP=ffffffff801012ab RFL=00000246 [---Z-P-] CPL=0 II=0 A20=1 SMM=0 HLT=0
ES =0010 0000000000000000 ffffffff 00af9300 DPL=0 DS   [-WA]
CS =0008 0000000000000000 ffffffff 00af9a00 DPL=0 CS64 [-R-]
SS =0010 0000000000000000 ffffffff 00af9300 DPL=0 DS   [-WA]
DS =0010 0000000000000000 ffffffff 00af9300 DPL=0 DS   [-WA]
FS =0018 0000000000000000 ffffffff 00cf9300 DPL=0 DS   [-WA]
GS =0018 0000000000000000 ffffffff 00cf9300 DPL=0 DS   [-WA]
LDT=0000 0000000000000000 0000ffff 00008200 DPL=0 LDT
TR =0018 ffffffff80116ec0 00000067 00008900 DPL=0 TSS64-avl
GDT=     ffffffff80116f30 0000003f
IDT=     ffffffff8011c120 00000fff
CR0=80000011 CR2=0000000000000000 CR3=000000000011e000 CR4=00000020
DR0=0000000000000000 DR1=0000000000000000 DR2=0000000000000000 DR3=0000000000000000 
DR6=00000000ffff0ff0 DR7=0000000000000400
CCS=0000000000000044 CCD=0000000000000000 CCO=EFLAGS
EFER=0000000000000500
Servicing hardware INT=0x20
   153: v=20 e=0000 i=0 cpl=0 IP=0008:ffffffff801012ab pc=ffffffff801012ab SP=0010:ffffffff8011bfb0 env->regs[R_EAX]=0000000000000000
RAX=0000000000000000 RBX=000000000011e000 RCX=00000000000000fc RDX=0000000000000f65
RSI=0000000000000f65 RDI=ffffffff8011bfcb RBP=ffffffff8011bff0 RSP=ffffffff8011bfb0
R8 =0000000000000000 R9 =0000000000000000 R10=0000000000000000 R11=0000000000000000
R12=0000000000000000 R13=0000000000000000 R14=0000000000000000 R15=0000000000000000
RIP=ffffffff801012ab RFL=00000246 [---Z-P-] CPL=0 II=0 A20=1 SMM=0 HLT=0
ES =0010 0000000000000000 ffffffff 00af9300 DPL=0 DS   [-WA]
CS =0008 0000000000000000 ffffffff 00af9a00 DPL=0 CS64 [-R-]
SS =0010 0000000000000000 ffffffff 00af9300 DPL=0 DS   [-WA]
DS =0010 0000000000000000 ffffffff 00af9300 DPL=0 DS   [-WA]
FS =0018 0000000000000000 ffffffff 00cf9300 DPL=0 DS   [-WA]
GS =0018 0000000000000000 ffffffff 00cf9300 DPL=0 DS   [-WA]
LDT=0000 0000000000000000 0000ffff 00008200 DPL=0 LDT
TR =0018 ffffffff80116ec0 00000067 00008900 DPL=0 TSS64-avl
GDT=     ffffffff80116f30 0000003f
IDT=     ffffffff8011c120 00000fff
CR0=80000011 CR2=0000000000000000 CR3=000000000011e000 CR4=00000020
DR0=0000000000000000 DR1=0000000000000000 DR2=0000000000000000 DR3=0000000000000000 
DR6=00000000ffff0ff0 DR7=0000000000000400
CCS=0000000000000044 CCD=0000000000000000 CCO=EFLAGS
EFER=0000000000000500
Servicing hardware INT=0x20
   154: v=20 e=0000 i=0 cpl=0 IP=0008:ffffffff801012ab pc=ffffffff801012ab SP=0010:ffffffff8011bfb0 env->regs[R_EAX]=0000000000000000
RAX=0000000000000000 RBX=000000000011e000 RCX=00000000000000fc RDX=0000000000000f65
RSI=0000000000000f65 RDI=ffffffff8011bfcb RBP=ffffffff8011bff0 RSP=ffffffff8011bfb0
R8 =0000000000000000 R9 =0000000000000000 R10=0000000000000000 R11=0000000000000000
R12=0000000000000000 R13=0000000000000000 R14=0000000000000000 R15=0000000000000000
RIP=ffffffff801012ab RFL=00000246 [---Z-P-] CPL=0 II=0 A20=1 SMM=0 HLT=0
ES =0010 0000000000000000 ffffffff 00af9300 DPL=0 DS   [-WA]
CS =0008 0000000000000000 ffffffff 00af9a00 DPL=0 CS64 [-R-]
SS =0010 0000000000000000 ffffffff 00af9300 DPL=0 DS   [-WA]
DS =0010 0000000000000000 ffffffff 00af9300 DPL=0 DS   [-WA]
FS =0018 0000000000000000 ffffffff 00cf9300 DPL=0 DS   [-WA]
GS =0018 0000000000000000 ffffffff 00cf9300 DPL=0 DS   [-WA]
LDT=0000 0000000000000000 0000ffff 00008200 DPL=0 LDT
TR =0018 ffffffff80116ec0 00000067 00008900 DPL=0 TSS64-avl
GDT=     ffffffff80116f30 0000003f
IDT=     ffffffff8011c120 00000fff
CR0=80000011 CR2=0000000000000000 CR3=000000000011e000 CR4=00000020
DR0=0000000000000000 DR1=0000000000000000 DR2=0000000000000000 DR3=0000000000000000 
DR6=00000000ffff0ff0 DR7=0000000000000400
CCS=0000000000000044 CCD=0000000000000000 CCO=EFLAGS
EFER=0000000000000500
Servicing hardware INT=0x20
   155: v=20 e=0000 i=0 cpl=0 IP=0008:ffffffff801012ab pc=ffffffff801012ab SP=0010:ffffffff8011bfb0 env->regs[R_EAX]=0000000000000000
RAX=0000000000000000 RBX=000000000011e000 RCX=00000000000000fc RDX=0000000000000f65
RSI=0000000000000f65 RDI=ffffffff8011bfcb RBP=ffffffff8011bff0 RSP=ffffffff8011bfb0
R8 =0000000000000000 R9 =0000000000000000 R10=0000000000000000 R11=0000000000000000
R12=0000000000000000 R13=0000000000000000 R14=0000000000000000 R15=0000000000000000
RIP=ffffffff801012ab RFL=00000246 [---Z-P-] CPL=0 II=0 A20=1 SMM=0 HLT=0
ES =0010 0000000000000000 ffffffff 00af9300 DPL=0 DS   [-WA]
CS =0008 0000000000000000 ffffffff 00af9a00 DPL=0 CS64 [-R-]
SS =0010 0000000000000000 ffffffff 00af9300 DPL=0 DS   [-WA]
DS =0010 0000000000000000 ffffffff 00af9300 DPL=0 DS   [-WA]
FS =0018 0000000000000000 ffffffff 00cf9300 DPL=0 DS   [-WA]
GS =0018 0000000000000000 ffffffff 00cf9300 DPL=0 DS   [-WA]
LDT=0000 0000000000000000 0000ffff 00008200 DPL=0 LDT
TR =0018 ffffffff80116ec0 00000067 00008900 DPL=0 TSS64-avl
GDT=     ffffffff80116f30 0000003f
IDT=     ffffffff8011c120 00000fff
CR0=80000011 CR2=0000000000000000 CR3=000000000011e000 CR4=00000020
DR0=0000000000000000 DR1=0000000000000000 DR2=0000000000000000 DR3=0000000000000000 
DR6=00000000ffff0ff0 DR7=0000000000000400
CCS=0000000000000044 CCD=0000000000000000 CCO=EFLAGS
EFER=0000000000000500
Servicing hardware INT=0x20
   156: v=20 e=0000 i=0 cpl=0 IP=0008:ffffffff801012ab pc=ffffffff801012ab SP=0010:ffffffff8011bfb0 env->regs[R_EAX]=0000000000000000
RAX=0000000000000000 RBX=000000000011e000 RCX=00000000000000fc RDX=0000000000000f65
RSI=0000000000000f65 RDI=ffffffff8011bfcb RBP=ffffffff8011bff0 RSP=ffffffff8011bfb0
R8 =0000000000000000 R9 =0000000000000000 R10=0000000000000000 R11=0000000000000000
R12=0000000000000000 R13=0000000000000000 R14=0000000000000000 R15=0000000000000000
RIP=ffffffff801012ab RFL=00000246 [---Z-P-] CPL=0 II=0 A20=1 SMM=0 HLT=0
ES =0010 0000000000000000 ffffffff 00af9300 DPL=0 DS   [-WA]
CS =0008 0000000000000000 ffffffff 00af9a00 DPL=0 CS64 [-R-]
SS =0010 0000000000000000 ffffffff 00af9300 DPL=0 DS   [-WA]
DS =0010 0000000000000000 ffffffff 00af9300 DPL=0 DS   [-WA]
FS =0018 0000000000000000 ffffffff 00cf9300 DPL=0 DS   [-WA]
GS =0018 0000000000000000 ffffffff 00cf9300 DPL=0 DS   [-WA]
LDT=0000 0000000000000000 0000ffff 00008200 DPL=0 LDT
TR =0018 ffffffff80116ec0 00000067 00008900 DPL=0 TSS64-avl
GDT=     ffffffff80116f30 0000003f
IDT=     ffffffff8011c120 00000fff
CR0=80000011 CR2=0000000000000000 CR3=000000000011e000 CR4=00000020
DR0=0000000000000000 DR1=0000000000000000 DR2=0000000000000000 DR3=0000000000000000 
DR6=00000000ffff0ff0 DR7=0000000000000400
CCS=0000000000000044 CCD=0000000000000000 CCO=EFLAGS
EFER=0000000000000500
Servicing hardware INT=0x20
   157: v=20 e=0000 i=0 cpl=0 IP=0008:ffffffff801012ab pc=ffffffff801012ab SP=0010:ffffffff8011bfb0 env->regs[R_EAX]=0000000000000000
RAX=0000000000000000 RBX=000000000011e000 RCX=00000000000000fc RDX=0000000000000f65
RSI=0000000000000f65 RDI=ffffffff8011bfcb RBP=ffffffff8011bff0 RSP=ffffffff8011bfb0
R8 =0000000000000000 R9 =0000000000000000 R10=0000000000000000 R11=0000000000000000
R12=0000000000000000 R13=0000000000000000 R14=0000000000000000 R15=0000000000000000
RIP=ffffffff801012ab RFL=00000246 [---Z-P-] CPL=0 II=0 A20=1 SMM=0 HLT=0
ES =0010 0000000000000000 ffffffff 00af9300 DPL=0 DS   [-WA]
CS =0008 0000000000000000 ffffffff 00af9a00 DPL=0 CS64 [-R-]
SS =0010 0000000000000000 ffffffff 00af9300 DPL=0 DS   [-WA]
DS =0010 0000000000000000 ffffffff 00af9300 DPL=0 DS   [-WA]
FS =0018 0000000000000000 ffffffff 00cf9300 DPL=0 DS   [-WA]
GS =0018 0000000000000000 ffffffff 00cf9300 DPL=0 DS   [-WA]
LDT=0000 0000000000000000 0000ffff 00008200 DPL=0 LDT
TR =0018 ffffffff80116ec0 00000067 00008900 DPL=0 TSS64-avl
GDT=     ffffffff80116f30 0000003f
IDT=     ffffffff8011c120 00000fff
CR0=80000011 CR2=0000000000000000 CR3=000000000011e000 CR4=00000020
DR0=0000000000000000 DR1=0000000000000000 DR2=0000000000000000 DR3=0000000000000000 
DR6=00000000ffff0ff0 DR7=0000000000000400
CCS=0000000000000044 CCD=0000000000000000 CCO=EFLAGS
EFER=0000000000000500
Servicing hardware INT=0x20
   158: v=20 e=0000 i=0 cpl=0 IP=0008:ffffffff801012ab pc=ffffffff801012ab SP=0010:ffffffff8011bfb0 env->regs[R_EAX]=0000000000000000
RAX=0000000000000000 RBX=000000000011e000 RCX=00000000000000fc RDX=0000000000000f65
RSI=0000000000000f65 RDI=ffffffff8011bfcb RBP=ffffffff8011bff0 RSP=ffffffff8011bfb0
R8 =0000000000000000 R9 =0000000000000000 R10=0000000000000000 R11=0000000000000000
R12=0000000000000000 R13=0000000000000000 R14=0000000000000000 R15=0000000000000000
RIP=ffffffff801012ab RFL=00000246 [---Z-P-] CPL=0 II=0 A20=1 SMM=0 HLT=0
ES =0010 0000000000000000 ffffffff 00af9300 DPL=0 DS   [-WA]
CS =0008 0000000000000000 ffffffff 00af9a00 DPL=0 CS64 [-R-]
SS =0010 0000000000000000 ffffffff 00af9300 DPL=0 DS   [-WA]
DS =0010 0000000000000000 ffffffff 00af9300 DPL=0 DS   [-WA]
FS =0018 0000000000000000 ffffffff 00cf9300 DPL=0 DS   [-WA]
GS =0018 0000000000000000 ffffffff 00cf9300 DPL=0 DS   [-WA]
LDT=0000 0000000000000000 0000ffff 00008200 DPL=0 LDT
TR =0018 ffffffff80116ec0 00000067 00008900 DPL=0 TSS64-avl
GDT=     ffffffff80116f30 0000003f
IDT=     ffffffff8011c120 00000fff
CR0=80000011 CR2=0000000000000000 CR3=000000000011e000 CR4=00000020
DR0=0000000000000000 DR1=0000000000000000 DR2=0000000000000000 DR3=0000000000000000 
DR6=00000000ffff0ff0 DR7=0000000000000400
CCS=0000000000000044 CCD=0000000000000000 CCO=EFLAGS
EFER=0000000000000500
Servicing hardware INT=0x20
   159: v=20 e=0000 i=0 cpl=0 IP=0008:ffffffff801012ab pc=ffffffff801012ab SP=0010:ffffffff8011bfb0 env->regs[R_EAX]=0000000000000000
RAX=0000000000000000 RBX=000000000011e000 RCX=00000000000000fc RDX=0000000000000f65
RSI=0000000000000f65 RDI=ffffffff8011bfcb RBP=ffffffff8011bff0 RSP=ffffffff8011bfb0
R8 =0000000000000000 R9 =0000000000000000 R10=0000000000000000 R11=0000000000000000
R12=0000000000000000 R13=0000000000000000 R14=0000000000000000 R15=0000000000000000
RIP=ffffffff801012ab RFL=00000246 [---Z-P-] CPL=0 II=0 A20=1 SMM=0 HLT=0
ES =0010 0000000000000000 ffffffff 00af9300 DPL=0 DS   [-WA]
CS =0008 0000000000000000 ffffffff 00af9a00 DPL=0 CS64 [-R-]
SS =0010 0000000000000000 ffffffff 00af9300 DPL=0 DS   [-WA]
DS =0010 0000000000000000 ffffffff 00af9300 DPL=0 DS   [-WA]
FS =0018 0000000000000000 ffffffff 00cf9300 DPL=0 DS   [-WA]
GS =0018 0000000000000000 ffffffff 00cf9300 DPL=0 DS   [-WA]
LDT=0000 0000000000000000 0000ffff 00008200 DPL=0 LDT
TR =0018 ffffffff80116ec0 00000067 00008900 DPL=0 TSS64-avl
GDT=     ffffffff80116f30 0000003f
IDT=     ffffffff8011c120 00000fff
CR0=80000011 CR2=0000000000000000 CR3=000000000011e000 CR4=00000020
DR0=0000000000000000 DR1=0000000000000000 DR2=0000000000000000 DR3=0000000000000000 
DR6=00000000ffff0ff0 DR7=0000000000000400
CCS=0000000000000044 CCD=0000000000000000 CCO=EFLAGS
EFER=0000000000000500
Servicing hardware INT=0x21
   160: v=21 e=0000 i=0 cpl=0 IP=0008:ffffffff801012ab pc=ffffffff801012ab SP=0010:ffffffff8011bfb0 env->regs[R_EAX]=0000000000000000
RAX=0000000000000000 RBX=000000000011e000 RCX=00000000000000fc RDX=0000000000000f65
RSI=0000000000000f65 RDI=ffffffff8011bfcb RBP=ffffffff8011bff0 RSP=ffffffff8011bfb0
R8 =0000000000000000 R9 =0000000000000000 R10=0000000000000000 R11=0000000000000000
R12=0000000000000000 R13=0000000000000000 R14=0000000000000000 R15=0000000000000000
RIP=ffffffff801012ab RFL=00000246 [---Z-P-] CPL=0 II=0 A20=1 SMM=0 HLT=0
ES =0010 0000000000000000 ffffffff 00af9300 DPL=0 DS   [-WA]
CS =0008 0000000000000000 ffffffff 00af9a00 DPL=0 CS64 [-R-]
SS =0010 0000000000000000 ffffffff 00af9300 DPL=0 DS   [-WA]
DS =0010 0000000000000000 ffffffff 00af9300 DPL=0 DS   [-WA]
FS =0018 0000000000000000 ffffffff 00cf9300 DPL=0 DS   [-WA]
GS =0018 0000000000000000 ffffffff 00cf9300 DPL=0 DS   [-WA]
LDT=0000 0000000000000000 0000ffff 00008200 DPL=0 LDT
TR =0018 ffffffff80116ec0 00000067 00008900 DPL=0 TSS64-avl
GDT=     ffffffff80116f30 0000003f
IDT=     ffffffff8011c120 00000fff
CR0=80000011 CR2=0000000000000000 CR3=000000000011e000 CR4=00000020
DR0=0000000000000000 DR1=0000000000000000 DR2=0000000000000000 DR3=0000000000000000 
DR6=00000000ffff0ff0 DR7=0000000000000400
CCS=0000000000000044 CCD=0000000000000000 CCO=EFLAGS
EFER=0000000000000500
Servicing hardware INT=0x20
   161: v=20 e=0000 i=0 cpl=0 IP=0008:ffffffff801012ab pc=ffffffff801012ab SP=0010:ffffffff8011bfb0 env->regs[R_EAX]=0000000000000000
RAX=0000000000000000 RBX=000000000011e000 RCX=00000000000000fd RDX=0000000000000f73
RSI=0000000000000f73 RDI=ffffffff8011bfcb RBP=ffffffff8011bff0 RSP=ffffffff8011bfb0
R8 =0000000000000000 R9 =0000000000000000 R10=0000000000000000 R11=0000000000000000
R12=0000000000000000 R13=0000000000000000 R14=0000000000000000 R15=0000000000000000
RIP=ffffffff801012ab RFL=00000246 [---Z-P-] CPL=0 II=0 A20=1 SMM=0 HLT=0
ES =0010 0000000000000000 ffffffff 00af9300 DPL=0 DS   [-WA]
CS =0008 0000000000000000 ffffffff 00af9a00 DPL=0 CS64 [-R-]
SS =0010 0000000000000000 ffffffff 00af9300 DPL=0 DS   [-WA]
DS =0010 0000000000000000 ffffffff 00af9300 DPL=0 DS   [-WA]
FS =0018 0000000000000000 ffffffff 00cf9300 DPL=0 DS   [-WA]
GS =0018 0000000000000000 ffffffff 00cf9300 DPL=0 DS   [-WA]
LDT=0000 0000000000000000 0000ffff 00008200 DPL=0 LDT
TR =0018 ffffffff80116ec0 00000067 00008900 DPL=0 TSS64-avl
GDT=     ffffffff80116f30 0000003f
IDT=     ffffffff8011c120 00000fff
CR0=80000011 CR2=0000000000000000 CR3=000000000011e000 CR4=00000020
DR0=0000000000000000 DR1=0000000000000000 DR2=0000000000000000 DR3=0000000000000000 
DR6=00000000ffff0ff0 DR7=0000000000000400
CCS=0000000000000044 CCD=0000000000000000 CCO=EFLAGS
EFER=0000000000000500
Servicing hardware INT=0x21
   162: v=21 e=0000 i=0 cpl=0 IP=0008:ffffffff801012ab pc=ffffffff801012ab SP=0010:ffffffff8011bfb0 env->regs[R_EAX]=0000000000000000
RAX=0000000000000000 RBX=000000000011e000 RCX=00000000000000fd RDX=0000000000000f73
RSI=0000000000000f73 RDI=ffffffff8011bfcb RBP=ffffffff8011bff0 RSP=ffffffff8011bfb0
R8 =0000000000000000 R9 =0000000000000000 R10=0000000000000000 R11=0000000000000000
R12=0000000000000000 R13=0000000000000000 R14=0000000000000000 R15=0000000000000000
RIP=ffffffff801012ab RFL=00000246 [---Z-P-] CPL=0 II=0 A20=1 SMM=0 HLT=0
ES =0010 0000000000000000 ffffffff 00af9300 DPL=0 DS   [-WA]
CS =0008 0000000000000000 ffffffff 00af9a00 DPL=0 CS64 [-R-]
SS =0010 0000000000000000 ffffffff 00af9300 DPL=0 DS   [-WA]
DS =0010 0000000000000000 ffffffff 00af9300 DPL=0 DS   [-WA]
FS =0018 0000000000000000 ffffffff 00cf9300 DPL=0 DS   [-WA]
GS =0018 0000000000000000 ffffffff 00cf9300 DPL=0 DS   [-WA]
LDT=0000 0000000000000000 0000ffff 00008200 DPL=0 LDT
TR =0018 ffffffff80116ec0 00000067 00008900 DPL=0 TSS64-avl
GDT=     ffffffff80116f30 0000003f
IDT=     ffffffff8011c120 00000fff
CR0=80000011 CR2=0000000000000000 CR3=000000000011e000 CR4=00000020
DR0=0000000000000000 DR1=0000000000000000 DR2=0000000000000000 DR3=0000000000000000 
DR6=00000000ffff0ff0 DR7=0000000000000400
CCS=0000000000000044 CCD=0000000000000000 CCO=EFLAGS
EFER=0000000000000500
Servicing hardware INT=0x20
   163: v=20 e=0000 i=0 cpl=0 IP=0008:ffffffff801012ab pc=ffffffff801012ab SP=0010:ffffffff8011bfb0 env->regs[R_EAX]=0000000000000000
RAX=0000000000000000 RBX=000000000011e000 RCX=00000000000000fd RDX=0000000000000f73
RSI=0000000000000f73 RDI=ffffffff8011bfcb RBP=ffffffff8011bff0 RSP=ffffffff8011bfb0
R8 =0000000000000000 R9 =0000000000000000 R10=0000000000000000 R11=0000000000000000
R12=0000000000000000 R13=0000000000000000 R14=0000000000000000 R15=0000000000000000
RIP=ffffffff801012ab RFL=00000246 [---Z-P-] CPL=0 II=0 A20=1 SMM=0 HLT=0
ES =0010 0000000000000000 ffffffff 00af9300 DPL=0 DS   [-WA]
CS =0008 0000000000000000 ffffffff 00af9a00 DPL=0 CS64 [-R-]
SS =0010 0000000000000000 ffffffff 00af9300 DPL=0 DS   [-WA]
DS =0010 0000000000000000 ffffffff 00af9300 DPL=0 DS   [-WA]
FS =0018 0000000000000000 ffffffff 00cf9300 DPL=0 DS   [-WA]
GS =0018 0000000000000000 ffffffff 00cf9300 DPL=0 DS   [-WA]
LDT=0000 0000000000000000 0000ffff 00008200 DPL=0 LDT
TR =0018 ffffffff80116ec0 00000067 00008900 DPL=0 TSS64-avl
GDT=     ffffffff80116f30 0000003f
IDT=     ffffffff8011c120 00000fff
CR0=80000011 CR2=0000000000000000 CR3=000000000011e000 CR4=00000020
DR0=0000000000000000 DR1=0000000000000000 DR2=0000000000000000 DR3=0000000000000000 
DR6=00000000ffff0ff0 DR7=0000000000000400
CCS=0000000000000044 CCD=0000000000000000 CCO=EFLAGS
EFER=0000000000000500
Servicing hardware INT=0x20
   164: v=20 e=0000 i=0 cpl=0 IP=0008:ffffffff801012ab pc=ffffffff801012ab SP=0010:ffffffff8011bfb0 env->regs[R_EAX]=0000000000000000
RAX=0000000000000000 RBX=000000000011e000 RCX=00000000000000fd RDX=0000000000000f73
RSI=0000000000000f73 RDI=ffffffff8011bfcb RBP=ffffffff8011bff0 RSP=ffffffff8011bfb0
R8 =0000000000000000 R9 =0000000000000000 R10=0000000000000000 R11=0000000000000000
R12=0000000000000000 R13=0000000000000000 R14=0000000000000000 R15=0000000000000000
RIP=ffffffff801012ab RFL=00000246 [---Z-P-] CPL=0 II=0 A20=1 SMM=0 HLT=0
ES =0010 0000000000000000 ffffffff 00af9300 DPL=0 DS   [-WA]
CS =0008 0000000000000000 ffffffff 00af9a00 DPL=0 CS64 [-R-]
SS =0010 0000000000000000 ffffffff 00af9300 DPL=0 DS   [-WA]
DS =0010 0000000000000000 ffffffff 00af9300 DPL=0 DS   [-WA]
FS =0018 0000000000000000 ffffffff 00cf9300 DPL=0 DS   [-WA]
GS =0018 0000000000000000 ffffffff 00cf9300 DPL=0 DS   [-WA]
LDT=0000 0000000000000000 0000ffff 00008200 DPL=0 LDT
TR =0018 ffffffff80116ec0 00000067 00008900 DPL=0 TSS64-avl
GDT=     ffffffff80116f30 0000003f
IDT=     ffffffff8011c120 00000fff
CR0=80000011 CR2=0000000000000000 CR3=000000000011e000 CR4=00000020
DR0=0000000000000000 DR1=0000000000000000 DR2=0000000000000000 DR3=0000000000000000 
DR6=00000000ffff0ff0 DR7=0000000000000400
CCS=0000000000000044 CCD=0000000000000000 CCO=EFLAGS
EFER=0000000000000500
Servicing hardware INT=0x20
   165: v=20 e=0000 i=0 cpl=0 IP=0008:ffffffff801012ab pc=ffffffff801012ab SP=0010:ffffffff8011bfb0 env->regs[R_EAX]=0000000000000000
RAX=0000000000000000 RBX=000000000011e000 RCX=00000000000000fd RDX=0000000000000f73
RSI=0000000000000f73 RDI=ffffffff8011bfcb RBP=ffffffff8011bff0 RSP=ffffffff8011bfb0
R8 =0000000000000000 R9 =0000000000000000 R10=0000000000000000 R11=0000000000000000
R12=0000000000000000 R13=0000000000000000 R14=0000000000000000 R15=0000000000000000
RIP=ffffffff801012ab RFL=00000246 [---Z-P-] CPL=0 II=0 A20=1 SMM=0 HLT=0
ES =0010 0000000000000000 ffffffff 00af9300 DPL=0 DS   [-WA]
CS =0008 0000000000000000 ffffffff 00af9a00 DPL=0 CS64 [-R-]
SS =0010 0000000000000000 ffffffff 00af9300 DPL=0 DS   [-WA]
DS =0010 0000000000000000 ffffffff 00af9300 DPL=0 DS   [-WA]
FS =0018 0000000000000000 ffffffff 00cf9300 DPL=0 DS   [-WA]
GS =0018 0000000000000000 ffffffff 00cf9300 DPL=0 DS   [-WA]
LDT=0000 0000000000000000 0000ffff 00008200 DPL=0 LDT
TR =0018 ffffffff80116ec0 00000067 00008900 DPL=0 TSS64-avl
GDT=     ffffffff80116f30 0000003f
IDT=     ffffffff8011c120 00000fff
CR0=80000011 CR2=0000000000000000 CR3=000000000011e000 CR4=00000020
DR0=0000000000000000 DR1=0000000000000000 DR2=0000000000000000 DR3=0000000000000000 
DR6=00000000ffff0ff0 DR7=0000000000000400
CCS=0000000000000044 CCD=0000000000000000 CCO=EFLAGS
EFER=0000000000000500
Servicing hardware INT=0x20
   166: v=20 e=0000 i=0 cpl=0 IP=0008:ffffffff801012ab pc=ffffffff801012ab SP=0010:ffffffff8011bfb0 env->regs[R_EAX]=0000000000000000
RAX=0000000000000000 RBX=000000000011e000 RCX=00000000000000fd RDX=0000000000000f73
RSI=0000000000000f73 RDI=ffffffff8011bfcb RBP=ffffffff8011bff0 RSP=ffffffff8011bfb0
R8 =0000000000000000 R9 =0000000000000000 R10=0000000000000000 R11=0000000000000000
R12=0000000000000000 R13=0000000000000000 R14=0000000000000000 R15=0000000000000000
RIP=ffffffff801012ab RFL=00000246 [---Z-P-] CPL=0 II=0 A20=1 SMM=0 HLT=0
ES =0010 0000000000000000 ffffffff 00af9300 DPL=0 DS   [-WA]
CS =0008 0000000000000000 ffffffff 00af9a00 DPL=0 CS64 [-R-]
SS =0010 0000000000000000 ffffffff 00af9300 DPL=0 DS   [-WA]
DS =0010 0000000000000000 ffffffff 00af9300 DPL=0 DS   [-WA]
FS =0018 0000000000000000 ffffffff 00cf9300 DPL=0 DS   [-WA]
GS =0018 0000000000000000 ffffffff 00cf9300 DPL=0 DS   [-WA]
LDT=0000 0000000000000000 0000ffff 00008200 DPL=0 LDT
TR =0018 ffffffff80116ec0 00000067 00008900 DPL=0 TSS64-avl
GDT=     ffffffff80116f30 0000003f
IDT=     ffffffff8011c120 00000fff
CR0=80000011 CR2=0000000000000000 CR3=000000000011e000 CR4=00000020
DR0=0000000000000000 DR1=0000000000000000 DR2=0000000000000000 DR3=0000000000000000 
DR6=00000000ffff0ff0 DR7=0000000000000400
CCS=0000000000000044 CCD=0000000000000000 CCO=EFLAGS
EFER=0000000000000500
Servicing hardware INT=0x20
   167: v=20 e=0000 i=0 cpl=0 IP=0008:ffffffff801012ab pc=ffffffff801012ab SP=0010:ffffffff8011bfb0 env->regs[R_EAX]=0000000000000000
RAX=0000000000000000 RBX=000000000011e000 RCX=00000000000000fd RDX=0000000000000f73
RSI=0000000000000f73 RDI=ffffffff8011bfcb RBP=ffffffff8011bff0 RSP=ffffffff8011bfb0
R8 =0000000000000000 R9 =0000000000000000 R10=0000000000000000 R11=0000000000000000
R12=0000000000000000 R13=0000000000000000 R14=0000000000000000 R15=0000000000000000
RIP=ffffffff801012ab RFL=00000246 [---Z-P-] CPL=0 II=0 A20=1 SMM=0 HLT=0
ES =0010 0000000000000000 ffffffff 00af9300 DPL=0 DS   [-WA]
CS =0008 0000000000000000 ffffffff 00af9a00 DPL=0 CS64 [-R-]
SS =0010 0000000000000000 ffffffff 00af9300 DPL=0 DS   [-WA]
DS =0010 0000000000000000 ffffffff 00af9300 DPL=0 DS   [-WA]
FS =0018 0000000000000000 ffffffff 00cf9300 DPL=0 DS   [-WA]
GS =0018 0000000000000000 ffffffff 00cf9300 DPL=0 DS   [-WA]
LDT=0000 0000000000000000 0000ffff 00008200 DPL=0 LDT
TR =0018 ffffffff80116ec0 00000067 00008900 DPL=0 TSS64-avl
GDT=     ffffffff80116f30 0000003f
IDT=     ffffffff8011c120 00000fff
CR0=80000011 CR2=0000000000000000 CR3=000000000011e000 CR4=00000020
DR0=0000000000000000 DR1=0000000000000000 DR2=0000000000000000 DR3=0000000000000000 
DR6=00000000ffff0ff0 DR7=0000000000000400
CCS=0000000000000044 CCD=0000000000000000 CCO=EFLAGS
EFER=0000000000000500
Servicing hardware INT=0x20
   168: v=20 e=0000 i=0 cpl=0 IP=0008:ffffffff801012ab pc=ffffffff801012ab SP=0010:ffffffff8011bfb0 env->regs[R_EAX]=0000000000000000
RAX=0000000000000000 RBX=000000000011e000 RCX=00000000000000fd RDX=0000000000000f73
RSI=0000000000000f73 RDI=ffffffff8011bfcb RBP=ffffffff8011bff0 RSP=ffffffff8011bfb0
R8 =0000000000000000 R9 =0000000000000000 R10=0000000000000000 R11=0000000000000000
R12=0000000000000000 R13=0000000000000000 R14=0000000000000000 R15=0000000000000000
RIP=ffffffff801012ab RFL=00000246 [---Z-P-] CPL=0 II=0 A20=1 SMM=0 HLT=0
ES =0010 0000000000000000 ffffffff 00af9300 DPL=0 DS   [-WA]
CS =0008 0000000000000000 ffffffff 00af9a00 DPL=0 CS64 [-R-]
SS =0010 0000000000000000 ffffffff 00af9300 DPL=0 DS   [-WA]
DS =0010 0000000000000000 ffffffff 00af9300 DPL=0 DS   [-WA]
FS =0018 0000000000000000 ffffffff 00cf9300 DPL=0 DS   [-WA]
GS =0018 0000000000000000 ffffffff 00cf9300 DPL=0 DS   [-WA]
LDT=0000 0000000000000000 0000ffff 00008200 DPL=0 LDT
TR =0018 ffffffff80116ec0 00000067 00008900 DPL=0 TSS64-avl
GDT=     ffffffff80116f30 0000003f
IDT=     ffffffff8011c120 00000fff
CR0=80000011 CR2=0000000000000000 CR3=000000000011e000 CR4=00000020
DR0=0000000000000000 DR1=0000000000000000 DR2=0000000000000000 DR3=0000000000000000 
DR6=00000000ffff0ff0 DR7=0000000000000400
CCS=0000000000000044 CCD=0000000000000000 CCO=EFLAGS
EFER=0000000000000500
Servicing hardware INT=0x20
   169: v=20 e=0000 i=0 cpl=0 IP=0008:ffffffff801012ab pc=ffffffff801012ab SP=0010:ffffffff8011bfb0 env->regs[R_EAX]=0000000000000000
RAX=0000000000000000 RBX=000000000011e000 RCX=00000000000000fd RDX=0000000000000f73
RSI=0000000000000f73 RDI=ffffffff8011bfcb RBP=ffffffff8011bff0 RSP=ffffffff8011bfb0
R8 =0000000000000000 R9 =0000000000000000 R10=0000000000000000 R11=0000000000000000
R12=0000000000000000 R13=0000000000000000 R14=0000000000000000 R15=0000000000000000
RIP=ffffffff801012ab RFL=00000246 [---Z-P-] CPL=0 II=0 A20=1 SMM=0 HLT=0
ES =0010 0000000000000000 ffffffff 00af9300 DPL=0 DS   [-WA]
CS =0008 0000000000000000 ffffffff 00af9a00 DPL=0 CS64 [-R-]
SS =0010 0000000000000000 ffffffff 00af9300 DPL=0 DS   [-WA]
DS =0010 0000000000000000 ffffffff 00af9300 DPL=0 DS   [-WA]
FS =0018 0000000000000000 ffffffff 00cf9300 DPL=0 DS   [-WA]
GS =0018 0000000000000000 ffffffff 00cf9300 DPL=0 DS   [-WA]
LDT=0000 0000000000000000 0000ffff 00008200 DPL=0 LDT
TR =0018 ffffffff80116ec0 00000067 00008900 DPL=0 TSS64-avl
GDT=     ffffffff80116f30 0000003f
IDT=     ffffffff8011c120 00000fff
CR0=80000011 CR2=0000000000000000 CR3=000000000011e000 CR4=00000020
DR0=0000000000000000 DR1=0000000000000000 DR2=0000000000000000 DR3=0000000000000000 
DR6=00000000ffff0ff0 DR7=0000000000000400
CCS=0000000000000044 CCD=0000000000000000 CCO=EFLAGS
EFER=0000000000000500
Servicing hardware INT=0x20
   170: v=20 e=0000 i=0 cpl=0 IP=0008:ffffffff801012ab pc=ffffffff801012ab SP=0010:ffffffff8011bfb0 env->regs[R_EAX]=0000000000000000
RAX=0000000000000000 RBX=000000000011e000 RCX=00000000000000fd RDX=0000000000000f73
RSI=0000000000000f73 RDI=ffffffff8011bfcb RBP=ffffffff8011bff0 RSP=ffffffff8011bfb0
R8 =0000000000000000 R9 =0000000000000000 R10=0000000000000000 R11=0000000000000000
R12=0000000000000000 R13=0000000000000000 R14=0000000000000000 R15=0000000000000000
RIP=ffffffff801012ab RFL=00000246 [---Z-P-] CPL=0 II=0 A20=1 SMM=0 HLT=0
ES =0010 0000000000000000 ffffffff 00af9300 DPL=0 DS   [-WA]
CS =0008 0000000000000000 ffffffff 00af9a00 DPL=0 CS64 [-R-]
SS =0010 0000000000000000 ffffffff 00af9300 DPL=0 DS   [-WA]
DS =0010 0000000000000000 ffffffff 00af9300 DPL=0 DS   [-WA]
FS =0018 0000000000000000 ffffffff 00cf9300 DPL=0 DS   [-WA]
GS =0018 0000000000000000 ffffffff 00cf9300 DPL=0 DS   [-WA]
LDT=0000 0000000000000000 0000ffff 00008200 DPL=0 LDT
TR =0018 ffffffff80116ec0 00000067 00008900 DPL=0 TSS64-avl
GDT=     ffffffff80116f30 0000003f
IDT=     ffffffff8011c120 00000fff
CR0=80000011 CR2=0000000000000000 CR3=000000000011e000 CR4=00000020
DR0=0000000000000000 DR1=0000000000000000 DR2=0000000000000000 DR3=0000000000000000 
DR6=00000000ffff0ff0 DR7=0000000000000400
CCS=0000000000000044 CCD=0000000000000000 CCO=EFLAGS
EFER=0000000000000500
Servicing hardware INT=0x20
   171: v=20 e=0000 i=0 cpl=0 IP=0008:ffffffff801012ab pc=ffffffff801012ab SP=0010:ffffffff8011bfb0 env->regs[R_EAX]=0000000000000000
RAX=0000000000000000 RBX=000000000011e000 RCX=00000000000000fd RDX=0000000000000f73
RSI=0000000000000f73 RDI=ffffffff8011bfcb RBP=ffffffff8011bff0 RSP=ffffffff8011bfb0
R8 =0000000000000000 R9 =0000000000000000 R10=0000000000000000 R11=0000000000000000
R12=0000000000000000 R13=0000000000000000 R14=0000000000000000 R15=0000000000000000
RIP=ffffffff801012ab RFL=00000246 [---Z-P-] CPL=0 II=0 A20=1 SMM=0 HLT=0
ES =0010 0000000000000000 ffffffff 00af9300 DPL=0 DS   [-WA]
CS =0008 0000000000000000 ffffffff 00af9a00 DPL=0 CS64 [-R-]
SS =0010 0000000000000000 ffffffff 00af9300 DPL=0 DS   [-WA]
DS =0010 0000000000000000 ffffffff 00af9300 DPL=0 DS   [-WA]
FS =0018 0000000000000000 ffffffff 00cf9300 DPL=0 DS   [-WA]
GS =0018 0000000000000000 ffffffff 00cf9300 DPL=0 DS   [-WA]
LDT=0000 0000000000000000 0000ffff 00008200 DPL=0 LDT
TR =0018 ffffffff80116ec0 00000067 00008900 DPL=0 TSS64-avl
GDT=     ffffffff80116f30 0000003f
IDT=     ffffffff8011c120 00000fff
CR0=80000011 CR2=0000000000000000 CR3=000000000011e000 CR4=00000020
DR0=0000000000000000 DR1=0000000000000000 DR2=0000000000000000 DR3=0000000000000000 
DR6=00000000ffff0ff0 DR7=0000000000000400
CCS=0000000000000044 CCD=0000000000000000 CCO=EFLAGS
EFER=0000000000000500
Servicing hardware INT=0x20
   172: v=20 e=0000 i=0 cpl=0 IP=0008:ffffffff801012ab pc=ffffffff801012ab SP=0010:ffffffff8011bfb0 env->regs[R_EAX]=0000000000000000
RAX=0000000000000000 RBX=000000000011e000 RCX=00000000000000fd RDX=0000000000000f73
RSI=0000000000000f73 RDI=ffffffff8011bfcb RBP=ffffffff8011bff0 RSP=ffffffff8011bfb0
R8 =0000000000000000 R9 =0000000000000000 R10=0000000000000000 R11=0000000000000000
R12=0000000000000000 R13=0000000000000000 R14=0000000000000000 R15=0000000000000000
RIP=ffffffff801012ab RFL=00000246 [---Z-P-] CPL=0 II=0 A20=1 SMM=0 HLT=0
ES =0010 0000000000000000 ffffffff 00af9300 DPL=0 DS   [-WA]
CS =0008 0000000000000000 ffffffff 00af9a00 DPL=0 CS64 [-R-]
SS =0010 0000000000000000 ffffffff 00af9300 DPL=0 DS   [-WA]
DS =0010 0000000000000000 ffffffff 00af9300 DPL=0 DS   [-WA]
FS =0018 0000000000000000 ffffffff 00cf9300 DPL=0 DS   [-WA]
GS =0018 0000000000000000 ffffffff 00cf9300 DPL=0 DS   [-WA]
LDT=0000 0000000000000000 0000ffff 00008200 DPL=0 LDT
TR =0018 ffffffff80116ec0 00000067 00008900 DPL=0 TSS64-avl
GDT=     ffffffff80116f30 0000003f
IDT=     ffffffff8011c120 00000fff
CR0=80000011 CR2=0000000000000000 CR3=000000000011e000 CR4=00000020
DR0=0000000000000000 DR1=0000000000000000 DR2=0000000000000000 DR3=0000000000000000 
DR6=00000000ffff0ff0 DR7=0000000000000400
CCS=0000000000000044 CCD=0000000000000000 CCO=EFLAGS
EFER=0000000000000500
Servicing hardware INT=0x20
   173: v=20 e=0000 i=0 cpl=0 IP=0008:ffffffff801012ab pc=ffffffff801012ab SP=0010:ffffffff8011bfb0 env->regs[R_EAX]=0000000000000000
RAX=0000000000000000 RBX=000000000011e000 RCX=00000000000000fd RDX=0000000000000f73
RSI=0000000000000f73 RDI=ffffffff8011bfcb RBP=ffffffff8011bff0 RSP=ffffffff8011bfb0
R8 =0000000000000000 R9 =0000000000000000 R10=0000000000000000 R11=0000000000000000
R12=0000000000000000 R13=0000000000000000 R14=0000000000000000 R15=0000000000000000
RIP=ffffffff801012ab RFL=00000246 [---Z-P-] CPL=0 II=0 A20=1 SMM=0 HLT=0
ES =0010 0000000000000000 ffffffff 00af9300 DPL=0 DS   [-WA]
CS =0008 0000000000000000 ffffffff 00af9a00 DPL=0 CS64 [-R-]
SS =0010 0000000000000000 ffffffff 00af9300 DPL=0 DS   [-WA]
DS =0010 0000000000000000 ffffffff 00af9300 DPL=0 DS   [-WA]
FS =0018 0000000000000000 ffffffff 00cf9300 DPL=0 DS   [-WA]
GS =0018 0000000000000000 ffffffff 00cf9300 DPL=0 DS   [-WA]
LDT=0000 0000000000000000 0000ffff 00008200 DPL=0 LDT
TR =0018 ffffffff80116ec0 00000067 00008900 DPL=0 TSS64-avl
GDT=     ffffffff80116f30 0000003f
IDT=     ffffffff8011c120 00000fff
CR0=80000011 CR2=0000000000000000 CR3=000000000011e000 CR4=00000020
DR0=0000000000000000 DR1=0000000000000000 DR2=0000000000000000 DR3=0000000000000000 
DR6=00000000ffff0ff0 DR7=0000000000000400
CCS=0000000000000044 CCD=0000000000000000 CCO=EFLAGS
EFER=0000000000000500
Servicing hardware INT=0x20
   174: v=20 e=0000 i=0 cpl=0 IP=0008:ffffffff801012ab pc=ffffffff801012ab SP=0010:ffffffff8011bfb0 env->regs[R_EAX]=0000000000000000
RAX=0000000000000000 RBX=000000000011e000 RCX=00000000000000fd RDX=0000000000000f73
RSI=0000000000000f73 RDI=ffffffff8011bfcb RBP=ffffffff8011bff0 RSP=ffffffff8011bfb0
R8 =0000000000000000 R9 =0000000000000000 R10=0000000000000000 R11=0000000000000000
R12=0000000000000000 R13=0000000000000000 R14=0000000000000000 R15=0000000000000000
RIP=ffffffff801012ab RFL=00000246 [---Z-P-] CPL=0 II=0 A20=1 SMM=0 HLT=0
ES =0010 0000000000000000 ffffffff 00af9300 DPL=0 DS   [-WA]
CS =0008 0000000000000000 ffffffff 00af9a00 DPL=0 CS64 [-R-]
SS =0010 0000000000000000 ffffffff 00af9300 DPL=0 DS   [-WA]
DS =0010 0000000000000000 ffffffff 00af9300 DPL=0 DS   [-WA]
FS =0018 0000000000000000 ffffffff 00cf9300 DPL=0 DS   [-WA]
GS =0018 0000000000000000 ffffffff 00cf9300 DPL=0 DS   [-WA]
LDT=0000 0000000000000000 0000ffff 00008200 DPL=0 LDT
TR =0018 ffffffff80116ec0 00000067 00008900 DPL=0 TSS64-avl
GDT=     ffffffff80116f30 0000003f
IDT=     ffffffff8011c120 00000fff
CR0=80000011 CR2=0000000000000000 CR3=000000000011e000 CR4=00000020
DR0=0000000000000000 DR1=0000000000000000 DR2=0000000000000000 DR3=0000000000000000 
DR6=00000000ffff0ff0 DR7=0000000000000400
CCS=0000000000000044 CCD=0000000000000000 CCO=EFLAGS
EFER=0000000000000500
Servicing hardware INT=0x20
   175: v=20 e=0000 i=0 cpl=0 IP=0008:ffffffff801012ab pc=ffffffff801012ab SP=0010:ffffffff8011bfb0 env->regs[R_EAX]=0000000000000000
RAX=0000000000000000 RBX=000000000011e000 RCX=00000000000000fd RDX=0000000000000f73
RSI=0000000000000f73 RDI=ffffffff8011bfcb RBP=ffffffff8011bff0 RSP=ffffffff8011bfb0
R8 =0000000000000000 R9 =0000000000000000 R10=0000000000000000 R11=0000000000000000
R12=0000000000000000 R13=0000000000000000 R14=0000000000000000 R15=0000000000000000
RIP=ffffffff801012ab RFL=00000246 [---Z-P-] CPL=0 II=0 A20=1 SMM=0 HLT=0
ES =0010 0000000000000000 ffffffff 00af9300 DPL=0 DS   [-WA]
CS =0008 0000000000000000 ffffffff 00af9a00 DPL=0 CS64 [-R-]
SS =0010 0000000000000000 ffffffff 00af9300 DPL=0 DS   [-WA]
DS =0010 0000000000000000 ffffffff 00af9300 DPL=0 DS   [-WA]
FS =0018 0000000000000000 ffffffff 00cf9300 DPL=0 DS   [-WA]
GS =0018 0000000000000000 ffffffff 00cf9300 DPL=0 DS   [-WA]
LDT=0000 0000000000000000 0000ffff 00008200 DPL=0 LDT
TR =0018 ffffffff80116ec0 00000067 00008900 DPL=0 TSS64-avl
GDT=     ffffffff80116f30 0000003f
IDT=     ffffffff8011c120 00000fff
CR0=80000011 CR2=0000000000000000 CR3=000000000011e000 CR4=00000020
DR0=0000000000000000 DR1=0000000000000000 DR2=0000000000000000 DR3=0000000000000000 
DR6=00000000ffff0ff0 DR7=0000000000000400
CCS=0000000000000044 CCD=0000000000000000 CCO=EFLAGS
EFER=0000000000000500
Servicing hardware INT=0x20
   176: v=20 e=0000 i=0 cpl=0 IP=0008:ffffffff801012ab pc=ffffffff801012ab SP=0010:ffffffff8011bfb0 env->regs[R_EAX]=0000000000000000
RAX=0000000000000000 RBX=000000000011e000 RCX=00000000000000fd RDX=0000000000000f73
RSI=0000000000000f73 RDI=ffffffff8011bfcb RBP=ffffffff8011bff0 RSP=ffffffff8011bfb0
R8 =0000000000000000 R9 =0000000000000000 R10=0000000000000000 R11=0000000000000000
R12=0000000000000000 R13=0000000000000000 R14=0000000000000000 R15=0000000000000000
RIP=ffffffff801012ab RFL=00000246 [---Z-P-] CPL=0 II=0 A20=1 SMM=0 HLT=0
ES =0010 0000000000000000 ffffffff 00af9300 DPL=0 DS   [-WA]
CS =0008 0000000000000000 ffffffff 00af9a00 DPL=0 CS64 [-R-]
SS =0010 0000000000000000 ffffffff 00af9300 DPL=0 DS   [-WA]
DS =0010 0000000000000000 ffffffff 00af9300 DPL=0 DS   [-WA]
FS =0018 0000000000000000 ffffffff 00cf9300 DPL=0 DS   [-WA]
GS =0018 0000000000000000 ffffffff 00cf9300 DPL=0 DS   [-WA]
LDT=0000 0000000000000000 0000ffff 00008200 DPL=0 LDT
TR =0018 ffffffff80116ec0 00000067 00008900 DPL=0 TSS64-avl
GDT=     ffffffff80116f30 0000003f
IDT=     ffffffff8011c120 00000fff
CR0=80000011 CR2=0000000000000000 CR3=000000000011e000 CR4=00000020
DR0=0000000000000000 DR1=0000000000000000 DR2=0000000000000000 DR3=0000000000000000 
DR6=00000000ffff0ff0 DR7=0000000000000400
CCS=0000000000000044 CCD=0000000000000000 CCO=EFLAGS
EFER=0000000000000500
Servicing hardware INT=0x20
   177: v=20 e=0000 i=0 cpl=0 IP=0008:ffffffff801012ab pc=ffffffff801012ab SP=0010:ffffffff8011bfb0 env->regs[R_EAX]=0000000000000000
RAX=0000000000000000 RBX=000000000011e000 RCX=00000000000000fd RDX=0000000000000f73
RSI=0000000000000f73 RDI=ffffffff8011bfcb RBP=ffffffff8011bff0 RSP=ffffffff8011bfb0
R8 =0000000000000000 R9 =0000000000000000 R10=0000000000000000 R11=0000000000000000
R12=0000000000000000 R13=0000000000000000 R14=0000000000000000 R15=0000000000000000
RIP=ffffffff801012ab RFL=00000246 [---Z-P-] CPL=0 II=0 A20=1 SMM=0 HLT=0
ES =0010 0000000000000000 ffffffff 00af9300 DPL=0 DS   [-WA]
CS =0008 0000000000000000 ffffffff 00af9a00 DPL=0 CS64 [-R-]
SS =0010 0000000000000000 ffffffff 00af9300 DPL=0 DS   [-WA]
DS =0010 0000000000000000 ffffffff 00af9300 DPL=0 DS   [-WA]
FS =0018 0000000000000000 ffffffff 00cf9300 DPL=0 DS   [-WA]
GS =0018 0000000000000000 ffffffff 00cf9300 DPL=0 DS   [-WA]
LDT=0000 0000000000000000 0000ffff 00008200 DPL=0 LDT
TR =0018 ffffffff80116ec0 00000067 00008900 DPL=0 TSS64-avl
GDT=     ffffffff80116f30 0000003f
IDT=     ffffffff8011c120 00000fff
CR0=80000011 CR2=0000000000000000 CR3=000000000011e000 CR4=00000020
DR0=0000000000000000 DR1=0000000000000000 DR2=0000000000000000 DR3=0000000000000000 
DR6=00000000ffff0ff0 DR7=0000000000000400
CCS=0000000000000044 CCD=0000000000000000 CCO=EFLAGS
EFER=0000000000000500
Servicing hardware INT=0x20
   178: v=20 e=0000 i=0 cpl=0 IP=0008:ffffffff801012ab pc=ffffffff801012ab SP=0010:ffffffff8011bfb0 env->regs[R_EAX]=0000000000000000
RAX=0000000000000000 RBX=000000000011e000 RCX=00000000000000fd RDX=0000000000000f73
RSI=0000000000000f73 RDI=ffffffff8011bfcb RBP=ffffffff8011bff0 RSP=ffffffff8011bfb0
R8 =0000000000000000 R9 =0000000000000000 R10=0000000000000000 R11=0000000000000000
R12=0000000000000000 R13=0000000000000000 R14=0000000000000000 R15=0000000000000000
RIP=ffffffff801012ab RFL=00000246 [---Z-P-] CPL=0 II=0 A20=1 SMM=0 HLT=0
ES =0010 0000000000000000 ffffffff 00af9300 DPL=0 DS   [-WA]
CS =0008 0000000000000000 ffffffff 00af9a00 DPL=0 CS64 [-R-]
SS =0010 0000000000000000 ffffffff 00af9300 DPL=0 DS   [-WA]
DS =0010 0000000000000000 ffffffff 00af9300 DPL=0 DS   [-WA]
FS =0018 0000000000000000 ffffffff 00cf9300 DPL=0 DS   [-WA]
GS =0018 0000000000000000 ffffffff 00cf9300 DPL=0 DS   [-WA]
LDT=0000 0000000000000000 0000ffff 00008200 DPL=0 LDT
TR =0018 ffffffff80116ec0 00000067 00008900 DPL=0 TSS64-avl
GDT=     ffffffff80116f30 0000003f
IDT=     ffffffff8011c120 00000fff
CR0=80000011 CR2=0000000000000000 CR3=000000000011e000 CR4=00000020
DR0=0000000000000000 DR1=0000000000000000 DR2=0000000000000000 DR3=0000000000000000 
DR6=00000000ffff0ff0 DR7=0000000000000400
CCS=0000000000000044 CCD=0000000000000000 CCO=EFLAGS
EFER=0000000000000500
Servicing hardware INT=0x20
   179: v=20 e=0000 i=0 cpl=0 IP=0008:ffffffff801012ab pc=ffffffff801012ab SP=0010:ffffffff8011bfb0 env->regs[R_EAX]=0000000000000000
RAX=0000000000000000 RBX=000000000011e000 RCX=00000000000000fd RDX=0000000000000f73
RSI=0000000000000f73 RDI=ffffffff8011bfcb RBP=ffffffff8011bff0 RSP=ffffffff8011bfb0
R8 =0000000000000000 R9 =0000000000000000 R10=0000000000000000 R11=0000000000000000
R12=0000000000000000 R13=0000000000000000 R14=0000000000000000 R15=0000000000000000
RIP=ffffffff801012ab RFL=00000246 [---Z-P-] CPL=0 II=0 A20=1 SMM=0 HLT=0
ES =0010 0000000000000000 ffffffff 00af9300 DPL=0 DS   [-WA]
CS =0008 0000000000000000 ffffffff 00af9a00 DPL=0 CS64 [-R-]
SS =0010 0000000000000000 ffffffff 00af9300 DPL=0 DS   [-WA]
DS =0010 0000000000000000 ffffffff 00af9300 DPL=0 DS   [-WA]
FS =0018 0000000000000000 ffffffff 00cf9300 DPL=0 DS   [-WA]
GS =0018 0000000000000000 ffffffff 00cf9300 DPL=0 DS   [-WA]
LDT=0000 0000000000000000 0000ffff 00008200 DPL=0 LDT
TR =0018 ffffffff80116ec0 00000067 00008900 DPL=0 TSS64-avl
GDT=     ffffffff80116f30 0000003f
IDT=     ffffffff8011c120 00000fff
CR0=80000011 CR2=0000000000000000 CR3=000000000011e000 CR4=00000020
DR0=0000000000000000 DR1=0000000000000000 DR2=0000000000000000 DR3=0000000000000000 
DR6=00000000ffff0ff0 DR7=0000000000000400
CCS=0000000000000044 CCD=0000000000000000 CCO=EFLAGS
EFER=0000000000000500
Servicing hardware INT=0x20
   180: v=20 e=0000 i=0 cpl=0 IP=0008:ffffffff801012ab pc=ffffffff801012ab SP=0010:ffffffff8011bfb0 env->regs[R_EAX]=0000000000000000
RAX=0000000000000000 RBX=000000000011e000 RCX=00000000000000fd RDX=0000000000000f73
RSI=0000000000000f73 RDI=ffffffff8011bfcb RBP=ffffffff8011bff0 RSP=ffffffff8011bfb0
R8 =0000000000000000 R9 =0000000000000000 R10=0000000000000000 R11=0000000000000000
R12=0000000000000000 R13=0000000000000000 R14=0000000000000000 R15=0000000000000000
RIP=ffffffff801012ab RFL=00000246 [---Z-P-] CPL=0 II=0 A20=1 SMM=0 HLT=0
ES =0010 0000000000000000 ffffffff 00af9300 DPL=0 DS   [-WA]
CS =0008 0000000000000000 ffffffff 00af9a00 DPL=0 CS64 [-R-]
SS =0010 0000000000000000 ffffffff 00af9300 DPL=0 DS   [-WA]
DS =0010 0000000000000000 ffffffff 00af9300 DPL=0 DS   [-WA]
FS =0018 0000000000000000 ffffffff 00cf9300 DPL=0 DS   [-WA]
GS =0018 0000000000000000 ffffffff 00cf9300 DPL=0 DS   [-WA]
LDT=0000 0000000000000000 0000ffff 00008200 DPL=0 LDT
TR =0018 ffffffff80116ec0 00000067 00008900 DPL=0 TSS64-avl
GDT=     ffffffff80116f30 0000003f
IDT=     ffffffff8011c120 00000fff
CR0=80000011 CR2=0000000000000000 CR3=000000000011e000 CR4=00000020
DR0=0000000000000000 DR1=0000000000000000 DR2=0000000000000000 DR3=0000000000000000 
DR6=00000000ffff0ff0 DR7=0000000000000400
CCS=0000000000000044 CCD=0000000000000000 CCO=EFLAGS
EFER=0000000000000500
Servicing hardware INT=0x20
   181: v=20 e=0000 i=0 cpl=0 IP=0008:ffffffff801012ab pc=ffffffff801012ab SP=0010:ffffffff8011bfb0 env->regs[R_EAX]=0000000000000000
RAX=0000000000000000 RBX=000000000011e000 RCX=00000000000000fd RDX=0000000000000f73
RSI=0000000000000f73 RDI=ffffffff8011bfcb RBP=ffffffff8011bff0 RSP=ffffffff8011bfb0
R8 =0000000000000000 R9 =0000000000000000 R10=0000000000000000 R11=0000000000000000
R12=0000000000000000 R13=0000000000000000 R14=0000000000000000 R15=0000000000000000
RIP=ffffffff801012ab RFL=00000246 [---Z-P-] CPL=0 II=0 A20=1 SMM=0 HLT=0
ES =0010 0000000000000000 ffffffff 00af9300 DPL=0 DS   [-WA]
CS =0008 0000000000000000 ffffffff 00af9a00 DPL=0 CS64 [-R-]
SS =0010 0000000000000000 ffffffff 00af9300 DPL=0 DS   [-WA]
DS =0010 0000000000000000 ffffffff 00af9300 DPL=0 DS   [-WA]
FS =0018 0000000000000000 ffffffff 00cf9300 DPL=0 DS   [-WA]
GS =0018 0000000000000000 ffffffff 00cf9300 DPL=0 DS   [-WA]
LDT=0000 0000000000000000 0000ffff 00008200 DPL=0 LDT
TR =0018 ffffffff80116ec0 00000067 00008900 DPL=0 TSS64-avl
GDT=     ffffffff80116f30 0000003f
IDT=     ffffffff8011c120 00000fff
CR0=80000011 CR2=0000000000000000 CR3=000000000011e000 CR4=00000020
DR0=0000000000000000 DR1=0000000000000000 DR2=0000000000000000 DR3=0000000000000000 
DR6=00000000ffff0ff0 DR7=0000000000000400
CCS=0000000000000044 CCD=0000000000000000 CCO=EFLAGS
EFER=0000000000000500
Servicing hardware INT=0x21
   182: v=21 e=0000 i=0 cpl=0 IP=0008:ffffffff801012ab pc=ffffffff801012ab SP=0010:ffffffff8011bfb0 env->regs[R_EAX]=0000000000000000
RAX=0000000000000000 RBX=000000000011e000 RCX=00000000000000fd RDX=0000000000000f73
RSI=0000000000000f73 RDI=ffffffff8011bfcb RBP=ffffffff8011bff0 RSP=ffffffff8011bfb0
R8 =0000000000000000 R9 =0000000000000000 R10=0000000000000000 R11=0000000000000000
R12=0000000000000000 R13=0000000000000000 R14=0000000000000000 R15=0000000000000000
RIP=ffffffff801012ab RFL=00000246 [---Z-P-] CPL=0 II=0 A20=1 SMM=0 HLT=0
ES =0010 0000000000000000 ffffffff 00af9300 DPL=0 DS   [-WA]
CS =0008 0000000000000000 ffffffff 00af9a00 DPL=0 CS64 [-R-]
SS =0010 0000000000000000 ffffffff 00af9300 DPL=0 DS   [-WA]
DS =0010 0000000000000000 ffffffff 00af9300 DPL=0 DS   [-WA]
FS =0018 0000000000000000 ffffffff 00cf9300 DPL=0 DS   [-WA]
GS =0018 0000000000000000 ffffffff 00cf9300 DPL=0 DS   [-WA]
LDT=0000 0000000000000000 0000ffff 00008200 DPL=0 LDT
TR =0018 ffffffff80116ec0 00000067 00008900 DPL=0 TSS64-avl
GDT=     ffffffff80116f30 0000003f
IDT=     ffffffff8011c120 00000fff
CR0=80000011 CR2=0000000000000000 CR3=000000000011e000 CR4=00000020
DR0=0000000000000000 DR1=0000000000000000 DR2=0000000000000000 DR3=0000000000000000 
DR6=00000000ffff0ff0 DR7=0000000000000400
CCS=0000000000000044 CCD=0000000000000000 CCO=EFLAGS
EFER=0000000000000500
Servicing hardware INT=0x20
   183: v=20 e=0000 i=0 cpl=0 IP=0008:ffffffff801012ab pc=ffffffff801012ab SP=0010:ffffffff8011bfb0 env->regs[R_EAX]=0000000000000000
RAX=0000000000000000 RBX=000000000011e000 RCX=00000000000000fe RDX=0000000000000f74
RSI=0000000000000f74 RDI=ffffffff8011bfcb RBP=ffffffff8011bff0 RSP=ffffffff8011bfb0
R8 =0000000000000000 R9 =0000000000000000 R10=0000000000000000 R11=0000000000000000
R12=0000000000000000 R13=0000000000000000 R14=0000000000000000 R15=0000000000000000
RIP=ffffffff801012ab RFL=00000246 [---Z-P-] CPL=0 II=0 A20=1 SMM=0 HLT=0
ES =0010 0000000000000000 ffffffff 00af9300 DPL=0 DS   [-WA]
CS =0008 0000000000000000 ffffffff 00af9a00 DPL=0 CS64 [-R-]
SS =0010 0000000000000000 ffffffff 00af9300 DPL=0 DS   [-WA]
DS =0010 0000000000000000 ffffffff 00af9300 DPL=0 DS   [-WA]
FS =0018 0000000000000000 ffffffff 00cf9300 DPL=0 DS   [-WA]
GS =0018 0000000000000000 ffffffff 00cf9300 DPL=0 DS   [-WA]
LDT=0000 0000000000000000 0000ffff 00008200 DPL=0 LDT
TR =0018 ffffffff80116ec0 00000067 00008900 DPL=0 TSS64-avl
GDT=     ffffffff80116f30 0000003f
IDT=     ffffffff8011c120 00000fff
CR0=80000011 CR2=0000000000000000 CR3=000000000011e000 CR4=00000020
DR0=0000000000000000 DR1=0000000000000000 DR2=0000000000000000 DR3=0000000000000000 
DR6=00000000ffff0ff0 DR7=0000000000000400
CCS=0000000000000044 CCD=0000000000000000 CCO=EFLAGS
EFER=0000000000000500
Servicing hardware INT=0x21
   184: v=21 e=0000 i=0 cpl=0 IP=0008:ffffffff801012ab pc=ffffffff801012ab SP=0010:ffffffff8011bfb0 env->regs[R_EAX]=0000000000000000
RAX=0000000000000000 RBX=000000000011e000 RCX=00000000000000fe RDX=0000000000000f74
RSI=0000000000000f74 RDI=ffffffff8011bfcb RBP=ffffffff8011bff0 RSP=ffffffff8011bfb0
R8 =0000000000000000 R9 =0000000000000000 R10=0000000000000000 R11=0000000000000000
R12=0000000000000000 R13=0000000000000000 R14=0000000000000000 R15=0000000000000000
RIP=ffffffff801012ab RFL=00000246 [---Z-P-] CPL=0 II=0 A20=1 SMM=0 HLT=0
ES =0010 0000000000000000 ffffffff 00af9300 DPL=0 DS   [-WA]
CS =0008 0000000000000000 ffffffff 00af9a00 DPL=0 CS64 [-R-]
SS =0010 0000000000000000 ffffffff 00af9300 DPL=0 DS   [-WA]
DS =0010 0000000000000000 ffffffff 00af9300 DPL=0 DS   [-WA]
FS =0018 0000000000000000 ffffffff 00cf9300 DPL=0 DS   [-WA]
GS =0018 0000000000000000 ffffffff 00cf9300 DPL=0 DS   [-WA]
LDT=0000 0000000000000000 0000ffff 00008200 DPL=0 LDT
TR =0018 ffffffff80116ec0 00000067 00008900 DPL=0 TSS64-avl
GDT=     ffffffff80116f30 0000003f
IDT=     ffffffff8011c120 00000fff
CR0=80000011 CR2=0000000000000000 CR3=000000000011e000 CR4=00000020
DR0=0000000000000000 DR1=0000000000000000 DR2=0000000000000000 DR3=0000000000000000 
DR6=00000000ffff0ff0 DR7=0000000000000400
CCS=0000000000000044 CCD=0000000000000000 CCO=EFLAGS
EFER=0000000000000500
Servicing hardware INT=0x20
   185: v=20 e=0000 i=0 cpl=0 IP=0008:ffffffff801012ab pc=ffffffff801012ab SP=0010:ffffffff8011bfb0 env->regs[R_EAX]=0000000000000000
RAX=0000000000000000 RBX=000000000011e000 RCX=00000000000000fe RDX=0000000000000f74
RSI=0000000000000f74 RDI=ffffffff8011bfcb RBP=ffffffff8011bff0 RSP=ffffffff8011bfb0
R8 =0000000000000000 R9 =0000000000000000 R10=0000000000000000 R11=0000000000000000
R12=0000000000000000 R13=0000000000000000 R14=0000000000000000 R15=0000000000000000
RIP=ffffffff801012ab RFL=00000246 [---Z-P-] CPL=0 II=0 A20=1 SMM=0 HLT=0
ES =0010 0000000000000000 ffffffff 00af9300 DPL=0 DS   [-WA]
CS =0008 0000000000000000 ffffffff 00af9a00 DPL=0 CS64 [-R-]
SS =0010 0000000000000000 ffffffff 00af9300 DPL=0 DS   [-WA]
DS =0010 0000000000000000 ffffffff 00af9300 DPL=0 DS   [-WA]
FS =0018 0000000000000000 ffffffff 00cf9300 DPL=0 DS   [-WA]
GS =0018 0000000000000000 ffffffff 00cf9300 DPL=0 DS   [-WA]
LDT=0000 0000000000000000 0000ffff 00008200 DPL=0 LDT
TR =0018 ffffffff80116ec0 00000067 00008900 DPL=0 TSS64-avl
GDT=     ffffffff80116f30 0000003f
IDT=     ffffffff8011c120 00000fff
CR0=80000011 CR2=0000000000000000 CR3=000000000011e000 CR4=00000020
DR0=0000000000000000 DR1=0000000000000000 DR2=0000000000000000 DR3=0000000000000000 
DR6=00000000ffff0ff0 DR7=0000000000000400
CCS=0000000000000044 CCD=0000000000000000 CCO=EFLAGS
EFER=0000000000000500
Servicing hardware INT=0x20
   186: v=20 e=0000 i=0 cpl=0 IP=0008:ffffffff801012ab pc=ffffffff801012ab SP=0010:ffffffff8011bfb0 env->regs[R_EAX]=0000000000000000
RAX=0000000000000000 RBX=000000000011e000 RCX=00000000000000fe RDX=0000000000000f74
RSI=0000000000000f74 RDI=ffffffff8011bfcb RBP=ffffffff8011bff0 RSP=ffffffff8011bfb0
R8 =0000000000000000 R9 =0000000000000000 R10=0000000000000000 R11=0000000000000000
R12=0000000000000000 R13=0000000000000000 R14=0000000000000000 R15=0000000000000000
RIP=ffffffff801012ab RFL=00000246 [---Z-P-] CPL=0 II=0 A20=1 SMM=0 HLT=0
ES =0010 0000000000000000 ffffffff 00af9300 DPL=0 DS   [-WA]
CS =0008 0000000000000000 ffffffff 00af9a00 DPL=0 CS64 [-R-]
SS =0010 0000000000000000 ffffffff 00af9300 DPL=0 DS   [-WA]
DS =0010 0000000000000000 ffffffff 00af9300 DPL=0 DS   [-WA]
FS =0018 0000000000000000 ffffffff 00cf9300 DPL=0 DS   [-WA]
GS =0018 0000000000000000 ffffffff 00cf9300 DPL=0 DS   [-WA]
LDT=0000 0000000000000000 0000ffff 00008200 DPL=0 LDT
TR =0018 ffffffff80116ec0 00000067 00008900 DPL=0 TSS64-avl
GDT=     ffffffff80116f30 0000003f
IDT=     ffffffff8011c120 00000fff
CR0=80000011 CR2=0000000000000000 CR3=000000000011e000 CR4=00000020
DR0=0000000000000000 DR1=0000000000000000 DR2=0000000000000000 DR3=0000000000000000 
DR6=00000000ffff0ff0 DR7=0000000000000400
CCS=0000000000000044 CCD=0000000000000000 CCO=EFLAGS
EFER=0000000000000500
Servicing hardware INT=0x20
   187: v=20 e=0000 i=0 cpl=0 IP=0008:ffffffff801012ab pc=ffffffff801012ab SP=0010:ffffffff8011bfb0 env->regs[R_EAX]=0000000000000000
RAX=0000000000000000 RBX=000000000011e000 RCX=00000000000000fe RDX=0000000000000f74
RSI=0000000000000f74 RDI=ffffffff8011bfcb RBP=ffffffff8011bff0 RSP=ffffffff8011bfb0
R8 =0000000000000000 R9 =0000000000000000 R10=0000000000000000 R11=0000000000000000
R12=0000000000000000 R13=0000000000000000 R14=0000000000000000 R15=0000000000000000
RIP=ffffffff801012ab RFL=00000246 [---Z-P-] CPL=0 II=0 A20=1 SMM=0 HLT=0
ES =0010 0000000000000000 ffffffff 00af9300 DPL=0 DS   [-WA]
CS =0008 0000000000000000 ffffffff 00af9a00 DPL=0 CS64 [-R-]
SS =0010 0000000000000000 ffffffff 00af9300 DPL=0 DS   [-WA]
DS =0010 0000000000000000 ffffffff 00af9300 DPL=0 DS   [-WA]
FS =0018 0000000000000000 ffffffff 00cf9300 DPL=0 DS   [-WA]
GS =0018 0000000000000000 ffffffff 00cf9300 DPL=0 DS   [-WA]
LDT=0000 0000000000000000 0000ffff 00008200 DPL=0 LDT
TR =0018 ffffffff80116ec0 00000067 00008900 DPL=0 TSS64-avl
GDT=     ffffffff80116f30 0000003f
IDT=     ffffffff8011c120 00000fff
CR0=80000011 CR2=0000000000000000 CR3=000000000011e000 CR4=00000020
DR0=0000000000000000 DR1=0000000000000000 DR2=0000000000000000 DR3=0000000000000000 
DR6=00000000ffff0ff0 DR7=0000000000000400
CCS=0000000000000044 CCD=0000000000000000 CCO=EFLAGS
EFER=0000000000000500
Servicing hardware INT=0x20
   188: v=20 e=0000 i=0 cpl=0 IP=0008:ffffffff801012ab pc=ffffffff801012ab SP=0010:ffffffff8011bfb0 env->regs[R_EAX]=0000000000000000
RAX=0000000000000000 RBX=000000000011e000 RCX=00000000000000fe RDX=0000000000000f74
RSI=0000000000000f74 RDI=ffffffff8011bfcb RBP=ffffffff8011bff0 RSP=ffffffff8011bfb0
R8 =0000000000000000 R9 =0000000000000000 R10=0000000000000000 R11=0000000000000000
R12=0000000000000000 R13=0000000000000000 R14=0000000000000000 R15=0000000000000000
RIP=ffffffff801012ab RFL=00000246 [---Z-P-] CPL=0 II=0 A20=1 SMM=0 HLT=0
ES =0010 0000000000000000 ffffffff 00af9300 DPL=0 DS   [-WA]
CS =0008 0000000000000000 ffffffff 00af9a00 DPL=0 CS64 [-R-]
SS =0010 0000000000000000 ffffffff 00af9300 DPL=0 DS   [-WA]
DS =0010 0000000000000000 ffffffff 00af9300 DPL=0 DS   [-WA]
FS =0018 0000000000000000 ffffffff 00cf9300 DPL=0 DS   [-WA]
GS =0018 0000000000000000 ffffffff 00cf9300 DPL=0 DS   [-WA]
LDT=0000 0000000000000000 0000ffff 00008200 DPL=0 LDT
TR =0018 ffffffff80116ec0 00000067 00008900 DPL=0 TSS64-avl
GDT=     ffffffff80116f30 0000003f
IDT=     ffffffff8011c120 00000fff
CR0=80000011 CR2=0000000000000000 CR3=000000000011e000 CR4=00000020
DR0=0000000000000000 DR1=0000000000000000 DR2=0000000000000000 DR3=0000000000000000 
DR6=00000000ffff0ff0 DR7=0000000000000400
CCS=0000000000000044 CCD=0000000000000000 CCO=EFLAGS
EFER=0000000000000500
Servicing hardware INT=0x20
   189: v=20 e=0000 i=0 cpl=0 IP=0008:ffffffff801012ab pc=ffffffff801012ab SP=0010:ffffffff8011bfb0 env->regs[R_EAX]=0000000000000000
RAX=0000000000000000 RBX=000000000011e000 RCX=00000000000000fe RDX=0000000000000f74
RSI=0000000000000f74 RDI=ffffffff8011bfcb RBP=ffffffff8011bff0 RSP=ffffffff8011bfb0
R8 =0000000000000000 R9 =0000000000000000 R10=0000000000000000 R11=0000000000000000
R12=0000000000000000 R13=0000000000000000 R14=0000000000000000 R15=0000000000000000
RIP=ffffffff801012ab RFL=00000246 [---Z-P-] CPL=0 II=0 A20=1 SMM=0 HLT=0
ES =0010 0000000000000000 ffffffff 00af9300 DPL=0 DS   [-WA]
CS =0008 0000000000000000 ffffffff 00af9a00 DPL=0 CS64 [-R-]
SS =0010 0000000000000000 ffffffff 00af9300 DPL=0 DS   [-WA]
DS =0010 0000000000000000 ffffffff 00af9300 DPL=0 DS   [-WA]
FS =0018 0000000000000000 ffffffff 00cf9300 DPL=0 DS   [-WA]
GS =0018 0000000000000000 ffffffff 00cf9300 DPL=0 DS   [-WA]
LDT=0000 0000000000000000 0000ffff 00008200 DPL=0 LDT
TR =0018 ffffffff80116ec0 00000067 00008900 DPL=0 TSS64-avl
GDT=     ffffffff80116f30 0000003f
IDT=     ffffffff8011c120 00000fff
CR0=80000011 CR2=0000000000000000 CR3=000000000011e000 CR4=00000020
DR0=0000000000000000 DR1=0000000000000000 DR2=0000000000000000 DR3=0000000000000000 
DR6=00000000ffff0ff0 DR7=0000000000000400
CCS=0000000000000044 CCD=0000000000000000 CCO=EFLAGS
EFER=0000000000000500
Servicing hardware INT=0x20
   190: v=20 e=0000 i=0 cpl=0 IP=0008:ffffffff801012ab pc=ffffffff801012ab SP=0010:ffffffff8011bfb0 env->regs[R_EAX]=0000000000000000
RAX=0000000000000000 RBX=000000000011e000 RCX=00000000000000fe RDX=0000000000000f74
RSI=0000000000000f74 RDI=ffffffff8011bfcb RBP=ffffffff8011bff0 RSP=ffffffff8011bfb0
R8 =0000000000000000 R9 =0000000000000000 R10=0000000000000000 R11=0000000000000000
R12=0000000000000000 R13=0000000000000000 R14=0000000000000000 R15=0000000000000000
RIP=ffffffff801012ab RFL=00000246 [---Z-P-] CPL=0 II=0 A20=1 SMM=0 HLT=0
ES =0010 0000000000000000 ffffffff 00af9300 DPL=0 DS   [-WA]
CS =0008 0000000000000000 ffffffff 00af9a00 DPL=0 CS64 [-R-]
SS =0010 0000000000000000 ffffffff 00af9300 DPL=0 DS   [-WA]
DS =0010 0000000000000000 ffffffff 00af9300 DPL=0 DS   [-WA]
FS =0018 0000000000000000 ffffffff 00cf9300 DPL=0 DS   [-WA]
GS =0018 0000000000000000 ffffffff 00cf9300 DPL=0 DS   [-WA]
LDT=0000 0000000000000000 0000ffff 00008200 DPL=0 LDT
TR =0018 ffffffff80116ec0 00000067 00008900 DPL=0 TSS64-avl
GDT=     ffffffff80116f30 0000003f
IDT=     ffffffff8011c120 00000fff
CR0=80000011 CR2=0000000000000000 CR3=000000000011e000 CR4=00000020
DR0=0000000000000000 DR1=0000000000000000 DR2=0000000000000000 DR3=0000000000000000 
DR6=00000000ffff0ff0 DR7=0000000000000400
CCS=0000000000000044 CCD=0000000000000000 CCO=EFLAGS
EFER=0000000000000500
Servicing hardware INT=0x20
   191: v=20 e=0000 i=0 cpl=0 IP=0008:ffffffff801012ab pc=ffffffff801012ab SP=0010:ffffffff8011bfb0 env->regs[R_EAX]=0000000000000000
RAX=0000000000000000 RBX=000000000011e000 RCX=00000000000000fe RDX=0000000000000f74
RSI=0000000000000f74 RDI=ffffffff8011bfcb RBP=ffffffff8011bff0 RSP=ffffffff8011bfb0
R8 =0000000000000000 R9 =0000000000000000 R10=0000000000000000 R11=0000000000000000
R12=0000000000000000 R13=0000000000000000 R14=0000000000000000 R15=0000000000000000
RIP=ffffffff801012ab RFL=00000246 [---Z-P-] CPL=0 II=0 A20=1 SMM=0 HLT=0
ES =0010 0000000000000000 ffffffff 00af9300 DPL=0 DS   [-WA]
CS =0008 0000000000000000 ffffffff 00af9a00 DPL=0 CS64 [-R-]
SS =0010 0000000000000000 ffffffff 00af9300 DPL=0 DS   [-WA]
DS =0010 0000000000000000 ffffffff 00af9300 DPL=0 DS   [-WA]
FS =0018 0000000000000000 ffffffff 00cf9300 DPL=0 DS   [-WA]
GS =0018 0000000000000000 ffffffff 00cf9300 DPL=0 DS   [-WA]
LDT=0000 0000000000000000 0000ffff 00008200 DPL=0 LDT
TR =0018 ffffffff80116ec0 00000067 00008900 DPL=0 TSS64-avl
GDT=     ffffffff80116f30 0000003f
IDT=     ffffffff8011c120 00000fff
CR0=80000011 CR2=0000000000000000 CR3=000000000011e000 CR4=00000020
DR0=0000000000000000 DR1=0000000000000000 DR2=0000000000000000 DR3=0000000000000000 
DR6=00000000ffff0ff0 DR7=0000000000000400
CCS=0000000000000044 CCD=0000000000000000 CCO=EFLAGS
EFER=0000000000000500
Servicing hardware INT=0x20
   192: v=20 e=0000 i=0 cpl=0 IP=0008:ffffffff801012ab pc=ffffffff801012ab SP=0010:ffffffff8011bfb0 env->regs[R_EAX]=0000000000000000
RAX=0000000000000000 RBX=000000000011e000 RCX=00000000000000fe RDX=0000000000000f74
RSI=0000000000000f74 RDI=ffffffff8011bfcb RBP=ffffffff8011bff0 RSP=ffffffff8011bfb0
R8 =0000000000000000 R9 =0000000000000000 R10=0000000000000000 R11=0000000000000000
R12=0000000000000000 R13=0000000000000000 R14=0000000000000000 R15=0000000000000000
RIP=ffffffff801012ab RFL=00000246 [---Z-P-] CPL=0 II=0 A20=1 SMM=0 HLT=0
ES =0010 0000000000000000 ffffffff 00af9300 DPL=0 DS   [-WA]
CS =0008 0000000000000000 ffffffff 00af9a00 DPL=0 CS64 [-R-]
SS =0010 0000000000000000 ffffffff 00af9300 DPL=0 DS   [-WA]
DS =0010 0000000000000000 ffffffff 00af9300 DPL=0 DS   [-WA]
FS =0018 0000000000000000 ffffffff 00cf9300 DPL=0 DS   [-WA]
GS =0018 0000000000000000 ffffffff 00cf9300 DPL=0 DS   [-WA]
LDT=0000 0000000000000000 0000ffff 00008200 DPL=0 LDT
TR =0018 ffffffff80116ec0 00000067 00008900 DPL=0 TSS64-avl
GDT=     ffffffff80116f30 0000003f
IDT=     ffffffff8011c120 00000fff
CR0=80000011 CR2=0000000000000000 CR3=000000000011e000 CR4=00000020
DR0=0000000000000000 DR1=0000000000000000 DR2=0000000000000000 DR3=0000000000000000 
DR6=00000000ffff0ff0 DR7=0000000000000400
CCS=0000000000000044 CCD=0000000000000000 CCO=EFLAGS
EFER=0000000000000500
Servicing hardware INT=0x20
   193: v=20 e=0000 i=0 cpl=0 IP=0008:ffffffff801012ab pc=ffffffff801012ab SP=0010:ffffffff8011bfb0 env->regs[R_EAX]=0000000000000000
RAX=0000000000000000 RBX=000000000011e000 RCX=00000000000000fe RDX=0000000000000f74
RSI=0000000000000f74 RDI=ffffffff8011bfcb RBP=ffffffff8011bff0 RSP=ffffffff8011bfb0
R8 =0000000000000000 R9 =0000000000000000 R10=0000000000000000 R11=0000000000000000
R12=0000000000000000 R13=0000000000000000 R14=0000000000000000 R15=0000000000000000
RIP=ffffffff801012ab RFL=00000246 [---Z-P-] CPL=0 II=0 A20=1 SMM=0 HLT=0
ES =0010 0000000000000000 ffffffff 00af9300 DPL=0 DS   [-WA]
CS =0008 0000000000000000 ffffffff 00af9a00 DPL=0 CS64 [-R-]
SS =0010 0000000000000000 ffffffff 00af9300 DPL=0 DS   [-WA]
DS =0010 0000000000000000 ffffffff 00af9300 DPL=0 DS   [-WA]
FS =0018 0000000000000000 ffffffff 00cf9300 DPL=0 DS   [-WA]
GS =0018 0000000000000000 ffffffff 00cf9300 DPL=0 DS   [-WA]
LDT=0000 0000000000000000 0000ffff 00008200 DPL=0 LDT
TR =0018 ffffffff80116ec0 00000067 00008900 DPL=0 TSS64-avl
GDT=     ffffffff80116f30 0000003f
IDT=     ffffffff8011c120 00000fff
CR0=80000011 CR2=0000000000000000 CR3=000000000011e000 CR4=00000020
DR0=0000000000000000 DR1=0000000000000000 DR2=0000000000000000 DR3=0000000000000000 
DR6=00000000ffff0ff0 DR7=0000000000000400
CCS=0000000000000044 CCD=0000000000000000 CCO=EFLAGS
EFER=0000000000000500
Servicing hardware INT=0x20
   194: v=20 e=0000 i=0 cpl=0 IP=0008:ffffffff801012ab pc=ffffffff801012ab SP=0010:ffffffff8011bfb0 env->regs[R_EAX]=0000000000000000
RAX=0000000000000000 RBX=000000000011e000 RCX=00000000000000fe RDX=0000000000000f74
RSI=0000000000000f74 RDI=ffffffff8011bfcb RBP=ffffffff8011bff0 RSP=ffffffff8011bfb0
R8 =0000000000000000 R9 =0000000000000000 R10=0000000000000000 R11=0000000000000000
R12=0000000000000000 R13=0000000000000000 R14=0000000000000000 R15=0000000000000000
RIP=ffffffff801012ab RFL=00000246 [---Z-P-] CPL=0 II=0 A20=1 SMM=0 HLT=0
ES =0010 0000000000000000 ffffffff 00af9300 DPL=0 DS   [-WA]
CS =0008 0000000000000000 ffffffff 00af9a00 DPL=0 CS64 [-R-]
SS =0010 0000000000000000 ffffffff 00af9300 DPL=0 DS   [-WA]
DS =0010 0000000000000000 ffffffff 00af9300 DPL=0 DS   [-WA]
FS =0018 0000000000000000 ffffffff 00cf9300 DPL=0 DS   [-WA]
GS =0018 0000000000000000 ffffffff 00cf9300 DPL=0 DS   [-WA]
LDT=0000 0000000000000000 0000ffff 00008200 DPL=0 LDT
TR =0018 ffffffff80116ec0 00000067 00008900 DPL=0 TSS64-avl
GDT=     ffffffff80116f30 0000003f
IDT=     ffffffff8011c120 00000fff
CR0=80000011 CR2=0000000000000000 CR3=000000000011e000 CR4=00000020
DR0=0000000000000000 DR1=0000000000000000 DR2=0000000000000000 DR3=0000000000000000 
DR6=00000000ffff0ff0 DR7=0000000000000400
CCS=0000000000000044 CCD=0000000000000000 CCO=EFLAGS
EFER=0000000000000500
Servicing hardware INT=0x20
   195: v=20 e=0000 i=0 cpl=0 IP=0008:ffffffff801012ab pc=ffffffff801012ab SP=0010:ffffffff8011bfb0 env->regs[R_EAX]=0000000000000000
RAX=0000000000000000 RBX=000000000011e000 RCX=00000000000000fe RDX=0000000000000f74
RSI=0000000000000f74 RDI=ffffffff8011bfcb RBP=ffffffff8011bff0 RSP=ffffffff8011bfb0
R8 =0000000000000000 R9 =0000000000000000 R10=0000000000000000 R11=0000000000000000
R12=0000000000000000 R13=0000000000000000 R14=0000000000000000 R15=0000000000000000
RIP=ffffffff801012ab RFL=00000246 [---Z-P-] CPL=0 II=0 A20=1 SMM=0 HLT=0
ES =0010 0000000000000000 ffffffff 00af9300 DPL=0 DS   [-WA]
CS =0008 0000000000000000 ffffffff 00af9a00 DPL=0 CS64 [-R-]
SS =0010 0000000000000000 ffffffff 00af9300 DPL=0 DS   [-WA]
DS =0010 0000000000000000 ffffffff 00af9300 DPL=0 DS   [-WA]
FS =0018 0000000000000000 ffffffff 00cf9300 DPL=0 DS   [-WA]
GS =0018 0000000000000000 ffffffff 00cf9300 DPL=0 DS   [-WA]
LDT=0000 0000000000000000 0000ffff 00008200 DPL=0 LDT
TR =0018 ffffffff80116ec0 00000067 00008900 DPL=0 TSS64-avl
GDT=     ffffffff80116f30 0000003f
IDT=     ffffffff8011c120 00000fff
CR0=80000011 CR2=0000000000000000 CR3=000000000011e000 CR4=00000020
DR0=0000000000000000 DR1=0000000000000000 DR2=0000000000000000 DR3=0000000000000000 
DR6=00000000ffff0ff0 DR7=0000000000000400
CCS=0000000000000044 CCD=0000000000000000 CCO=EFLAGS
EFER=0000000000000500
Servicing hardware INT=0x20
   196: v=20 e=0000 i=0 cpl=0 IP=0008:ffffffff801012ab pc=ffffffff801012ab SP=0010:ffffffff8011bfb0 env->regs[R_EAX]=0000000000000000
RAX=0000000000000000 RBX=000000000011e000 RCX=00000000000000fe RDX=0000000000000f74
RSI=0000000000000f74 RDI=ffffffff8011bfcb RBP=ffffffff8011bff0 RSP=ffffffff8011bfb0
R8 =0000000000000000 R9 =0000000000000000 R10=0000000000000000 R11=0000000000000000
R12=0000000000000000 R13=0000000000000000 R14=0000000000000000 R15=0000000000000000
RIP=ffffffff801012ab RFL=00000246 [---Z-P-] CPL=0 II=0 A20=1 SMM=0 HLT=0
ES =0010 0000000000000000 ffffffff 00af9300 DPL=0 DS   [-WA]
CS =0008 0000000000000000 ffffffff 00af9a00 DPL=0 CS64 [-R-]
SS =0010 0000000000000000 ffffffff 00af9300 DPL=0 DS   [-WA]
DS =0010 0000000000000000 ffffffff 00af9300 DPL=0 DS   [-WA]
FS =0018 0000000000000000 ffffffff 00cf9300 DPL=0 DS   [-WA]
GS =0018 0000000000000000 ffffffff 00cf9300 DPL=0 DS   [-WA]
LDT=0000 0000000000000000 0000ffff 00008200 DPL=0 LDT
TR =0018 ffffffff80116ec0 00000067 00008900 DPL=0 TSS64-avl
GDT=     ffffffff80116f30 0000003f
IDT=     ffffffff8011c120 00000fff
CR0=80000011 CR2=0000000000000000 CR3=000000000011e000 CR4=00000020
DR0=0000000000000000 DR1=0000000000000000 DR2=0000000000000000 DR3=0000000000000000 
DR6=00000000ffff0ff0 DR7=0000000000000400
CCS=0000000000000044 CCD=0000000000000000 CCO=EFLAGS
EFER=0000000000000500
Servicing hardware INT=0x20
   197: v=20 e=0000 i=0 cpl=0 IP=0008:ffffffff801012ab pc=ffffffff801012ab SP=0010:ffffffff8011bfb0 env->regs[R_EAX]=0000000000000000
RAX=0000000000000000 RBX=000000000011e000 RCX=00000000000000fe RDX=0000000000000f74
RSI=0000000000000f74 RDI=ffffffff8011bfcb RBP=ffffffff8011bff0 RSP=ffffffff8011bfb0
R8 =0000000000000000 R9 =0000000000000000 R10=0000000000000000 R11=0000000000000000
R12=0000000000000000 R13=0000000000000000 R14=0000000000000000 R15=0000000000000000
RIP=ffffffff801012ab RFL=00000246 [---Z-P-] CPL=0 II=0 A20=1 SMM=0 HLT=0
ES =0010 0000000000000000 ffffffff 00af9300 DPL=0 DS   [-WA]
CS =0008 0000000000000000 ffffffff 00af9a00 DPL=0 CS64 [-R-]
SS =0010 0000000000000000 ffffffff 00af9300 DPL=0 DS   [-WA]
DS =0010 0000000000000000 ffffffff 00af9300 DPL=0 DS   [-WA]
FS =0018 0000000000000000 ffffffff 00cf9300 DPL=0 DS   [-WA]
GS =0018 0000000000000000 ffffffff 00cf9300 DPL=0 DS   [-WA]
LDT=0000 0000000000000000 0000ffff 00008200 DPL=0 LDT
TR =0018 ffffffff80116ec0 00000067 00008900 DPL=0 TSS64-avl
GDT=     ffffffff80116f30 0000003f
IDT=     ffffffff8011c120 00000fff
CR0=80000011 CR2=0000000000000000 CR3=000000000011e000 CR4=00000020
DR0=0000000000000000 DR1=0000000000000000 DR2=0000000000000000 DR3=0000000000000000 
DR6=00000000ffff0ff0 DR7=0000000000000400
CCS=0000000000000044 CCD=0000000000000000 CCO=EFLAGS
EFER=0000000000000500
Servicing hardware INT=0x20
   198: v=20 e=0000 i=0 cpl=0 IP=0008:ffffffff801012ab pc=ffffffff801012ab SP=0010:ffffffff8011bfb0 env->regs[R_EAX]=0000000000000000
RAX=0000000000000000 RBX=000000000011e000 RCX=00000000000000fe RDX=0000000000000f74
RSI=0000000000000f74 RDI=ffffffff8011bfcb RBP=ffffffff8011bff0 RSP=ffffffff8011bfb0
R8 =0000000000000000 R9 =0000000000000000 R10=0000000000000000 R11=0000000000000000
R12=0000000000000000 R13=0000000000000000 R14=0000000000000000 R15=0000000000000000
RIP=ffffffff801012ab RFL=00000246 [---Z-P-] CPL=0 II=0 A20=1 SMM=0 HLT=0
ES =0010 0000000000000000 ffffffff 00af9300 DPL=0 DS   [-WA]
CS =0008 0000000000000000 ffffffff 00af9a00 DPL=0 CS64 [-R-]
SS =0010 0000000000000000 ffffffff 00af9300 DPL=0 DS   [-WA]
DS =0010 0000000000000000 ffffffff 00af9300 DPL=0 DS   [-WA]
FS =0018 0000000000000000 ffffffff 00cf9300 DPL=0 DS   [-WA]
GS =0018 0000000000000000 ffffffff 00cf9300 DPL=0 DS   [-WA]
LDT=0000 0000000000000000 0000ffff 00008200 DPL=0 LDT
TR =0018 ffffffff80116ec0 00000067 00008900 DPL=0 TSS64-avl
GDT=     ffffffff80116f30 0000003f
IDT=     ffffffff8011c120 00000fff
CR0=80000011 CR2=0000000000000000 CR3=000000000011e000 CR4=00000020
DR0=0000000000000000 DR1=0000000000000000 DR2=0000000000000000 DR3=0000000000000000 
DR6=00000000ffff0ff0 DR7=0000000000000400
CCS=0000000000000044 CCD=0000000000000000 CCO=EFLAGS
EFER=0000000000000500
Servicing hardware INT=0x20
   199: v=20 e=0000 i=0 cpl=0 IP=0008:ffffffff801012ab pc=ffffffff801012ab SP=0010:ffffffff8011bfb0 env->regs[R_EAX]=0000000000000000
RAX=0000000000000000 RBX=000000000011e000 RCX=00000000000000fe RDX=0000000000000f74
RSI=0000000000000f74 RDI=ffffffff8011bfcb RBP=ffffffff8011bff0 RSP=ffffffff8011bfb0
R8 =0000000000000000 R9 =0000000000000000 R10=0000000000000000 R11=0000000000000000
R12=0000000000000000 R13=0000000000000000 R14=0000000000000000 R15=0000000000000000
RIP=ffffffff801012ab RFL=00000246 [---Z-P-] CPL=0 II=0 A20=1 SMM=0 HLT=0
ES =0010 0000000000000000 ffffffff 00af9300 DPL=0 DS   [-WA]
CS =0008 0000000000000000 ffffffff 00af9a00 DPL=0 CS64 [-R-]
SS =0010 0000000000000000 ffffffff 00af9300 DPL=0 DS   [-WA]
DS =0010 0000000000000000 ffffffff 00af9300 DPL=0 DS   [-WA]
FS =0018 0000000000000000 ffffffff 00cf9300 DPL=0 DS   [-WA]
GS =0018 0000000000000000 ffffffff 00cf9300 DPL=0 DS   [-WA]
LDT=0000 0000000000000000 0000ffff 00008200 DPL=0 LDT
TR =0018 ffffffff80116ec0 00000067 00008900 DPL=0 TSS64-avl
GDT=     ffffffff80116f30 0000003f
IDT=     ffffffff8011c120 00000fff
CR0=80000011 CR2=0000000000000000 CR3=000000000011e000 CR4=00000020
DR0=0000000000000000 DR1=0000000000000000 DR2=0000000000000000 DR3=0000000000000000 
DR6=00000000ffff0ff0 DR7=0000000000000400
CCS=0000000000000044 CCD=0000000000000000 CCO=EFLAGS
EFER=0000000000000500
Servicing hardware INT=0x20
   200: v=20 e=0000 i=0 cpl=0 IP=0008:ffffffff801012ab pc=ffffffff801012ab SP=0010:ffffffff8011bfb0 env->regs[R_EAX]=0000000000000000
RAX=0000000000000000 RBX=000000000011e000 RCX=00000000000000fe RDX=0000000000000f74
RSI=0000000000000f74 RDI=ffffffff8011bfcb RBP=ffffffff8011bff0 RSP=ffffffff8011bfb0
R8 =0000000000000000 R9 =0000000000000000 R10=0000000000000000 R11=0000000000000000
R12=0000000000000000 R13=0000000000000000 R14=0000000000000000 R15=0000000000000000
RIP=ffffffff801012ab RFL=00000246 [---Z-P-] CPL=0 II=0 A20=1 SMM=0 HLT=0
ES =0010 0000000000000000 ffffffff 00af9300 DPL=0 DS   [-WA]
CS =0008 0000000000000000 ffffffff 00af9a00 DPL=0 CS64 [-R-]
SS =0010 0000000000000000 ffffffff 00af9300 DPL=0 DS   [-WA]
DS =0010 0000000000000000 ffffffff 00af9300 DPL=0 DS   [-WA]
FS =0018 0000000000000000 ffffffff 00cf9300 DPL=0 DS   [-WA]
GS =0018 0000000000000000 ffffffff 00cf9300 DPL=0 DS   [-WA]
LDT=0000 0000000000000000 0000ffff 00008200 DPL=0 LDT
TR =0018 ffffffff80116ec0 00000067 00008900 DPL=0 TSS64-avl
GDT=     ffffffff80116f30 0000003f
IDT=     ffffffff8011c120 00000fff
CR0=80000011 CR2=0000000000000000 CR3=000000000011e000 CR4=00000020
DR0=0000000000000000 DR1=0000000000000000 DR2=0000000000000000 DR3=0000000000000000 
DR6=00000000ffff0ff0 DR7=0000000000000400
CCS=0000000000000044 CCD=0000000000000000 CCO=EFLAGS
EFER=0000000000000500
Servicing hardware INT=0x20
   201: v=20 e=0000 i=0 cpl=0 IP=0008:ffffffff801012ab pc=ffffffff801012ab SP=0010:ffffffff8011bfb0 env->regs[R_EAX]=0000000000000000
RAX=0000000000000000 RBX=000000000011e000 RCX=00000000000000fe RDX=0000000000000f74
RSI=0000000000000f74 RDI=ffffffff8011bfcb RBP=ffffffff8011bff0 RSP=ffffffff8011bfb0
R8 =0000000000000000 R9 =0000000000000000 R10=0000000000000000 R11=0000000000000000
R12=0000000000000000 R13=0000000000000000 R14=0000000000000000 R15=0000000000000000
RIP=ffffffff801012ab RFL=00000246 [---Z-P-] CPL=0 II=0 A20=1 SMM=0 HLT=0
ES =0010 0000000000000000 ffffffff 00af9300 DPL=0 DS   [-WA]
CS =0008 0000000000000000 ffffffff 00af9a00 DPL=0 CS64 [-R-]
SS =0010 0000000000000000 ffffffff 00af9300 DPL=0 DS   [-WA]
DS =0010 0000000000000000 ffffffff 00af9300 DPL=0 DS   [-WA]
FS =0018 0000000000000000 ffffffff 00cf9300 DPL=0 DS   [-WA]
GS =0018 0000000000000000 ffffffff 00cf9300 DPL=0 DS   [-WA]
LDT=0000 0000000000000000 0000ffff 00008200 DPL=0 LDT
TR =0018 ffffffff80116ec0 00000067 00008900 DPL=0 TSS64-avl
GDT=     ffffffff80116f30 0000003f
IDT=     ffffffff8011c120 00000fff
CR0=80000011 CR2=0000000000000000 CR3=000000000011e000 CR4=00000020
DR0=0000000000000000 DR1=0000000000000000 DR2=0000000000000000 DR3=0000000000000000 
DR6=00000000ffff0ff0 DR7=0000000000000400
CCS=0000000000000044 CCD=0000000000000000 CCO=EFLAGS
EFER=0000000000000500
Servicing hardware INT=0x20
   202: v=20 e=0000 i=0 cpl=0 IP=0008:ffffffff801012ab pc=ffffffff801012ab SP=0010:ffffffff8011bfb0 env->regs[R_EAX]=0000000000000000
RAX=0000000000000000 RBX=000000000011e000 RCX=00000000000000fe RDX=0000000000000f74
RSI=0000000000000f74 RDI=ffffffff8011bfcb RBP=ffffffff8011bff0 RSP=ffffffff8011bfb0
R8 =0000000000000000 R9 =0000000000000000 R10=0000000000000000 R11=0000000000000000
R12=0000000000000000 R13=0000000000000000 R14=0000000000000000 R15=0000000000000000
RIP=ffffffff801012ab RFL=00000246 [---Z-P-] CPL=0 II=0 A20=1 SMM=0 HLT=0
ES =0010 0000000000000000 ffffffff 00af9300 DPL=0 DS   [-WA]
CS =0008 0000000000000000 ffffffff 00af9a00 DPL=0 CS64 [-R-]
SS =0010 0000000000000000 ffffffff 00af9300 DPL=0 DS   [-WA]
DS =0010 0000000000000000 ffffffff 00af9300 DPL=0 DS   [-WA]
FS =0018 0000000000000000 ffffffff 00cf9300 DPL=0 DS   [-WA]
GS =0018 0000000000000000 ffffffff 00cf9300 DPL=0 DS   [-WA]
LDT=0000 0000000000000000 0000ffff 00008200 DPL=0 LDT
TR =0018 ffffffff80116ec0 00000067 00008900 DPL=0 TSS64-avl
GDT=     ffffffff80116f30 0000003f
IDT=     ffffffff8011c120 00000fff
CR0=80000011 CR2=0000000000000000 CR3=000000000011e000 CR4=00000020
DR0=0000000000000000 DR1=0000000000000000 DR2=0000000000000000 DR3=0000000000000000 
DR6=00000000ffff0ff0 DR7=0000000000000400
CCS=0000000000000044 CCD=0000000000000000 CCO=EFLAGS
EFER=0000000000000500
Servicing hardware INT=0x20
   203: v=20 e=0000 i=0 cpl=0 IP=0008:ffffffff801012ab pc=ffffffff801012ab SP=0010:ffffffff8011bfb0 env->regs[R_EAX]=0000000000000000
RAX=0000000000000000 RBX=000000000011e000 RCX=00000000000000fe RDX=0000000000000f74
RSI=0000000000000f74 RDI=ffffffff8011bfcb RBP=ffffffff8011bff0 RSP=ffffffff8011bfb0
R8 =0000000000000000 R9 =0000000000000000 R10=0000000000000000 R11=0000000000000000
R12=0000000000000000 R13=0000000000000000 R14=0000000000000000 R15=0000000000000000
RIP=ffffffff801012ab RFL=00000246 [---Z-P-] CPL=0 II=0 A20=1 SMM=0 HLT=0
ES =0010 0000000000000000 ffffffff 00af9300 DPL=0 DS   [-WA]
CS =0008 0000000000000000 ffffffff 00af9a00 DPL=0 CS64 [-R-]
SS =0010 0000000000000000 ffffffff 00af9300 DPL=0 DS   [-WA]
DS =0010 0000000000000000 ffffffff 00af9300 DPL=0 DS   [-WA]
FS =0018 0000000000000000 ffffffff 00cf9300 DPL=0 DS   [-WA]
GS =0018 0000000000000000 ffffffff 00cf9300 DPL=0 DS   [-WA]
LDT=0000 0000000000000000 0000ffff 00008200 DPL=0 LDT
TR =0018 ffffffff80116ec0 00000067 00008900 DPL=0 TSS64-avl
GDT=     ffffffff80116f30 0000003f
IDT=     ffffffff8011c120 00000fff
CR0=80000011 CR2=0000000000000000 CR3=000000000011e000 CR4=00000020
DR0=0000000000000000 DR1=0000000000000000 DR2=0000000000000000 DR3=0000000000000000 
DR6=00000000ffff0ff0 DR7=0000000000000400
CCS=0000000000000044 CCD=0000000000000000 CCO=EFLAGS
EFER=0000000000000500
Servicing hardware INT=0x21
   204: v=21 e=0000 i=0 cpl=0 IP=0008:ffffffff801012ab pc=ffffffff801012ab SP=0010:ffffffff8011bfb0 env->regs[R_EAX]=0000000000000000
RAX=0000000000000000 RBX=000000000011e000 RCX=00000000000000fe RDX=0000000000000f74
RSI=0000000000000f74 RDI=ffffffff8011bfcb RBP=ffffffff8011bff0 RSP=ffffffff8011bfb0
R8 =0000000000000000 R9 =0000000000000000 R10=0000000000000000 R11=0000000000000000
R12=0000000000000000 R13=0000000000000000 R14=0000000000000000 R15=0000000000000000
RIP=ffffffff801012ab RFL=00000246 [---Z-P-] CPL=0 II=0 A20=1 SMM=0 HLT=0
ES =0010 0000000000000000 ffffffff 00af9300 DPL=0 DS   [-WA]
CS =0008 0000000000000000 ffffffff 00af9a00 DPL=0 CS64 [-R-]
SS =0010 0000000000000000 ffffffff 00af9300 DPL=0 DS   [-WA]
DS =0010 0000000000000000 ffffffff 00af9300 DPL=0 DS   [-WA]
FS =0018 0000000000000000 ffffffff 00cf9300 DPL=0 DS   [-WA]
GS =0018 0000000000000000 ffffffff 00cf9300 DPL=0 DS   [-WA]
LDT=0000 0000000000000000 0000ffff 00008200 DPL=0 LDT
TR =0018 ffffffff80116ec0 00000067 00008900 DPL=0 TSS64-avl
GDT=     ffffffff80116f30 0000003f
IDT=     ffffffff8011c120 00000fff
CR0=80000011 CR2=0000000000000000 CR3=000000000011e000 CR4=00000020
DR0=0000000000000000 DR1=0000000000000000 DR2=0000000000000000 DR3=0000000000000000 
DR6=00000000ffff0ff0 DR7=0000000000000400
CCS=0000000000000044 CCD=0000000000000000 CCO=EFLAGS
EFER=0000000000000500
Servicing hardware INT=0x20
   205: v=20 e=0000 i=0 cpl=0 IP=0008:ffffffff80109cbd pc=ffffffff80109cbd SP=0010:ffffffff8011be90 env->regs[R_EAX]=ffffffff8011bfec
RAX=ffffffff8011bfec RBX=000000000011e000 RCX=0000000000000074 RDX=0000000000000000
RSI=0000000000000001 RDI=0000000000000000 RBP=ffffffff8011bed8 RSP=ffffffff8011be90
R8 =0000000000000000 R9 =0000000000000000 R10=0000000000000000 R11=0000000000000000
R12=0000000000000000 R13=0000000000000000 R14=0000000000000000 R15=0000000000000000
RIP=ffffffff80109cbd RFL=00000293 [--S-A-C] CPL=0 II=0 A20=1 SMM=0 HLT=0
ES =0010 0000000000000000 ffffffff 00af9300 DPL=0 DS   [-WA]
CS =0008 0000000000000000 ffffffff 00af9a00 DPL=0 CS64 [-R-]
SS =0010 0000000000000000 ffffffff 00af9300 DPL=0 DS   [-WA]
DS =0010 0000000000000000 ffffffff 00af9300 DPL=0 DS   [-WA]
FS =0018 0000000000000000 ffffffff 00cf9300 DPL=0 DS   [-WA]
GS =0018 0000000000000000 ffffffff 00cf9300 DPL=0 DS   [-WA]
LDT=0000 0000000000000000 0000ffff 00008200 DPL=0 LDT
TR =0018 ffffffff80116ec0 00000067 00008900 DPL=0 TSS64-avl
GDT=     ffffffff80116f30 0000003f
IDT=     ffffffff8011c120 00000fff
CR0=80000011 CR2=0000000000000000 CR3=000000000011e000 CR4=00000020
DR0=0000000000000000 DR1=0000000000000000 DR2=0000000000000000 DR3=0000000000000000 
DR6=00000000ffff0ff0 DR7=0000000000000400
CCS=0000000000000091 CCD=fffffffffffffffe CCO=EFLAGS
EFER=0000000000000500
Servicing hardware INT=0x21
   206: v=21 e=0000 i=0 cpl=0 IP=0008:ffffffff801012ab pc=ffffffff801012ab SP=0010:ffffffff8011bfb0 env->regs[R_EAX]=0000000000000000
RAX=0000000000000000 RBX=000000000011e000 RCX=0000000000000198 RDX=0000000000000f20
RSI=0000000000000f20 RDI=ffffffff8011bfcb RBP=ffffffff8011bff0 RSP=ffffffff8011bfb0
R8 =0000000000000000 R9 =0000000000000000 R10=0000000000000000 R11=0000000000000000
R12=0000000000000000 R13=0000000000000000 R14=0000000000000000 R15=0000000000000000
RIP=ffffffff801012ab RFL=00000246 [---Z-P-] CPL=0 II=0 A20=1 SMM=0 HLT=0
ES =0010 0000000000000000 ffffffff 00af9300 DPL=0 DS   [-WA]
CS =0008 0000000000000000 ffffffff 00af9a00 DPL=0 CS64 [-R-]
SS =0010 0000000000000000 ffffffff 00af9300 DPL=0 DS   [-WA]
DS =0010 0000000000000000 ffffffff 00af9300 DPL=0 DS   [-WA]
FS =0018 0000000000000000 ffffffff 00cf9300 DPL=0 DS   [-WA]
GS =0018 0000000000000000 ffffffff 00cf9300 DPL=0 DS   [-WA]
LDT=0000 0000000000000000 0000ffff 00008200 DPL=0 LDT
TR =0018 ffffffff80116ec0 00000067 00008900 DPL=0 TSS64-avl
GDT=     ffffffff80116f30 0000003f
IDT=     ffffffff8011c120 00000fff
CR0=80000011 CR2=0000000000000000 CR3=000000000011e000 CR4=00000020
DR0=0000000000000000 DR1=0000000000000000 DR2=0000000000000000 DR3=0000000000000000 
DR6=00000000ffff0ff0 DR7=0000000000000400
CCS=0000000000000044 CCD=0000000000000000 CCO=EFLAGS
EFER=0000000000000500
Servicing hardware INT=0x20
   207: v=20 e=0000 i=0 cpl=0 IP=0008:ffffffff801012ab pc=ffffffff801012ab SP=0010:ffffffff8011bfb0 env->regs[R_EAX]=0000000000000000
RAX=0000000000000000 RBX=000000000011e000 RCX=0000000000000198 RDX=0000000000000f20
RSI=0000000000000f20 RDI=ffffffff8011bfcb RBP=ffffffff8011bff0 RSP=ffffffff8011bfb0
R8 =0000000000000000 R9 =0000000000000000 R10=0000000000000000 R11=0000000000000000
R12=0000000000000000 R13=0000000000000000 R14=0000000000000000 R15=0000000000000000
RIP=ffffffff801012ab RFL=00000246 [---Z-P-] CPL=0 II=0 A20=1 SMM=0 HLT=0
ES =0010 0000000000000000 ffffffff 00af9300 DPL=0 DS   [-WA]
CS =0008 0000000000000000 ffffffff 00af9a00 DPL=0 CS64 [-R-]
SS =0010 0000000000000000 ffffffff 00af9300 DPL=0 DS   [-WA]
DS =0010 0000000000000000 ffffffff 00af9300 DPL=0 DS   [-WA]
FS =0018 0000000000000000 ffffffff 00cf9300 DPL=0 DS   [-WA]
GS =0018 0000000000000000 ffffffff 00cf9300 DPL=0 DS   [-WA]
LDT=0000 0000000000000000 0000ffff 00008200 DPL=0 LDT
TR =0018 ffffffff80116ec0 00000067 00008900 DPL=0 TSS64-avl
GDT=     ffffffff80116f30 0000003f
IDT=     ffffffff8011c120 00000fff
CR0=80000011 CR2=0000000000000000 CR3=000000000011e000 CR4=00000020
DR0=0000000000000000 DR1=0000000000000000 DR2=0000000000000000 DR3=0000000000000000 
DR6=00000000ffff0ff0 DR7=0000000000000400
CCS=0000000000000044 CCD=0000000000000000 CCO=EFLAGS
EFER=0000000000000500
Servicing hardware INT=0x20
   208: v=20 e=0000 i=0 cpl=0 IP=0008:ffffffff801012ab pc=ffffffff801012ab SP=0010:ffffffff8011bfb0 env->regs[R_EAX]=0000000000000000
RAX=0000000000000000 RBX=000000000011e000 RCX=0000000000000198 RDX=0000000000000f20
RSI=0000000000000f20 RDI=ffffffff8011bfcb RBP=ffffffff8011bff0 RSP=ffffffff8011bfb0
R8 =0000000000000000 R9 =0000000000000000 R10=0000000000000000 R11=0000000000000000
R12=0000000000000000 R13=0000000000000000 R14=0000000000000000 R15=0000000000000000
RIP=ffffffff801012ab RFL=00000246 [---Z-P-] CPL=0 II=0 A20=1 SMM=0 HLT=0
ES =0010 0000000000000000 ffffffff 00af9300 DPL=0 DS   [-WA]
CS =0008 0000000000000000 ffffffff 00af9a00 DPL=0 CS64 [-R-]
SS =0010 0000000000000000 ffffffff 00af9300 DPL=0 DS   [-WA]
DS =0010 0000000000000000 ffffffff 00af9300 DPL=0 DS   [-WA]
FS =0018 0000000000000000 ffffffff 00cf9300 DPL=0 DS   [-WA]
GS =0018 0000000000000000 ffffffff 00cf9300 DPL=0 DS   [-WA]
LDT=0000 0000000000000000 0000ffff 00008200 DPL=0 LDT
TR =0018 ffffffff80116ec0 00000067 00008900 DPL=0 TSS64-avl
GDT=     ffffffff80116f30 0000003f
IDT=     ffffffff8011c120 00000fff
CR0=80000011 CR2=0000000000000000 CR3=000000000011e000 CR4=00000020
DR0=0000000000000000 DR1=0000000000000000 DR2=0000000000000000 DR3=0000000000000000 
DR6=00000000ffff0ff0 DR7=0000000000000400
CCS=0000000000000044 CCD=0000000000000000 CCO=EFLAGS
EFER=0000000000000500
Servicing hardware INT=0x20
   209: v=20 e=0000 i=0 cpl=0 IP=0008:ffffffff801012ab pc=ffffffff801012ab SP=0010:ffffffff8011bfb0 env->regs[R_EAX]=0000000000000000
RAX=0000000000000000 RBX=000000000011e000 RCX=0000000000000198 RDX=0000000000000f20
RSI=0000000000000f20 RDI=ffffffff8011bfcb RBP=ffffffff8011bff0 RSP=ffffffff8011bfb0
R8 =0000000000000000 R9 =0000000000000000 R10=0000000000000000 R11=0000000000000000
R12=0000000000000000 R13=0000000000000000 R14=0000000000000000 R15=0000000000000000
RIP=ffffffff801012ab RFL=00000246 [---Z-P-] CPL=0 II=0 A20=1 SMM=0 HLT=0
ES =0010 0000000000000000 ffffffff 00af9300 DPL=0 DS   [-WA]
CS =0008 0000000000000000 ffffffff 00af9a00 DPL=0 CS64 [-R-]
SS =0010 0000000000000000 ffffffff 00af9300 DPL=0 DS   [-WA]
DS =0010 0000000000000000 ffffffff 00af9300 DPL=0 DS   [-WA]
FS =0018 0000000000000000 ffffffff 00cf9300 DPL=0 DS   [-WA]
GS =0018 0000000000000000 ffffffff 00cf9300 DPL=0 DS   [-WA]
LDT=0000 0000000000000000 0000ffff 00008200 DPL=0 LDT
TR =0018 ffffffff80116ec0 00000067 00008900 DPL=0 TSS64-avl
GDT=     ffffffff80116f30 0000003f
IDT=     ffffffff8011c120 00000fff
CR0=80000011 CR2=0000000000000000 CR3=000000000011e000 CR4=00000020
DR0=0000000000000000 DR1=0000000000000000 DR2=0000000000000000 DR3=0000000000000000 
DR6=00000000ffff0ff0 DR7=0000000000000400
CCS=0000000000000044 CCD=0000000000000000 CCO=EFLAGS
EFER=0000000000000500
Servicing hardware INT=0x20
   210: v=20 e=0000 i=0 cpl=0 IP=0008:ffffffff801012ab pc=ffffffff801012ab SP=0010:ffffffff8011bfb0 env->regs[R_EAX]=0000000000000000
RAX=0000000000000000 RBX=000000000011e000 RCX=0000000000000198 RDX=0000000000000f20
RSI=0000000000000f20 RDI=ffffffff8011bfcb RBP=ffffffff8011bff0 RSP=ffffffff8011bfb0
R8 =0000000000000000 R9 =0000000000000000 R10=0000000000000000 R11=0000000000000000
R12=0000000000000000 R13=0000000000000000 R14=0000000000000000 R15=0000000000000000
RIP=ffffffff801012ab RFL=00000246 [---Z-P-] CPL=0 II=0 A20=1 SMM=0 HLT=0
ES =0010 0000000000000000 ffffffff 00af9300 DPL=0 DS   [-WA]
CS =0008 0000000000000000 ffffffff 00af9a00 DPL=0 CS64 [-R-]
SS =0010 0000000000000000 ffffffff 00af9300 DPL=0 DS   [-WA]
DS =0010 0000000000000000 ffffffff 00af9300 DPL=0 DS   [-WA]
FS =0018 0000000000000000 ffffffff 00cf9300 DPL=0 DS   [-WA]
GS =0018 0000000000000000 ffffffff 00cf9300 DPL=0 DS   [-WA]
LDT=0000 0000000000000000 0000ffff 00008200 DPL=0 LDT
TR =0018 ffffffff80116ec0 00000067 00008900 DPL=0 TSS64-avl
GDT=     ffffffff80116f30 0000003f
IDT=     ffffffff8011c120 00000fff
CR0=80000011 CR2=0000000000000000 CR3=000000000011e000 CR4=00000020
DR0=0000000000000000 DR1=0000000000000000 DR2=0000000000000000 DR3=0000000000000000 
DR6=00000000ffff0ff0 DR7=0000000000000400
CCS=0000000000000044 CCD=0000000000000000 CCO=EFLAGS
EFER=0000000000000500
Servicing hardware INT=0x20
   211: v=20 e=0000 i=0 cpl=0 IP=0008:ffffffff801012ab pc=ffffffff801012ab SP=0010:ffffffff8011bfb0 env->regs[R_EAX]=0000000000000000
RAX=0000000000000000 RBX=000000000011e000 RCX=0000000000000198 RDX=0000000000000f20
RSI=0000000000000f20 RDI=ffffffff8011bfcb RBP=ffffffff8011bff0 RSP=ffffffff8011bfb0
R8 =0000000000000000 R9 =0000000000000000 R10=0000000000000000 R11=0000000000000000
R12=0000000000000000 R13=0000000000000000 R14=0000000000000000 R15=0000000000000000
RIP=ffffffff801012ab RFL=00000246 [---Z-P-] CPL=0 II=0 A20=1 SMM=0 HLT=0
ES =0010 0000000000000000 ffffffff 00af9300 DPL=0 DS   [-WA]
CS =0008 0000000000000000 ffffffff 00af9a00 DPL=0 CS64 [-R-]
SS =0010 0000000000000000 ffffffff 00af9300 DPL=0 DS   [-WA]
DS =0010 0000000000000000 ffffffff 00af9300 DPL=0 DS   [-WA]
FS =0018 0000000000000000 ffffffff 00cf9300 DPL=0 DS   [-WA]
GS =0018 0000000000000000 ffffffff 00cf9300 DPL=0 DS   [-WA]
LDT=0000 0000000000000000 0000ffff 00008200 DPL=0 LDT
TR =0018 ffffffff80116ec0 00000067 00008900 DPL=0 TSS64-avl
GDT=     ffffffff80116f30 0000003f
IDT=     ffffffff8011c120 00000fff
CR0=80000011 CR2=0000000000000000 CR3=000000000011e000 CR4=00000020
DR0=0000000000000000 DR1=0000000000000000 DR2=0000000000000000 DR3=0000000000000000 
DR6=00000000ffff0ff0 DR7=0000000000000400
CCS=0000000000000044 CCD=0000000000000000 CCO=EFLAGS
EFER=0000000000000500
Servicing hardware INT=0x20
   212: v=20 e=0000 i=0 cpl=0 IP=0008:ffffffff801012ab pc=ffffffff801012ab SP=0010:ffffffff8011bfb0 env->regs[R_EAX]=0000000000000000
RAX=0000000000000000 RBX=000000000011e000 RCX=0000000000000198 RDX=0000000000000f20
RSI=0000000000000f20 RDI=ffffffff8011bfcb RBP=ffffffff8011bff0 RSP=ffffffff8011bfb0
R8 =0000000000000000 R9 =0000000000000000 R10=0000000000000000 R11=0000000000000000
R12=0000000000000000 R13=0000000000000000 R14=0000000000000000 R15=0000000000000000
RIP=ffffffff801012ab RFL=00000246 [---Z-P-] CPL=0 II=0 A20=1 SMM=0 HLT=0
ES =0010 0000000000000000 ffffffff 00af9300 DPL=0 DS   [-WA]
CS =0008 0000000000000000 ffffffff 00af9a00 DPL=0 CS64 [-R-]
SS =0010 0000000000000000 ffffffff 00af9300 DPL=0 DS   [-WA]
DS =0010 0000000000000000 ffffffff 00af9300 DPL=0 DS   [-WA]
FS =0018 0000000000000000 ffffffff 00cf9300 DPL=0 DS   [-WA]
GS =0018 0000000000000000 ffffffff 00cf9300 DPL=0 DS   [-WA]
LDT=0000 0000000000000000 0000ffff 00008200 DPL=0 LDT
TR =0018 ffffffff80116ec0 00000067 00008900 DPL=0 TSS64-avl
GDT=     ffffffff80116f30 0000003f
IDT=     ffffffff8011c120 00000fff
CR0=80000011 CR2=0000000000000000 CR3=000000000011e000 CR4=00000020
DR0=0000000000000000 DR1=0000000000000000 DR2=0000000000000000 DR3=0000000000000000 
DR6=00000000ffff0ff0 DR7=0000000000000400
CCS=0000000000000044 CCD=0000000000000000 CCO=EFLAGS
EFER=0000000000000500
Servicing hardware INT=0x20
   213: v=20 e=0000 i=0 cpl=0 IP=0008:ffffffff801012ab pc=ffffffff801012ab SP=0010:ffffffff8011bfb0 env->regs[R_EAX]=0000000000000000
RAX=0000000000000000 RBX=000000000011e000 RCX=0000000000000198 RDX=0000000000000f20
RSI=0000000000000f20 RDI=ffffffff8011bfcb RBP=ffffffff8011bff0 RSP=ffffffff8011bfb0
R8 =0000000000000000 R9 =0000000000000000 R10=0000000000000000 R11=0000000000000000
R12=0000000000000000 R13=0000000000000000 R14=0000000000000000 R15=0000000000000000
RIP=ffffffff801012ab RFL=00000246 [---Z-P-] CPL=0 II=0 A20=1 SMM=0 HLT=0
ES =0010 0000000000000000 ffffffff 00af9300 DPL=0 DS   [-WA]
CS =0008 0000000000000000 ffffffff 00af9a00 DPL=0 CS64 [-R-]
SS =0010 0000000000000000 ffffffff 00af9300 DPL=0 DS   [-WA]
DS =0010 0000000000000000 ffffffff 00af9300 DPL=0 DS   [-WA]
FS =0018 0000000000000000 ffffffff 00cf9300 DPL=0 DS   [-WA]
GS =0018 0000000000000000 ffffffff 00cf9300 DPL=0 DS   [-WA]
LDT=0000 0000000000000000 0000ffff 00008200 DPL=0 LDT
TR =0018 ffffffff80116ec0 00000067 00008900 DPL=0 TSS64-avl
GDT=     ffffffff80116f30 0000003f
IDT=     ffffffff8011c120 00000fff
CR0=80000011 CR2=0000000000000000 CR3=000000000011e000 CR4=00000020
DR0=0000000000000000 DR1=0000000000000000 DR2=0000000000000000 DR3=0000000000000000 
DR6=00000000ffff0ff0 DR7=0000000000000400
CCS=0000000000000044 CCD=0000000000000000 CCO=EFLAGS
EFER=0000000000000500
Servicing hardware INT=0x20
   214: v=20 e=0000 i=0 cpl=0 IP=0008:ffffffff801012ab pc=ffffffff801012ab SP=0010:ffffffff8011bfb0 env->regs[R_EAX]=0000000000000000
RAX=0000000000000000 RBX=000000000011e000 RCX=0000000000000198 RDX=0000000000000f20
RSI=0000000000000f20 RDI=ffffffff8011bfcb RBP=ffffffff8011bff0 RSP=ffffffff8011bfb0
R8 =0000000000000000 R9 =0000000000000000 R10=0000000000000000 R11=0000000000000000
R12=0000000000000000 R13=0000000000000000 R14=0000000000000000 R15=0000000000000000
RIP=ffffffff801012ab RFL=00000246 [---Z-P-] CPL=0 II=0 A20=1 SMM=0 HLT=0
ES =0010 0000000000000000 ffffffff 00af9300 DPL=0 DS   [-WA]
CS =0008 0000000000000000 ffffffff 00af9a00 DPL=0 CS64 [-R-]
SS =0010 0000000000000000 ffffffff 00af9300 DPL=0 DS   [-WA]
DS =0010 0000000000000000 ffffffff 00af9300 DPL=0 DS   [-WA]
FS =0018 0000000000000000 ffffffff 00cf9300 DPL=0 DS   [-WA]
GS =0018 0000000000000000 ffffffff 00cf9300 DPL=0 DS   [-WA]
LDT=0000 0000000000000000 0000ffff 00008200 DPL=0 LDT
TR =0018 ffffffff80116ec0 00000067 00008900 DPL=0 TSS64-avl
GDT=     ffffffff80116f30 0000003f
IDT=     ffffffff8011c120 00000fff
CR0=80000011 CR2=0000000000000000 CR3=000000000011e000 CR4=00000020
DR0=0000000000000000 DR1=0000000000000000 DR2=0000000000000000 DR3=0000000000000000 
DR6=00000000ffff0ff0 DR7=0000000000000400
CCS=0000000000000044 CCD=0000000000000000 CCO=EFLAGS
EFER=0000000000000500
Servicing hardware INT=0x20
   215: v=20 e=0000 i=0 cpl=0 IP=0008:ffffffff801012ab pc=ffffffff801012ab SP=0010:ffffffff8011bfb0 env->regs[R_EAX]=0000000000000000
RAX=0000000000000000 RBX=000000000011e000 RCX=0000000000000198 RDX=0000000000000f20
RSI=0000000000000f20 RDI=ffffffff8011bfcb RBP=ffffffff8011bff0 RSP=ffffffff8011bfb0
R8 =0000000000000000 R9 =0000000000000000 R10=0000000000000000 R11=0000000000000000
R12=0000000000000000 R13=0000000000000000 R14=0000000000000000 R15=0000000000000000
RIP=ffffffff801012ab RFL=00000246 [---Z-P-] CPL=0 II=0 A20=1 SMM=0 HLT=0
ES =0010 0000000000000000 ffffffff 00af9300 DPL=0 DS   [-WA]
CS =0008 0000000000000000 ffffffff 00af9a00 DPL=0 CS64 [-R-]
SS =0010 0000000000000000 ffffffff 00af9300 DPL=0 DS   [-WA]
DS =0010 0000000000000000 ffffffff 00af9300 DPL=0 DS   [-WA]
FS =0018 0000000000000000 ffffffff 00cf9300 DPL=0 DS   [-WA]
GS =0018 0000000000000000 ffffffff 00cf9300 DPL=0 DS   [-WA]
LDT=0000 0000000000000000 0000ffff 00008200 DPL=0 LDT
TR =0018 ffffffff80116ec0 00000067 00008900 DPL=0 TSS64-avl
GDT=     ffffffff80116f30 0000003f
IDT=     ffffffff8011c120 00000fff
CR0=80000011 CR2=0000000000000000 CR3=000000000011e000 CR4=00000020
DR0=0000000000000000 DR1=0000000000000000 DR2=0000000000000000 DR3=0000000000000000 
DR6=00000000ffff0ff0 DR7=0000000000000400
CCS=0000000000000044 CCD=0000000000000000 CCO=EFLAGS
EFER=0000000000000500
Servicing hardware INT=0x20
   216: v=20 e=0000 i=0 cpl=0 IP=0008:ffffffff801012ab pc=ffffffff801012ab SP=0010:ffffffff8011bfb0 env->regs[R_EAX]=0000000000000000
RAX=0000000000000000 RBX=000000000011e000 RCX=0000000000000198 RDX=0000000000000f20
RSI=0000000000000f20 RDI=ffffffff8011bfcb RBP=ffffffff8011bff0 RSP=ffffffff8011bfb0
R8 =0000000000000000 R9 =0000000000000000 R10=0000000000000000 R11=0000000000000000
R12=0000000000000000 R13=0000000000000000 R14=0000000000000000 R15=0000000000000000
RIP=ffffffff801012ab RFL=00000246 [---Z-P-] CPL=0 II=0 A20=1 SMM=0 HLT=0
ES =0010 0000000000000000 ffffffff 00af9300 DPL=0 DS   [-WA]
CS =0008 0000000000000000 ffffffff 00af9a00 DPL=0 CS64 [-R-]
SS =0010 0000000000000000 ffffffff 00af9300 DPL=0 DS   [-WA]
DS =0010 0000000000000000 ffffffff 00af9300 DPL=0 DS   [-WA]
FS =0018 0000000000000000 ffffffff 00cf9300 DPL=0 DS   [-WA]
GS =0018 0000000000000000 ffffffff 00cf9300 DPL=0 DS   [-WA]
LDT=0000 0000000000000000 0000ffff 00008200 DPL=0 LDT
TR =0018 ffffffff80116ec0 00000067 00008900 DPL=0 TSS64-avl
GDT=     ffffffff80116f30 0000003f
IDT=     ffffffff8011c120 00000fff
CR0=80000011 CR2=0000000000000000 CR3=000000000011e000 CR4=00000020
DR0=0000000000000000 DR1=0000000000000000 DR2=0000000000000000 DR3=0000000000000000 
DR6=00000000ffff0ff0 DR7=0000000000000400
CCS=0000000000000044 CCD=0000000000000000 CCO=EFLAGS
EFER=0000000000000500
Servicing hardware INT=0x20
   217: v=20 e=0000 i=0 cpl=0 IP=0008:ffffffff801012ab pc=ffffffff801012ab SP=0010:ffffffff8011bfb0 env->regs[R_EAX]=0000000000000000
RAX=0000000000000000 RBX=000000000011e000 RCX=0000000000000198 RDX=0000000000000f20
RSI=0000000000000f20 RDI=ffffffff8011bfcb RBP=ffffffff8011bff0 RSP=ffffffff8011bfb0
R8 =0000000000000000 R9 =0000000000000000 R10=0000000000000000 R11=0000000000000000
R12=0000000000000000 R13=0000000000000000 R14=0000000000000000 R15=0000000000000000
RIP=ffffffff801012ab RFL=00000246 [---Z-P-] CPL=0 II=0 A20=1 SMM=0 HLT=0
ES =0010 0000000000000000 ffffffff 00af9300 DPL=0 DS   [-WA]
CS =0008 0000000000000000 ffffffff 00af9a00 DPL=0 CS64 [-R-]
SS =0010 0000000000000000 ffffffff 00af9300 DPL=0 DS   [-WA]
DS =0010 0000000000000000 ffffffff 00af9300 DPL=0 DS   [-WA]
FS =0018 0000000000000000 ffffffff 00cf9300 DPL=0 DS   [-WA]
GS =0018 0000000000000000 ffffffff 00cf9300 DPL=0 DS   [-WA]
LDT=0000 0000000000000000 0000ffff 00008200 DPL=0 LDT
TR =0018 ffffffff80116ec0 00000067 00008900 DPL=0 TSS64-avl
GDT=     ffffffff80116f30 0000003f
IDT=     ffffffff8011c120 00000fff
CR0=80000011 CR2=0000000000000000 CR3=000000000011e000 CR4=00000020
DR0=0000000000000000 DR1=0000000000000000 DR2=0000000000000000 DR3=0000000000000000 
DR6=00000000ffff0ff0 DR7=0000000000000400
CCS=0000000000000044 CCD=0000000000000000 CCO=EFLAGS
EFER=0000000000000500
Servicing hardware INT=0x20
   218: v=20 e=0000 i=0 cpl=0 IP=0008:ffffffff801012ab pc=ffffffff801012ab SP=0010:ffffffff8011bfb0 env->regs[R_EAX]=0000000000000000
RAX=0000000000000000 RBX=000000000011e000 RCX=0000000000000198 RDX=0000000000000f20
RSI=0000000000000f20 RDI=ffffffff8011bfcb RBP=ffffffff8011bff0 RSP=ffffffff8011bfb0
R8 =0000000000000000 R9 =0000000000000000 R10=0000000000000000 R11=0000000000000000
R12=0000000000000000 R13=0000000000000000 R14=0000000000000000 R15=0000000000000000
RIP=ffffffff801012ab RFL=00000246 [---Z-P-] CPL=0 II=0 A20=1 SMM=0 HLT=0
ES =0010 0000000000000000 ffffffff 00af9300 DPL=0 DS   [-WA]
CS =0008 0000000000000000 ffffffff 00af9a00 DPL=0 CS64 [-R-]
SS =0010 0000000000000000 ffffffff 00af9300 DPL=0 DS   [-WA]
DS =0010 0000000000000000 ffffffff 00af9300 DPL=0 DS   [-WA]
FS =0018 0000000000000000 ffffffff 00cf9300 DPL=0 DS   [-WA]
GS =0018 0000000000000000 ffffffff 00cf9300 DPL=0 DS   [-WA]
LDT=0000 0000000000000000 0000ffff 00008200 DPL=0 LDT
TR =0018 ffffffff80116ec0 00000067 00008900 DPL=0 TSS64-avl
GDT=     ffffffff80116f30 0000003f
IDT=     ffffffff8011c120 00000fff
CR0=80000011 CR2=0000000000000000 CR3=000000000011e000 CR4=00000020
DR0=0000000000000000 DR1=0000000000000000 DR2=0000000000000000 DR3=0000000000000000 
DR6=00000000ffff0ff0 DR7=0000000000000400
CCS=0000000000000044 CCD=0000000000000000 CCO=EFLAGS
EFER=0000000000000500
Servicing hardware INT=0x20
   219: v=20 e=0000 i=0 cpl=0 IP=0008:ffffffff801012ab pc=ffffffff801012ab SP=0010:ffffffff8011bfb0 env->regs[R_EAX]=0000000000000000
RAX=0000000000000000 RBX=000000000011e000 RCX=0000000000000198 RDX=0000000000000f20
RSI=0000000000000f20 RDI=ffffffff8011bfcb RBP=ffffffff8011bff0 RSP=ffffffff8011bfb0
R8 =0000000000000000 R9 =0000000000000000 R10=0000000000000000 R11=0000000000000000
R12=0000000000000000 R13=0000000000000000 R14=0000000000000000 R15=0000000000000000
RIP=ffffffff801012ab RFL=00000246 [---Z-P-] CPL=0 II=0 A20=1 SMM=0 HLT=0
ES =0010 0000000000000000 ffffffff 00af9300 DPL=0 DS   [-WA]
CS =0008 0000000000000000 ffffffff 00af9a00 DPL=0 CS64 [-R-]
SS =0010 0000000000000000 ffffffff 00af9300 DPL=0 DS   [-WA]
DS =0010 0000000000000000 ffffffff 00af9300 DPL=0 DS   [-WA]
FS =0018 0000000000000000 ffffffff 00cf9300 DPL=0 DS   [-WA]
GS =0018 0000000000000000 ffffffff 00cf9300 DPL=0 DS   [-WA]
LDT=0000 0000000000000000 0000ffff 00008200 DPL=0 LDT
TR =0018 ffffffff80116ec0 00000067 00008900 DPL=0 TSS64-avl
GDT=     ffffffff80116f30 0000003f
IDT=     ffffffff8011c120 00000fff
CR0=80000011 CR2=0000000000000000 CR3=000000000011e000 CR4=00000020
DR0=0000000000000000 DR1=0000000000000000 DR2=0000000000000000 DR3=0000000000000000 
DR6=00000000ffff0ff0 DR7=0000000000000400
CCS=0000000000000044 CCD=0000000000000000 CCO=EFLAGS
EFER=0000000000000500
Servicing hardware INT=0x20
   220: v=20 e=0000 i=0 cpl=0 IP=0008:ffffffff801012ab pc=ffffffff801012ab SP=0010:ffffffff8011bfb0 env->regs[R_EAX]=0000000000000000
RAX=0000000000000000 RBX=000000000011e000 RCX=0000000000000198 RDX=0000000000000f20
RSI=0000000000000f20 RDI=ffffffff8011bfcb RBP=ffffffff8011bff0 RSP=ffffffff8011bfb0
R8 =0000000000000000 R9 =0000000000000000 R10=0000000000000000 R11=0000000000000000
R12=0000000000000000 R13=0000000000000000 R14=0000000000000000 R15=0000000000000000
RIP=ffffffff801012ab RFL=00000246 [---Z-P-] CPL=0 II=0 A20=1 SMM=0 HLT=0
ES =0010 0000000000000000 ffffffff 00af9300 DPL=0 DS   [-WA]
CS =0008 0000000000000000 ffffffff 00af9a00 DPL=0 CS64 [-R-]
SS =0010 0000000000000000 ffffffff 00af9300 DPL=0 DS   [-WA]
DS =0010 0000000000000000 ffffffff 00af9300 DPL=0 DS   [-WA]
FS =0018 0000000000000000 ffffffff 00cf9300 DPL=0 DS   [-WA]
GS =0018 0000000000000000 ffffffff 00cf9300 DPL=0 DS   [-WA]
LDT=0000 0000000000000000 0000ffff 00008200 DPL=0 LDT
TR =0018 ffffffff80116ec0 00000067 00008900 DPL=0 TSS64-avl
GDT=     ffffffff80116f30 0000003f
IDT=     ffffffff8011c120 00000fff
CR0=80000011 CR2=0000000000000000 CR3=000000000011e000 CR4=00000020
DR0=0000000000000000 DR1=0000000000000000 DR2=0000000000000000 DR3=0000000000000000 
DR6=00000000ffff0ff0 DR7=0000000000000400
CCS=0000000000000044 CCD=0000000000000000 CCO=EFLAGS
EFER=0000000000000500
Servicing hardware INT=0x20
   221: v=20 e=0000 i=0 cpl=0 IP=0008:ffffffff801012ab pc=ffffffff801012ab SP=0010:ffffffff8011bfb0 env->regs[R_EAX]=0000000000000000
RAX=0000000000000000 RBX=000000000011e000 RCX=0000000000000198 RDX=0000000000000f20
RSI=0000000000000f20 RDI=ffffffff8011bfcb RBP=ffffffff8011bff0 RSP=ffffffff8011bfb0
R8 =0000000000000000 R9 =0000000000000000 R10=0000000000000000 R11=0000000000000000
R12=0000000000000000 R13=0000000000000000 R14=0000000000000000 R15=0000000000000000
RIP=ffffffff801012ab RFL=00000246 [---Z-P-] CPL=0 II=0 A20=1 SMM=0 HLT=0
ES =0010 0000000000000000 ffffffff 00af9300 DPL=0 DS   [-WA]
CS =0008 0000000000000000 ffffffff 00af9a00 DPL=0 CS64 [-R-]
SS =0010 0000000000000000 ffffffff 00af9300 DPL=0 DS   [-WA]
DS =0010 0000000000000000 ffffffff 00af9300 DPL=0 DS   [-WA]
FS =0018 0000000000000000 ffffffff 00cf9300 DPL=0 DS   [-WA]
GS =0018 0000000000000000 ffffffff 00cf9300 DPL=0 DS   [-WA]
LDT=0000 0000000000000000 0000ffff 00008200 DPL=0 LDT
TR =0018 ffffffff80116ec0 00000067 00008900 DPL=0 TSS64-avl
GDT=     ffffffff80116f30 0000003f
IDT=     ffffffff8011c120 00000fff
CR0=80000011 CR2=0000000000000000 CR3=000000000011e000 CR4=00000020
DR0=0000000000000000 DR1=0000000000000000 DR2=0000000000000000 DR3=0000000000000000 
DR6=00000000ffff0ff0 DR7=0000000000000400
CCS=0000000000000044 CCD=0000000000000000 CCO=EFLAGS
EFER=0000000000000500
Servicing hardware INT=0x20
   222: v=20 e=0000 i=0 cpl=0 IP=0008:ffffffff801012ab pc=ffffffff801012ab SP=0010:ffffffff8011bfb0 env->regs[R_EAX]=0000000000000000
RAX=0000000000000000 RBX=000000000011e000 RCX=0000000000000198 RDX=0000000000000f20
RSI=0000000000000f20 RDI=ffffffff8011bfcb RBP=ffffffff8011bff0 RSP=ffffffff8011bfb0
R8 =0000000000000000 R9 =0000000000000000 R10=0000000000000000 R11=0000000000000000
R12=0000000000000000 R13=0000000000000000 R14=0000000000000000 R15=0000000000000000
RIP=ffffffff801012ab RFL=00000246 [---Z-P-] CPL=0 II=0 A20=1 SMM=0 HLT=0
ES =0010 0000000000000000 ffffffff 00af9300 DPL=0 DS   [-WA]
CS =0008 0000000000000000 ffffffff 00af9a00 DPL=0 CS64 [-R-]
SS =0010 0000000000000000 ffffffff 00af9300 DPL=0 DS   [-WA]
DS =0010 0000000000000000 ffffffff 00af9300 DPL=0 DS   [-WA]
FS =0018 0000000000000000 ffffffff 00cf9300 DPL=0 DS   [-WA]
GS =0018 0000000000000000 ffffffff 00cf9300 DPL=0 DS   [-WA]
LDT=0000 0000000000000000 0000ffff 00008200 DPL=0 LDT
TR =0018 ffffffff80116ec0 00000067 00008900 DPL=0 TSS64-avl
GDT=     ffffffff80116f30 0000003f
IDT=     ffffffff8011c120 00000fff
CR0=80000011 CR2=0000000000000000 CR3=000000000011e000 CR4=00000020
DR0=0000000000000000 DR1=0000000000000000 DR2=0000000000000000 DR3=0000000000000000 
DR6=00000000ffff0ff0 DR7=0000000000000400
CCS=0000000000000044 CCD=0000000000000000 CCO=EFLAGS
EFER=0000000000000500
Servicing hardware INT=0x20
   223: v=20 e=0000 i=0 cpl=0 IP=0008:ffffffff801012ab pc=ffffffff801012ab SP=0010:ffffffff8011bfb0 env->regs[R_EAX]=0000000000000000
RAX=0000000000000000 RBX=000000000011e000 RCX=0000000000000198 RDX=0000000000000f20
RSI=0000000000000f20 RDI=ffffffff8011bfcb RBP=ffffffff8011bff0 RSP=ffffffff8011bfb0
R8 =0000000000000000 R9 =0000000000000000 R10=0000000000000000 R11=0000000000000000
R12=0000000000000000 R13=0000000000000000 R14=0000000000000000 R15=0000000000000000
RIP=ffffffff801012ab RFL=00000246 [---Z-P-] CPL=0 II=0 A20=1 SMM=0 HLT=0
ES =0010 0000000000000000 ffffffff 00af9300 DPL=0 DS   [-WA]
CS =0008 0000000000000000 ffffffff 00af9a00 DPL=0 CS64 [-R-]
SS =0010 0000000000000000 ffffffff 00af9300 DPL=0 DS   [-WA]
DS =0010 0000000000000000 ffffffff 00af9300 DPL=0 DS   [-WA]
FS =0018 0000000000000000 ffffffff 00cf9300 DPL=0 DS   [-WA]
GS =0018 0000000000000000 ffffffff 00cf9300 DPL=0 DS   [-WA]
LDT=0000 0000000000000000 0000ffff 00008200 DPL=0 LDT
TR =0018 ffffffff80116ec0 00000067 00008900 DPL=0 TSS64-avl
GDT=     ffffffff80116f30 0000003f
IDT=     ffffffff8011c120 00000fff
CR0=80000011 CR2=0000000000000000 CR3=000000000011e000 CR4=00000020
DR0=0000000000000000 DR1=0000000000000000 DR2=0000000000000000 DR3=0000000000000000 
DR6=00000000ffff0ff0 DR7=0000000000000400
CCS=0000000000000044 CCD=0000000000000000 CCO=EFLAGS
EFER=0000000000000500
Servicing hardware INT=0x20
   224: v=20 e=0000 i=0 cpl=0 IP=0008:ffffffff801012ab pc=ffffffff801012ab SP=0010:ffffffff8011bfb0 env->regs[R_EAX]=0000000000000000
RAX=0000000000000000 RBX=000000000011e000 RCX=0000000000000198 RDX=0000000000000f20
RSI=0000000000000f20 RDI=ffffffff8011bfcb RBP=ffffffff8011bff0 RSP=ffffffff8011bfb0
R8 =0000000000000000 R9 =0000000000000000 R10=0000000000000000 R11=0000000000000000
R12=0000000000000000 R13=0000000000000000 R14=0000000000000000 R15=0000000000000000
RIP=ffffffff801012ab RFL=00000246 [---Z-P-] CPL=0 II=0 A20=1 SMM=0 HLT=0
ES =0010 0000000000000000 ffffffff 00af9300 DPL=0 DS   [-WA]
CS =0008 0000000000000000 ffffffff 00af9a00 DPL=0 CS64 [-R-]
SS =0010 0000000000000000 ffffffff 00af9300 DPL=0 DS   [-WA]
DS =0010 0000000000000000 ffffffff 00af9300 DPL=0 DS   [-WA]
FS =0018 0000000000000000 ffffffff 00cf9300 DPL=0 DS   [-WA]
GS =0018 0000000000000000 ffffffff 00cf9300 DPL=0 DS   [-WA]
LDT=0000 0000000000000000 0000ffff 00008200 DPL=0 LDT
TR =0018 ffffffff80116ec0 00000067 00008900 DPL=0 TSS64-avl
GDT=     ffffffff80116f30 0000003f
IDT=     ffffffff8011c120 00000fff
CR0=80000011 CR2=0000000000000000 CR3=000000000011e000 CR4=00000020
DR0=0000000000000000 DR1=0000000000000000 DR2=0000000000000000 DR3=0000000000000000 
DR6=00000000ffff0ff0 DR7=0000000000000400
CCS=0000000000000044 CCD=0000000000000000 CCO=EFLAGS
EFER=0000000000000500
Servicing hardware INT=0x20
   225: v=20 e=0000 i=0 cpl=0 IP=0008:ffffffff801012ab pc=ffffffff801012ab SP=0010:ffffffff8011bfb0 env->regs[R_EAX]=0000000000000000
RAX=0000000000000000 RBX=000000000011e000 RCX=0000000000000198 RDX=0000000000000f20
RSI=0000000000000f20 RDI=ffffffff8011bfcb RBP=ffffffff8011bff0 RSP=ffffffff8011bfb0
R8 =0000000000000000 R9 =0000000000000000 R10=0000000000000000 R11=0000000000000000
R12=0000000000000000 R13=0000000000000000 R14=0000000000000000 R15=0000000000000000
RIP=ffffffff801012ab RFL=00000246 [---Z-P-] CPL=0 II=0 A20=1 SMM=0 HLT=0
ES =0010 0000000000000000 ffffffff 00af9300 DPL=0 DS   [-WA]
CS =0008 0000000000000000 ffffffff 00af9a00 DPL=0 CS64 [-R-]
SS =0010 0000000000000000 ffffffff 00af9300 DPL=0 DS   [-WA]
DS =0010 0000000000000000 ffffffff 00af9300 DPL=0 DS   [-WA]
FS =0018 0000000000000000 ffffffff 00cf9300 DPL=0 DS   [-WA]
GS =0018 0000000000000000 ffffffff 00cf9300 DPL=0 DS   [-WA]
LDT=0000 0000000000000000 0000ffff 00008200 DPL=0 LDT
TR =0018 ffffffff80116ec0 00000067 00008900 DPL=0 TSS64-avl
GDT=     ffffffff80116f30 0000003f
IDT=     ffffffff8011c120 00000fff
CR0=80000011 CR2=0000000000000000 CR3=000000000011e000 CR4=00000020
DR0=0000000000000000 DR1=0000000000000000 DR2=0000000000000000 DR3=0000000000000000 
DR6=00000000ffff0ff0 DR7=0000000000000400
CCS=0000000000000044 CCD=0000000000000000 CCO=EFLAGS
EFER=0000000000000500
Servicing hardware INT=0x20
   226: v=20 e=0000 i=0 cpl=0 IP=0008:ffffffff801012ab pc=ffffffff801012ab SP=0010:ffffffff8011bfb0 env->regs[R_EAX]=0000000000000000
RAX=0000000000000000 RBX=000000000011e000 RCX=0000000000000198 RDX=0000000000000f20
RSI=0000000000000f20 RDI=ffffffff8011bfcb RBP=ffffffff8011bff0 RSP=ffffffff8011bfb0
R8 =0000000000000000 R9 =0000000000000000 R10=0000000000000000 R11=0000000000000000
R12=0000000000000000 R13=0000000000000000 R14=0000000000000000 R15=0000000000000000
RIP=ffffffff801012ab RFL=00000246 [---Z-P-] CPL=0 II=0 A20=1 SMM=0 HLT=0
ES =0010 0000000000000000 ffffffff 00af9300 DPL=0 DS   [-WA]
CS =0008 0000000000000000 ffffffff 00af9a00 DPL=0 CS64 [-R-]
SS =0010 0000000000000000 ffffffff 00af9300 DPL=0 DS   [-WA]
DS =0010 0000000000000000 ffffffff 00af9300 DPL=0 DS   [-WA]
FS =0018 0000000000000000 ffffffff 00cf9300 DPL=0 DS   [-WA]
GS =0018 0000000000000000 ffffffff 00cf9300 DPL=0 DS   [-WA]
LDT=0000 0000000000000000 0000ffff 00008200 DPL=0 LDT
TR =0018 ffffffff80116ec0 00000067 00008900 DPL=0 TSS64-avl
GDT=     ffffffff80116f30 0000003f
IDT=     ffffffff8011c120 00000fff
CR0=80000011 CR2=0000000000000000 CR3=000000000011e000 CR4=00000020
DR0=0000000000000000 DR1=0000000000000000 DR2=0000000000000000 DR3=0000000000000000 
DR6=00000000ffff0ff0 DR7=0000000000000400
CCS=0000000000000044 CCD=0000000000000000 CCO=EFLAGS
EFER=0000000000000500
Servicing hardware INT=0x20
   227: v=20 e=0000 i=0 cpl=0 IP=0008:ffffffff801012ab pc=ffffffff801012ab SP=0010:ffffffff8011bfb0 env->regs[R_EAX]=0000000000000000
RAX=0000000000000000 RBX=000000000011e000 RCX=0000000000000198 RDX=0000000000000f20
RSI=0000000000000f20 RDI=ffffffff8011bfcb RBP=ffffffff8011bff0 RSP=ffffffff8011bfb0
R8 =0000000000000000 R9 =0000000000000000 R10=0000000000000000 R11=0000000000000000
R12=0000000000000000 R13=0000000000000000 R14=0000000000000000 R15=0000000000000000
RIP=ffffffff801012ab RFL=00000246 [---Z-P-] CPL=0 II=0 A20=1 SMM=0 HLT=0
ES =0010 0000000000000000 ffffffff 00af9300 DPL=0 DS   [-WA]
CS =0008 0000000000000000 ffffffff 00af9a00 DPL=0 CS64 [-R-]
SS =0010 0000000000000000 ffffffff 00af9300 DPL=0 DS   [-WA]
DS =0010 0000000000000000 ffffffff 00af9300 DPL=0 DS   [-WA]
FS =0018 0000000000000000 ffffffff 00cf9300 DPL=0 DS   [-WA]
GS =0018 0000000000000000 ffffffff 00cf9300 DPL=0 DS   [-WA]
LDT=0000 0000000000000000 0000ffff 00008200 DPL=0 LDT
TR =0018 ffffffff80116ec0 00000067 00008900 DPL=0 TSS64-avl
GDT=     ffffffff80116f30 0000003f
IDT=     ffffffff8011c120 00000fff
CR0=80000011 CR2=0000000000000000 CR3=000000000011e000 CR4=00000020
DR0=0000000000000000 DR1=0000000000000000 DR2=0000000000000000 DR3=0000000000000000 
DR6=00000000ffff0ff0 DR7=0000000000000400
CCS=0000000000000044 CCD=0000000000000000 CCO=EFLAGS
EFER=0000000000000500
Servicing hardware INT=0x20
   228: v=20 e=0000 i=0 cpl=0 IP=0008:ffffffff801012ab pc=ffffffff801012ab SP=0010:ffffffff8011bfb0 env->regs[R_EAX]=0000000000000000
RAX=0000000000000000 RBX=000000000011e000 RCX=0000000000000198 RDX=0000000000000f20
RSI=0000000000000f20 RDI=ffffffff8011bfcb RBP=ffffffff8011bff0 RSP=ffffffff8011bfb0
R8 =0000000000000000 R9 =0000000000000000 R10=0000000000000000 R11=0000000000000000
R12=0000000000000000 R13=0000000000000000 R14=0000000000000000 R15=0000000000000000
RIP=ffffffff801012ab RFL=00000246 [---Z-P-] CPL=0 II=0 A20=1 SMM=0 HLT=0
ES =0010 0000000000000000 ffffffff 00af9300 DPL=0 DS   [-WA]
CS =0008 0000000000000000 ffffffff 00af9a00 DPL=0 CS64 [-R-]
SS =0010 0000000000000000 ffffffff 00af9300 DPL=0 DS   [-WA]
DS =0010 0000000000000000 ffffffff 00af9300 DPL=0 DS   [-WA]
FS =0018 0000000000000000 ffffffff 00cf9300 DPL=0 DS   [-WA]
GS =0018 0000000000000000 ffffffff 00cf9300 DPL=0 DS   [-WA]
LDT=0000 0000000000000000 0000ffff 00008200 DPL=0 LDT
TR =0018 ffffffff80116ec0 00000067 00008900 DPL=0 TSS64-avl
GDT=     ffffffff80116f30 0000003f
IDT=     ffffffff8011c120 00000fff
CR0=80000011 CR2=0000000000000000 CR3=000000000011e000 CR4=00000020
DR0=0000000000000000 DR1=0000000000000000 DR2=0000000000000000 DR3=0000000000000000 
DR6=00000000ffff0ff0 DR7=0000000000000400
CCS=0000000000000044 CCD=0000000000000000 CCO=EFLAGS
EFER=0000000000000500
Servicing hardware INT=0x20
   229: v=20 e=0000 i=0 cpl=0 IP=0008:ffffffff801012ab pc=ffffffff801012ab SP=0010:ffffffff8011bfb0 env->regs[R_EAX]=0000000000000000
RAX=0000000000000000 RBX=000000000011e000 RCX=0000000000000198 RDX=0000000000000f20
RSI=0000000000000f20 RDI=ffffffff8011bfcb RBP=ffffffff8011bff0 RSP=ffffffff8011bfb0
R8 =0000000000000000 R9 =0000000000000000 R10=0000000000000000 R11=0000000000000000
R12=0000000000000000 R13=0000000000000000 R14=0000000000000000 R15=0000000000000000
RIP=ffffffff801012ab RFL=00000246 [---Z-P-] CPL=0 II=0 A20=1 SMM=0 HLT=0
ES =0010 0000000000000000 ffffffff 00af9300 DPL=0 DS   [-WA]
CS =0008 0000000000000000 ffffffff 00af9a00 DPL=0 CS64 [-R-]
SS =0010 0000000000000000 ffffffff 00af9300 DPL=0 DS   [-WA]
DS =0010 0000000000000000 ffffffff 00af9300 DPL=0 DS   [-WA]
FS =0018 0000000000000000 ffffffff 00cf9300 DPL=0 DS   [-WA]
GS =0018 0000000000000000 ffffffff 00cf9300 DPL=0 DS   [-WA]
LDT=0000 0000000000000000 0000ffff 00008200 DPL=0 LDT
TR =0018 ffffffff80116ec0 00000067 00008900 DPL=0 TSS64-avl
GDT=     ffffffff80116f30 0000003f
IDT=     ffffffff8011c120 00000fff
CR0=80000011 CR2=0000000000000000 CR3=000000000011e000 CR4=00000020
DR0=0000000000000000 DR1=0000000000000000 DR2=0000000000000000 DR3=0000000000000000 
DR6=00000000ffff0ff0 DR7=0000000000000400
CCS=0000000000000044 CCD=0000000000000000 CCO=EFLAGS
EFER=0000000000000500
Servicing hardware INT=0x20
   230: v=20 e=0000 i=0 cpl=0 IP=0008:ffffffff801012ab pc=ffffffff801012ab SP=0010:ffffffff8011bfb0 env->regs[R_EAX]=0000000000000000
RAX=0000000000000000 RBX=000000000011e000 RCX=0000000000000198 RDX=0000000000000f20
RSI=0000000000000f20 RDI=ffffffff8011bfcb RBP=ffffffff8011bff0 RSP=ffffffff8011bfb0
R8 =0000000000000000 R9 =0000000000000000 R10=0000000000000000 R11=0000000000000000
R12=0000000000000000 R13=0000000000000000 R14=0000000000000000 R15=0000000000000000
RIP=ffffffff801012ab RFL=00000246 [---Z-P-] CPL=0 II=0 A20=1 SMM=0 HLT=0
ES =0010 0000000000000000 ffffffff 00af9300 DPL=0 DS   [-WA]
CS =0008 0000000000000000 ffffffff 00af9a00 DPL=0 CS64 [-R-]
SS =0010 0000000000000000 ffffffff 00af9300 DPL=0 DS   [-WA]
DS =0010 0000000000000000 ffffffff 00af9300 DPL=0 DS   [-WA]
FS =0018 0000000000000000 ffffffff 00cf9300 DPL=0 DS   [-WA]
GS =0018 0000000000000000 ffffffff 00cf9300 DPL=0 DS   [-WA]
LDT=0000 0000000000000000 0000ffff 00008200 DPL=0 LDT
TR =0018 ffffffff80116ec0 00000067 00008900 DPL=0 TSS64-avl
GDT=     ffffffff80116f30 0000003f
IDT=     ffffffff8011c120 00000fff
CR0=80000011 CR2=0000000000000000 CR3=000000000011e000 CR4=00000020
DR0=0000000000000000 DR1=0000000000000000 DR2=0000000000000000 DR3=0000000000000000 
DR6=00000000ffff0ff0 DR7=0000000000000400
CCS=0000000000000044 CCD=0000000000000000 CCO=EFLAGS
EFER=0000000000000500
Servicing hardware INT=0x20
   231: v=20 e=0000 i=0 cpl=0 IP=0008:ffffffff801012ab pc=ffffffff801012ab SP=0010:ffffffff8011bfb0 env->regs[R_EAX]=0000000000000000
RAX=0000000000000000 RBX=000000000011e000 RCX=0000000000000198 RDX=0000000000000f20
RSI=0000000000000f20 RDI=ffffffff8011bfcb RBP=ffffffff8011bff0 RSP=ffffffff8011bfb0
R8 =0000000000000000 R9 =0000000000000000 R10=0000000000000000 R11=0000000000000000
R12=0000000000000000 R13=0000000000000000 R14=0000000000000000 R15=0000000000000000
RIP=ffffffff801012ab RFL=00000246 [---Z-P-] CPL=0 II=0 A20=1 SMM=0 HLT=0
ES =0010 0000000000000000 ffffffff 00af9300 DPL=0 DS   [-WA]
CS =0008 0000000000000000 ffffffff 00af9a00 DPL=0 CS64 [-R-]
SS =0010 0000000000000000 ffffffff 00af9300 DPL=0 DS   [-WA]
DS =0010 0000000000000000 ffffffff 00af9300 DPL=0 DS   [-WA]
FS =0018 0000000000000000 ffffffff 00cf9300 DPL=0 DS   [-WA]
GS =0018 0000000000000000 ffffffff 00cf9300 DPL=0 DS   [-WA]
LDT=0000 0000000000000000 0000ffff 00008200 DPL=0 LDT
TR =0018 ffffffff80116ec0 00000067 00008900 DPL=0 TSS64-avl
GDT=     ffffffff80116f30 0000003f
IDT=     ffffffff8011c120 00000fff
CR0=80000011 CR2=0000000000000000 CR3=000000000011e000 CR4=00000020
DR0=0000000000000000 DR1=0000000000000000 DR2=0000000000000000 DR3=0000000000000000 
DR6=00000000ffff0ff0 DR7=0000000000000400
CCS=0000000000000044 CCD=0000000000000000 CCO=EFLAGS
EFER=0000000000000500
Servicing hardware INT=0x20
   232: v=20 e=0000 i=0 cpl=0 IP=0008:ffffffff801012ab pc=ffffffff801012ab SP=0010:ffffffff8011bfb0 env->regs[R_EAX]=0000000000000000
RAX=0000000000000000 RBX=000000000011e000 RCX=0000000000000198 RDX=0000000000000f20
RSI=0000000000000f20 RDI=ffffffff8011bfcb RBP=ffffffff8011bff0 RSP=ffffffff8011bfb0
R8 =0000000000000000 R9 =0000000000000000 R10=0000000000000000 R11=0000000000000000
R12=0000000000000000 R13=0000000000000000 R14=0000000000000000 R15=0000000000000000
RIP=ffffffff801012ab RFL=00000246 [---Z-P-] CPL=0 II=0 A20=1 SMM=0 HLT=0
ES =0010 0000000000000000 ffffffff 00af9300 DPL=0 DS   [-WA]
CS =0008 0000000000000000 ffffffff 00af9a00 DPL=0 CS64 [-R-]
SS =0010 0000000000000000 ffffffff 00af9300 DPL=0 DS   [-WA]
DS =0010 0000000000000000 ffffffff 00af9300 DPL=0 DS   [-WA]
FS =0018 0000000000000000 ffffffff 00cf9300 DPL=0 DS   [-WA]
GS =0018 0000000000000000 ffffffff 00cf9300 DPL=0 DS   [-WA]
LDT=0000 0000000000000000 0000ffff 00008200 DPL=0 LDT
TR =0018 ffffffff80116ec0 00000067 00008900 DPL=0 TSS64-avl
GDT=     ffffffff80116f30 0000003f
IDT=     ffffffff8011c120 00000fff
CR0=80000011 CR2=0000000000000000 CR3=000000000011e000 CR4=00000020
DR0=0000000000000000 DR1=0000000000000000 DR2=0000000000000000 DR3=0000000000000000 
DR6=00000000ffff0ff0 DR7=0000000000000400
CCS=0000000000000044 CCD=0000000000000000 CCO=EFLAGS
EFER=0000000000000500
Servicing hardware INT=0x20
   233: v=20 e=0000 i=0 cpl=0 IP=0008:ffffffff801012ab pc=ffffffff801012ab SP=0010:ffffffff8011bfb0 env->regs[R_EAX]=0000000000000000
RAX=0000000000000000 RBX=000000000011e000 RCX=0000000000000198 RDX=0000000000000f20
RSI=0000000000000f20 RDI=ffffffff8011bfcb RBP=ffffffff8011bff0 RSP=ffffffff8011bfb0
R8 =0000000000000000 R9 =0000000000000000 R10=0000000000000000 R11=0000000000000000
R12=0000000000000000 R13=0000000000000000 R14=0000000000000000 R15=0000000000000000
RIP=ffffffff801012ab RFL=00000246 [---Z-P-] CPL=0 II=0 A20=1 SMM=0 HLT=0
ES =0010 0000000000000000 ffffffff 00af9300 DPL=0 DS   [-WA]
CS =0008 0000000000000000 ffffffff 00af9a00 DPL=0 CS64 [-R-]
SS =0010 0000000000000000 ffffffff 00af9300 DPL=0 DS   [-WA]
DS =0010 0000000000000000 ffffffff 00af9300 DPL=0 DS   [-WA]
FS =0018 0000000000000000 ffffffff 00cf9300 DPL=0 DS   [-WA]
GS =0018 0000000000000000 ffffffff 00cf9300 DPL=0 DS   [-WA]
LDT=0000 0000000000000000 0000ffff 00008200 DPL=0 LDT
TR =0018 ffffffff80116ec0 00000067 00008900 DPL=0 TSS64-avl
GDT=     ffffffff80116f30 0000003f
IDT=     ffffffff8011c120 00000fff
CR0=80000011 CR2=0000000000000000 CR3=000000000011e000 CR4=00000020
DR0=0000000000000000 DR1=0000000000000000 DR2=0000000000000000 DR3=0000000000000000 
DR6=00000000ffff0ff0 DR7=0000000000000400
CCS=0000000000000044 CCD=0000000000000000 CCO=EFLAGS
EFER=0000000000000500
Servicing hardware INT=0x20
   234: v=20 e=0000 i=0 cpl=0 IP=0008:ffffffff801012ab pc=ffffffff801012ab SP=0010:ffffffff8011bfb0 env->regs[R_EAX]=0000000000000000
RAX=0000000000000000 RBX=000000000011e000 RCX=0000000000000198 RDX=0000000000000f20
RSI=0000000000000f20 RDI=ffffffff8011bfcb RBP=ffffffff8011bff0 RSP=ffffffff8011bfb0
R8 =0000000000000000 R9 =0000000000000000 R10=0000000000000000 R11=0000000000000000
R12=0000000000000000 R13=0000000000000000 R14=0000000000000000 R15=0000000000000000
RIP=ffffffff801012ab RFL=00000246 [---Z-P-] CPL=0 II=0 A20=1 SMM=0 HLT=0
ES =0010 0000000000000000 ffffffff 00af9300 DPL=0 DS   [-WA]
CS =0008 0000000000000000 ffffffff 00af9a00 DPL=0 CS64 [-R-]
SS =0010 0000000000000000 ffffffff 00af9300 DPL=0 DS   [-WA]
DS =0010 0000000000000000 ffffffff 00af9300 DPL=0 DS   [-WA]
FS =0018 0000000000000000 ffffffff 00cf9300 DPL=0 DS   [-WA]
GS =0018 0000000000000000 ffffffff 00cf9300 DPL=0 DS   [-WA]
LDT=0000 0000000000000000 0000ffff 00008200 DPL=0 LDT
TR =0018 ffffffff80116ec0 00000067 00008900 DPL=0 TSS64-avl
GDT=     ffffffff80116f30 0000003f
IDT=     ffffffff8011c120 00000fff
CR0=80000011 CR2=0000000000000000 CR3=000000000011e000 CR4=00000020
DR0=0000000000000000 DR1=0000000000000000 DR2=0000000000000000 DR3=0000000000000000 
DR6=00000000ffff0ff0 DR7=0000000000000400
CCS=0000000000000044 CCD=0000000000000000 CCO=EFLAGS
EFER=0000000000000500
Servicing hardware INT=0x20
   235: v=20 e=0000 i=0 cpl=0 IP=0008:ffffffff801012ab pc=ffffffff801012ab SP=0010:ffffffff8011bfb0 env->regs[R_EAX]=0000000000000000
RAX=0000000000000000 RBX=000000000011e000 RCX=0000000000000198 RDX=0000000000000f20
RSI=0000000000000f20 RDI=ffffffff8011bfcb RBP=ffffffff8011bff0 RSP=ffffffff8011bfb0
R8 =0000000000000000 R9 =0000000000000000 R10=0000000000000000 R11=0000000000000000
R12=0000000000000000 R13=0000000000000000 R14=0000000000000000 R15=0000000000000000
RIP=ffffffff801012ab RFL=00000246 [---Z-P-] CPL=0 II=0 A20=1 SMM=0 HLT=0
ES =0010 0000000000000000 ffffffff 00af9300 DPL=0 DS   [-WA]
CS =0008 0000000000000000 ffffffff 00af9a00 DPL=0 CS64 [-R-]
SS =0010 0000000000000000 ffffffff 00af9300 DPL=0 DS   [-WA]
DS =0010 0000000000000000 ffffffff 00af9300 DPL=0 DS   [-WA]
FS =0018 0000000000000000 ffffffff 00cf9300 DPL=0 DS   [-WA]
GS =0018 0000000000000000 ffffffff 00cf9300 DPL=0 DS   [-WA]
LDT=0000 0000000000000000 0000ffff 00008200 DPL=0 LDT
TR =0018 ffffffff80116ec0 00000067 00008900 DPL=0 TSS64-avl
GDT=     ffffffff80116f30 0000003f
IDT=     ffffffff8011c120 00000fff
CR0=80000011 CR2=0000000000000000 CR3=000000000011e000 CR4=00000020
DR0=0000000000000000 DR1=0000000000000000 DR2=0000000000000000 DR3=0000000000000000 
DR6=00000000ffff0ff0 DR7=0000000000000400
CCS=0000000000000044 CCD=0000000000000000 CCO=EFLAGS
EFER=0000000000000500
Servicing hardware INT=0x20
   236: v=20 e=0000 i=0 cpl=0 IP=0008:ffffffff801012ab pc=ffffffff801012ab SP=0010:ffffffff8011bfb0 env->regs[R_EAX]=0000000000000000
RAX=0000000000000000 RBX=000000000011e000 RCX=0000000000000198 RDX=0000000000000f20
RSI=0000000000000f20 RDI=ffffffff8011bfcb RBP=ffffffff8011bff0 RSP=ffffffff8011bfb0
R8 =0000000000000000 R9 =0000000000000000 R10=0000000000000000 R11=0000000000000000
R12=0000000000000000 R13=0000000000000000 R14=0000000000000000 R15=0000000000000000
RIP=ffffffff801012ab RFL=00000246 [---Z-P-] CPL=0 II=0 A20=1 SMM=0 HLT=0
ES =0010 0000000000000000 ffffffff 00af9300 DPL=0 DS   [-WA]
CS =0008 0000000000000000 ffffffff 00af9a00 DPL=0 CS64 [-R-]
SS =0010 0000000000000000 ffffffff 00af9300 DPL=0 DS   [-WA]
DS =0010 0000000000000000 ffffffff 00af9300 DPL=0 DS   [-WA]
FS =0018 0000000000000000 ffffffff 00cf9300 DPL=0 DS   [-WA]
GS =0018 0000000000000000 ffffffff 00cf9300 DPL=0 DS   [-WA]
LDT=0000 0000000000000000 0000ffff 00008200 DPL=0 LDT
TR =0018 ffffffff80116ec0 00000067 00008900 DPL=0 TSS64-avl
GDT=     ffffffff80116f30 0000003f
IDT=     ffffffff8011c120 00000fff
CR0=80000011 CR2=0000000000000000 CR3=000000000011e000 CR4=00000020
DR0=0000000000000000 DR1=0000000000000000 DR2=0000000000000000 DR3=0000000000000000 
DR6=00000000ffff0ff0 DR7=0000000000000400
CCS=0000000000000044 CCD=0000000000000000 CCO=EFLAGS
EFER=0000000000000500
Servicing hardware INT=0x20
   237: v=20 e=0000 i=0 cpl=0 IP=0008:ffffffff801012ab pc=ffffffff801012ab SP=0010:ffffffff8011bfb0 env->regs[R_EAX]=0000000000000000
RAX=0000000000000000 RBX=000000000011e000 RCX=0000000000000198 RDX=0000000000000f20
RSI=0000000000000f20 RDI=ffffffff8011bfcb RBP=ffffffff8011bff0 RSP=ffffffff8011bfb0
R8 =0000000000000000 R9 =0000000000000000 R10=0000000000000000 R11=0000000000000000
R12=0000000000000000 R13=0000000000000000 R14=0000000000000000 R15=0000000000000000
RIP=ffffffff801012ab RFL=00000246 [---Z-P-] CPL=0 II=0 A20=1 SMM=0 HLT=0
ES =0010 0000000000000000 ffffffff 00af9300 DPL=0 DS   [-WA]
CS =0008 0000000000000000 ffffffff 00af9a00 DPL=0 CS64 [-R-]
SS =0010 0000000000000000 ffffffff 00af9300 DPL=0 DS   [-WA]
DS =0010 0000000000000000 ffffffff 00af9300 DPL=0 DS   [-WA]
FS =0018 0000000000000000 ffffffff 00cf9300 DPL=0 DS   [-WA]
GS =0018 0000000000000000 ffffffff 00cf9300 DPL=0 DS   [-WA]
LDT=0000 0000000000000000 0000ffff 00008200 DPL=0 LDT
TR =0018 ffffffff80116ec0 00000067 00008900 DPL=0 TSS64-avl
GDT=     ffffffff80116f30 0000003f
IDT=     ffffffff8011c120 00000fff
CR0=80000011 CR2=0000000000000000 CR3=000000000011e000 CR4=00000020
DR0=0000000000000000 DR1=0000000000000000 DR2=0000000000000000 DR3=0000000000000000 
DR6=00000000ffff0ff0 DR7=0000000000000400
CCS=0000000000000044 CCD=0000000000000000 CCO=EFLAGS
EFER=0000000000000500
Servicing hardware INT=0x20
   238: v=20 e=0000 i=0 cpl=0 IP=0008:ffffffff801012ab pc=ffffffff801012ab SP=0010:ffffffff8011bfb0 env->regs[R_EAX]=0000000000000000
RAX=0000000000000000 RBX=000000000011e000 RCX=0000000000000198 RDX=0000000000000f20
RSI=0000000000000f20 RDI=ffffffff8011bfcb RBP=ffffffff8011bff0 RSP=ffffffff8011bfb0
R8 =0000000000000000 R9 =0000000000000000 R10=0000000000000000 R11=0000000000000000
R12=0000000000000000 R13=0000000000000000 R14=0000000000000000 R15=0000000000000000
RIP=ffffffff801012ab RFL=00000246 [---Z-P-] CPL=0 II=0 A20=1 SMM=0 HLT=0
ES =0010 0000000000000000 ffffffff 00af9300 DPL=0 DS   [-WA]
CS =0008 0000000000000000 ffffffff 00af9a00 DPL=0 CS64 [-R-]
SS =0010 0000000000000000 ffffffff 00af9300 DPL=0 DS   [-WA]
DS =0010 0000000000000000 ffffffff 00af9300 DPL=0 DS   [-WA]
FS =0018 0000000000000000 ffffffff 00cf9300 DPL=0 DS   [-WA]
GS =0018 0000000000000000 ffffffff 00cf9300 DPL=0 DS   [-WA]
LDT=0000 0000000000000000 0000ffff 00008200 DPL=0 LDT
TR =0018 ffffffff80116ec0 00000067 00008900 DPL=0 TSS64-avl
GDT=     ffffffff80116f30 0000003f
IDT=     ffffffff8011c120 00000fff
CR0=80000011 CR2=0000000000000000 CR3=000000000011e000 CR4=00000020
DR0=0000000000000000 DR1=0000000000000000 DR2=0000000000000000 DR3=0000000000000000 
DR6=00000000ffff0ff0 DR7=0000000000000400
CCS=0000000000000044 CCD=0000000000000000 CCO=EFLAGS
EFER=0000000000000500
Servicing hardware INT=0x20
   239: v=20 e=0000 i=0 cpl=0 IP=0008:ffffffff801012ab pc=ffffffff801012ab SP=0010:ffffffff8011bfb0 env->regs[R_EAX]=0000000000000000
RAX=0000000000000000 RBX=000000000011e000 RCX=0000000000000198 RDX=0000000000000f20
RSI=0000000000000f20 RDI=ffffffff8011bfcb RBP=ffffffff8011bff0 RSP=ffffffff8011bfb0
R8 =0000000000000000 R9 =0000000000000000 R10=0000000000000000 R11=0000000000000000
R12=0000000000000000 R13=0000000000000000 R14=0000000000000000 R15=0000000000000000
RIP=ffffffff801012ab RFL=00000246 [---Z-P-] CPL=0 II=0 A20=1 SMM=0 HLT=0
ES =0010 0000000000000000 ffffffff 00af9300 DPL=0 DS   [-WA]
CS =0008 0000000000000000 ffffffff 00af9a00 DPL=0 CS64 [-R-]
SS =0010 0000000000000000 ffffffff 00af9300 DPL=0 DS   [-WA]
DS =0010 0000000000000000 ffffffff 00af9300 DPL=0 DS   [-WA]
FS =0018 0000000000000000 ffffffff 00cf9300 DPL=0 DS   [-WA]
GS =0018 0000000000000000 ffffffff 00cf9300 DPL=0 DS   [-WA]
LDT=0000 0000000000000000 0000ffff 00008200 DPL=0 LDT
TR =0018 ffffffff80116ec0 00000067 00008900 DPL=0 TSS64-avl
GDT=     ffffffff80116f30 0000003f
IDT=     ffffffff8011c120 00000fff
CR0=80000011 CR2=0000000000000000 CR3=000000000011e000 CR4=00000020
DR0=0000000000000000 DR1=0000000000000000 DR2=0000000000000000 DR3=0000000000000000 
DR6=00000000ffff0ff0 DR7=0000000000000400
CCS=0000000000000044 CCD=0000000000000000 CCO=EFLAGS
EFER=0000000000000500
Servicing hardware INT=0x20
   240: v=20 e=0000 i=0 cpl=0 IP=0008:ffffffff801012ab pc=ffffffff801012ab SP=0010:ffffffff8011bfb0 env->regs[R_EAX]=0000000000000000
RAX=0000000000000000 RBX=000000000011e000 RCX=0000000000000198 RDX=0000000000000f20
RSI=0000000000000f20 RDI=ffffffff8011bfcb RBP=ffffffff8011bff0 RSP=ffffffff8011bfb0
R8 =0000000000000000 R9 =0000000000000000 R10=0000000000000000 R11=0000000000000000
R12=0000000000000000 R13=0000000000000000 R14=0000000000000000 R15=0000000000000000
RIP=ffffffff801012ab RFL=00000246 [---Z-P-] CPL=0 II=0 A20=1 SMM=0 HLT=0
ES =0010 0000000000000000 ffffffff 00af9300 DPL=0 DS   [-WA]
CS =0008 0000000000000000 ffffffff 00af9a00 DPL=0 CS64 [-R-]
SS =0010 0000000000000000 ffffffff 00af9300 DPL=0 DS   [-WA]
DS =0010 0000000000000000 ffffffff 00af9300 DPL=0 DS   [-WA]
FS =0018 0000000000000000 ffffffff 00cf9300 DPL=0 DS   [-WA]
GS =0018 0000000000000000 ffffffff 00cf9300 DPL=0 DS   [-WA]
LDT=0000 0000000000000000 0000ffff 00008200 DPL=0 LDT
TR =0018 ffffffff80116ec0 00000067 00008900 DPL=0 TSS64-avl
GDT=     ffffffff80116f30 0000003f
IDT=     ffffffff8011c120 00000fff
CR0=80000011 CR2=0000000000000000 CR3=000000000011e000 CR4=00000020
DR0=0000000000000000 DR1=0000000000000000 DR2=0000000000000000 DR3=0000000000000000 
DR6=00000000ffff0ff0 DR7=0000000000000400
CCS=0000000000000044 CCD=0000000000000000 CCO=EFLAGS
EFER=0000000000000500
Servicing hardware INT=0x20
   241: v=20 e=0000 i=0 cpl=0 IP=0008:ffffffff801012ab pc=ffffffff801012ab SP=0010:ffffffff8011bfb0 env->regs[R_EAX]=0000000000000000
RAX=0000000000000000 RBX=000000000011e000 RCX=0000000000000198 RDX=0000000000000f20
RSI=0000000000000f20 RDI=ffffffff8011bfcb RBP=ffffffff8011bff0 RSP=ffffffff8011bfb0
R8 =0000000000000000 R9 =0000000000000000 R10=0000000000000000 R11=0000000000000000
R12=0000000000000000 R13=0000000000000000 R14=0000000000000000 R15=0000000000000000
RIP=ffffffff801012ab RFL=00000246 [---Z-P-] CPL=0 II=0 A20=1 SMM=0 HLT=0
ES =0010 0000000000000000 ffffffff 00af9300 DPL=0 DS   [-WA]
CS =0008 0000000000000000 ffffffff 00af9a00 DPL=0 CS64 [-R-]
SS =0010 0000000000000000 ffffffff 00af9300 DPL=0 DS   [-WA]
DS =0010 0000000000000000 ffffffff 00af9300 DPL=0 DS   [-WA]
FS =0018 0000000000000000 ffffffff 00cf9300 DPL=0 DS   [-WA]
GS =0018 0000000000000000 ffffffff 00cf9300 DPL=0 DS   [-WA]
LDT=0000 0000000000000000 0000ffff 00008200 DPL=0 LDT
TR =0018 ffffffff80116ec0 00000067 00008900 DPL=0 TSS64-avl
GDT=     ffffffff80116f30 0000003f
IDT=     ffffffff8011c120 00000fff
CR0=80000011 CR2=0000000000000000 CR3=000000000011e000 CR4=00000020
DR0=0000000000000000 DR1=0000000000000000 DR2=0000000000000000 DR3=0000000000000000 
DR6=00000000ffff0ff0 DR7=0000000000000400
CCS=0000000000000044 CCD=0000000000000000 CCO=EFLAGS
EFER=0000000000000500
Servicing hardware INT=0x20
   242: v=20 e=0000 i=0 cpl=0 IP=0008:ffffffff801012ab pc=ffffffff801012ab SP=0010:ffffffff8011bfb0 env->regs[R_EAX]=0000000000000000
RAX=0000000000000000 RBX=000000000011e000 RCX=0000000000000198 RDX=0000000000000f20
RSI=0000000000000f20 RDI=ffffffff8011bfcb RBP=ffffffff8011bff0 RSP=ffffffff8011bfb0
R8 =0000000000000000 R9 =0000000000000000 R10=0000000000000000 R11=0000000000000000
R12=0000000000000000 R13=0000000000000000 R14=0000000000000000 R15=0000000000000000
RIP=ffffffff801012ab RFL=00000246 [---Z-P-] CPL=0 II=0 A20=1 SMM=0 HLT=0
ES =0010 0000000000000000 ffffffff 00af9300 DPL=0 DS   [-WA]
CS =0008 0000000000000000 ffffffff 00af9a00 DPL=0 CS64 [-R-]
SS =0010 0000000000000000 ffffffff 00af9300 DPL=0 DS   [-WA]
DS =0010 0000000000000000 ffffffff 00af9300 DPL=0 DS   [-WA]
FS =0018 0000000000000000 ffffffff 00cf9300 DPL=0 DS   [-WA]
GS =0018 0000000000000000 ffffffff 00cf9300 DPL=0 DS   [-WA]
LDT=0000 0000000000000000 0000ffff 00008200 DPL=0 LDT
TR =0018 ffffffff80116ec0 00000067 00008900 DPL=0 TSS64-avl
GDT=     ffffffff80116f30 0000003f
IDT=     ffffffff8011c120 00000fff
CR0=80000011 CR2=0000000000000000 CR3=000000000011e000 CR4=00000020
DR0=0000000000000000 DR1=0000000000000000 DR2=0000000000000000 DR3=0000000000000000 
DR6=00000000ffff0ff0 DR7=0000000000000400
CCS=0000000000000044 CCD=0000000000000000 CCO=EFLAGS
EFER=0000000000000500
Servicing hardware INT=0x20
   243: v=20 e=0000 i=0 cpl=0 IP=0008:ffffffff801012ab pc=ffffffff801012ab SP=0010:ffffffff8011bfb0 env->regs[R_EAX]=0000000000000000
RAX=0000000000000000 RBX=000000000011e000 RCX=0000000000000198 RDX=0000000000000f20
RSI=0000000000000f20 RDI=ffffffff8011bfcb RBP=ffffffff8011bff0 RSP=ffffffff8011bfb0
R8 =0000000000000000 R9 =0000000000000000 R10=0000000000000000 R11=0000000000000000
R12=0000000000000000 R13=0000000000000000 R14=0000000000000000 R15=0000000000000000
RIP=ffffffff801012ab RFL=00000246 [---Z-P-] CPL=0 II=0 A20=1 SMM=0 HLT=0
ES =0010 0000000000000000 ffffffff 00af9300 DPL=0 DS   [-WA]
CS =0008 0000000000000000 ffffffff 00af9a00 DPL=0 CS64 [-R-]
SS =0010 0000000000000000 ffffffff 00af9300 DPL=0 DS   [-WA]
DS =0010 0000000000000000 ffffffff 00af9300 DPL=0 DS   [-WA]
FS =0018 0000000000000000 ffffffff 00cf9300 DPL=0 DS   [-WA]
GS =0018 0000000000000000 ffffffff 00cf9300 DPL=0 DS   [-WA]
LDT=0000 0000000000000000 0000ffff 00008200 DPL=0 LDT
TR =0018 ffffffff80116ec0 00000067 00008900 DPL=0 TSS64-avl
GDT=     ffffffff80116f30 0000003f
IDT=     ffffffff8011c120 00000fff
CR0=80000011 CR2=0000000000000000 CR3=000000000011e000 CR4=00000020
DR0=0000000000000000 DR1=0000000000000000 DR2=0000000000000000 DR3=0000000000000000 
DR6=00000000ffff0ff0 DR7=0000000000000400
CCS=0000000000000044 CCD=0000000000000000 CCO=EFLAGS
EFER=0000000000000500
Servicing hardware INT=0x20
   244: v=20 e=0000 i=0 cpl=0 IP=0008:ffffffff801012ab pc=ffffffff801012ab SP=0010:ffffffff8011bfb0 env->regs[R_EAX]=0000000000000000
RAX=0000000000000000 RBX=000000000011e000 RCX=0000000000000198 RDX=0000000000000f20
RSI=0000000000000f20 RDI=ffffffff8011bfcb RBP=ffffffff8011bff0 RSP=ffffffff8011bfb0
R8 =0000000000000000 R9 =0000000000000000 R10=0000000000000000 R11=0000000000000000
R12=0000000000000000 R13=0000000000000000 R14=0000000000000000 R15=0000000000000000
RIP=ffffffff801012ab RFL=00000246 [---Z-P-] CPL=0 II=0 A20=1 SMM=0 HLT=0
ES =0010 0000000000000000 ffffffff 00af9300 DPL=0 DS   [-WA]
CS =0008 0000000000000000 ffffffff 00af9a00 DPL=0 CS64 [-R-]
SS =0010 0000000000000000 ffffffff 00af9300 DPL=0 DS   [-WA]
DS =0010 0000000000000000 ffffffff 00af9300 DPL=0 DS   [-WA]
FS =0018 0000000000000000 ffffffff 00cf9300 DPL=0 DS   [-WA]
GS =0018 0000000000000000 ffffffff 00cf9300 DPL=0 DS   [-WA]
LDT=0000 0000000000000000 0000ffff 00008200 DPL=0 LDT
TR =0018 ffffffff80116ec0 00000067 00008900 DPL=0 TSS64-avl
GDT=     ffffffff80116f30 0000003f
IDT=     ffffffff8011c120 00000fff
CR0=80000011 CR2=0000000000000000 CR3=000000000011e000 CR4=00000020
DR0=0000000000000000 DR1=0000000000000000 DR2=0000000000000000 DR3=0000000000000000 
DR6=00000000ffff0ff0 DR7=0000000000000400
CCS=0000000000000044 CCD=0000000000000000 CCO=EFLAGS
EFER=0000000000000500
Servicing hardware INT=0x20
   245: v=20 e=0000 i=0 cpl=0 IP=0008:ffffffff801012ab pc=ffffffff801012ab SP=0010:ffffffff8011bfb0 env->regs[R_EAX]=0000000000000000
RAX=0000000000000000 RBX=000000000011e000 RCX=0000000000000198 RDX=0000000000000f20
RSI=0000000000000f20 RDI=ffffffff8011bfcb RBP=ffffffff8011bff0 RSP=ffffffff8011bfb0
R8 =0000000000000000 R9 =0000000000000000 R10=0000000000000000 R11=0000000000000000
R12=0000000000000000 R13=0000000000000000 R14=0000000000000000 R15=0000000000000000
RIP=ffffffff801012ab RFL=00000246 [---Z-P-] CPL=0 II=0 A20=1 SMM=0 HLT=0
ES =0010 0000000000000000 ffffffff 00af9300 DPL=0 DS   [-WA]
CS =0008 0000000000000000 ffffffff 00af9a00 DPL=0 CS64 [-R-]
SS =0010 0000000000000000 ffffffff 00af9300 DPL=0 DS   [-WA]
DS =0010 0000000000000000 ffffffff 00af9300 DPL=0 DS   [-WA]
FS =0018 0000000000000000 ffffffff 00cf9300 DPL=0 DS   [-WA]
GS =0018 0000000000000000 ffffffff 00cf9300 DPL=0 DS   [-WA]
LDT=0000 0000000000000000 0000ffff 00008200 DPL=0 LDT
TR =0018 ffffffff80116ec0 00000067 00008900 DPL=0 TSS64-avl
GDT=     ffffffff80116f30 0000003f
IDT=     ffffffff8011c120 00000fff
CR0=80000011 CR2=0000000000000000 CR3=000000000011e000 CR4=00000020
DR0=0000000000000000 DR1=0000000000000000 DR2=0000000000000000 DR3=0000000000000000 
DR6=00000000ffff0ff0 DR7=0000000000000400
CCS=0000000000000044 CCD=0000000000000000 CCO=EFLAGS
EFER=0000000000000500
Servicing hardware INT=0x20
   246: v=20 e=0000 i=0 cpl=0 IP=0008:ffffffff801012ab pc=ffffffff801012ab SP=0010:ffffffff8011bfb0 env->regs[R_EAX]=0000000000000000
RAX=0000000000000000 RBX=000000000011e000 RCX=0000000000000198 RDX=0000000000000f20
RSI=0000000000000f20 RDI=ffffffff8011bfcb RBP=ffffffff8011bff0 RSP=ffffffff8011bfb0
R8 =0000000000000000 R9 =0000000000000000 R10=0000000000000000 R11=0000000000000000
R12=0000000000000000 R13=0000000000000000 R14=0000000000000000 R15=0000000000000000
RIP=ffffffff801012ab RFL=00000246 [---Z-P-] CPL=0 II=0 A20=1 SMM=0 HLT=0
ES =0010 0000000000000000 ffffffff 00af9300 DPL=0 DS   [-WA]
CS =0008 0000000000000000 ffffffff 00af9a00 DPL=0 CS64 [-R-]
SS =0010 0000000000000000 ffffffff 00af9300 DPL=0 DS   [-WA]
DS =0010 0000000000000000 ffffffff 00af9300 DPL=0 DS   [-WA]
FS =0018 0000000000000000 ffffffff 00cf9300 DPL=0 DS   [-WA]
GS =0018 0000000000000000 ffffffff 00cf9300 DPL=0 DS   [-WA]
LDT=0000 0000000000000000 0000ffff 00008200 DPL=0 LDT
TR =0018 ffffffff80116ec0 00000067 00008900 DPL=0 TSS64-avl
GDT=     ffffffff80116f30 0000003f
IDT=     ffffffff8011c120 00000fff
CR0=80000011 CR2=0000000000000000 CR3=000000000011e000 CR4=00000020
DR0=0000000000000000 DR1=0000000000000000 DR2=0000000000000000 DR3=0000000000000000 
DR6=00000000ffff0ff0 DR7=0000000000000400
CCS=0000000000000044 CCD=0000000000000000 CCO=EFLAGS
EFER=0000000000000500
Servicing hardware INT=0x20
   247: v=20 e=0000 i=0 cpl=0 IP=0008:ffffffff801012ab pc=ffffffff801012ab SP=0010:ffffffff8011bfb0 env->regs[R_EAX]=0000000000000000
RAX=0000000000000000 RBX=000000000011e000 RCX=0000000000000198 RDX=0000000000000f20
RSI=0000000000000f20 RDI=ffffffff8011bfcb RBP=ffffffff8011bff0 RSP=ffffffff8011bfb0
R8 =0000000000000000 R9 =0000000000000000 R10=0000000000000000 R11=0000000000000000
R12=0000000000000000 R13=0000000000000000 R14=0000000000000000 R15=0000000000000000
RIP=ffffffff801012ab RFL=00000246 [---Z-P-] CPL=0 II=0 A20=1 SMM=0 HLT=0
ES =0010 0000000000000000 ffffffff 00af9300 DPL=0 DS   [-WA]
CS =0008 0000000000000000 ffffffff 00af9a00 DPL=0 CS64 [-R-]
SS =0010 0000000000000000 ffffffff 00af9300 DPL=0 DS   [-WA]
DS =0010 0000000000000000 ffffffff 00af9300 DPL=0 DS   [-WA]
FS =0018 0000000000000000 ffffffff 00cf9300 DPL=0 DS   [-WA]
GS =0018 0000000000000000 ffffffff 00cf9300 DPL=0 DS   [-WA]
LDT=0000 0000000000000000 0000ffff 00008200 DPL=0 LDT
TR =0018 ffffffff80116ec0 00000067 00008900 DPL=0 TSS64-avl
GDT=     ffffffff80116f30 0000003f
IDT=     ffffffff8011c120 00000fff
CR0=80000011 CR2=0000000000000000 CR3=000000000011e000 CR4=00000020
DR0=0000000000000000 DR1=0000000000000000 DR2=0000000000000000 DR3=0000000000000000 
DR6=00000000ffff0ff0 DR7=0000000000000400
CCS=0000000000000044 CCD=0000000000000000 CCO=EFLAGS
EFER=0000000000000500
Servicing hardware INT=0x20
   248: v=20 e=0000 i=0 cpl=0 IP=0008:ffffffff801012ab pc=ffffffff801012ab SP=0010:ffffffff8011bfb0 env->regs[R_EAX]=0000000000000000
RAX=0000000000000000 RBX=000000000011e000 RCX=0000000000000198 RDX=0000000000000f20
RSI=0000000000000f20 RDI=ffffffff8011bfcb RBP=ffffffff8011bff0 RSP=ffffffff8011bfb0
R8 =0000000000000000 R9 =0000000000000000 R10=0000000000000000 R11=0000000000000000
R12=0000000000000000 R13=0000000000000000 R14=0000000000000000 R15=0000000000000000
RIP=ffffffff801012ab RFL=00000246 [---Z-P-] CPL=0 II=0 A20=1 SMM=0 HLT=0
ES =0010 0000000000000000 ffffffff 00af9300 DPL=0 DS   [-WA]
CS =0008 0000000000000000 ffffffff 00af9a00 DPL=0 CS64 [-R-]
SS =0010 0000000000000000 ffffffff 00af9300 DPL=0 DS   [-WA]
DS =0010 0000000000000000 ffffffff 00af9300 DPL=0 DS   [-WA]
FS =0018 0000000000000000 ffffffff 00cf9300 DPL=0 DS   [-WA]
GS =0018 0000000000000000 ffffffff 00cf9300 DPL=0 DS   [-WA]
LDT=0000 0000000000000000 0000ffff 00008200 DPL=0 LDT
TR =0018 ffffffff80116ec0 00000067 00008900 DPL=0 TSS64-avl
GDT=     ffffffff80116f30 0000003f
IDT=     ffffffff8011c120 00000fff
CR0=80000011 CR2=0000000000000000 CR3=000000000011e000 CR4=00000020
DR0=0000000000000000 DR1=0000000000000000 DR2=0000000000000000 DR3=0000000000000000 
DR6=00000000ffff0ff0 DR7=0000000000000400
CCS=0000000000000044 CCD=0000000000000000 CCO=EFLAGS
EFER=0000000000000500
Servicing hardware INT=0x20
   249: v=20 e=0000 i=0 cpl=0 IP=0008:ffffffff801012ab pc=ffffffff801012ab SP=0010:ffffffff8011bfb0 env->regs[R_EAX]=0000000000000000
RAX=0000000000000000 RBX=000000000011e000 RCX=0000000000000198 RDX=0000000000000f20
RSI=0000000000000f20 RDI=ffffffff8011bfcb RBP=ffffffff8011bff0 RSP=ffffffff8011bfb0
R8 =0000000000000000 R9 =0000000000000000 R10=0000000000000000 R11=0000000000000000
R12=0000000000000000 R13=0000000000000000 R14=0000000000000000 R15=0000000000000000
RIP=ffffffff801012ab RFL=00000246 [---Z-P-] CPL=0 II=0 A20=1 SMM=0 HLT=0
ES =0010 0000000000000000 ffffffff 00af9300 DPL=0 DS   [-WA]
CS =0008 0000000000000000 ffffffff 00af9a00 DPL=0 CS64 [-R-]
SS =0010 0000000000000000 ffffffff 00af9300 DPL=0 DS   [-WA]
DS =0010 0000000000000000 ffffffff 00af9300 DPL=0 DS   [-WA]
FS =0018 0000000000000000 ffffffff 00cf9300 DPL=0 DS   [-WA]
GS =0018 0000000000000000 ffffffff 00cf9300 DPL=0 DS   [-WA]
LDT=0000 0000000000000000 0000ffff 00008200 DPL=0 LDT
TR =0018 ffffffff80116ec0 00000067 00008900 DPL=0 TSS64-avl
GDT=     ffffffff80116f30 0000003f
IDT=     ffffffff8011c120 00000fff
CR0=80000011 CR2=0000000000000000 CR3=000000000011e000 CR4=00000020
DR0=0000000000000000 DR1=0000000000000000 DR2=0000000000000000 DR3=0000000000000000 
DR6=00000000ffff0ff0 DR7=0000000000000400
CCS=0000000000000044 CCD=0000000000000000 CCO=EFLAGS
EFER=0000000000000500
Servicing hardware INT=0x20
   250: v=20 e=0000 i=0 cpl=0 IP=0008:ffffffff801012ab pc=ffffffff801012ab SP=0010:ffffffff8011bfb0 env->regs[R_EAX]=0000000000000000
RAX=0000000000000000 RBX=000000000011e000 RCX=0000000000000198 RDX=0000000000000f20
RSI=0000000000000f20 RDI=ffffffff8011bfcb RBP=ffffffff8011bff0 RSP=ffffffff8011bfb0
R8 =0000000000000000 R9 =0000000000000000 R10=0000000000000000 R11=0000000000000000
R12=0000000000000000 R13=0000000000000000 R14=0000000000000000 R15=0000000000000000
RIP=ffffffff801012ab RFL=00000246 [---Z-P-] CPL=0 II=0 A20=1 SMM=0 HLT=0
ES =0010 0000000000000000 ffffffff 00af9300 DPL=0 DS   [-WA]
CS =0008 0000000000000000 ffffffff 00af9a00 DPL=0 CS64 [-R-]
SS =0010 0000000000000000 ffffffff 00af9300 DPL=0 DS   [-WA]
DS =0010 0000000000000000 ffffffff 00af9300 DPL=0 DS   [-WA]
FS =0018 0000000000000000 ffffffff 00cf9300 DPL=0 DS   [-WA]
GS =0018 0000000000000000 ffffffff 00cf9300 DPL=0 DS   [-WA]
LDT=0000 0000000000000000 0000ffff 00008200 DPL=0 LDT
TR =0018 ffffffff80116ec0 00000067 00008900 DPL=0 TSS64-avl
GDT=     ffffffff80116f30 0000003f
IDT=     ffffffff8011c120 00000fff
CR0=80000011 CR2=0000000000000000 CR3=000000000011e000 CR4=00000020
DR0=0000000000000000 DR1=0000000000000000 DR2=0000000000000000 DR3=0000000000000000 
DR6=00000000ffff0ff0 DR7=0000000000000400
CCS=0000000000000044 CCD=0000000000000000 CCO=EFLAGS
EFER=0000000000000500
Servicing hardware INT=0x20
   251: v=20 e=0000 i=0 cpl=0 IP=0008:ffffffff801012ab pc=ffffffff801012ab SP=0010:ffffffff8011bfb0 env->regs[R_EAX]=0000000000000000
RAX=0000000000000000 RBX=000000000011e000 RCX=0000000000000198 RDX=0000000000000f20
RSI=0000000000000f20 RDI=ffffffff8011bfcb RBP=ffffffff8011bff0 RSP=ffffffff8011bfb0
R8 =0000000000000000 R9 =0000000000000000 R10=0000000000000000 R11=0000000000000000
R12=0000000000000000 R13=0000000000000000 R14=0000000000000000 R15=0000000000000000
RIP=ffffffff801012ab RFL=00000246 [---Z-P-] CPL=0 II=0 A20=1 SMM=0 HLT=0
ES =0010 0000000000000000 ffffffff 00af9300 DPL=0 DS   [-WA]
CS =0008 0000000000000000 ffffffff 00af9a00 DPL=0 CS64 [-R-]
SS =0010 0000000000000000 ffffffff 00af9300 DPL=0 DS   [-WA]
DS =0010 0000000000000000 ffffffff 00af9300 DPL=0 DS   [-WA]
FS =0018 0000000000000000 ffffffff 00cf9300 DPL=0 DS   [-WA]
GS =0018 0000000000000000 ffffffff 00cf9300 DPL=0 DS   [-WA]
LDT=0000 0000000000000000 0000ffff 00008200 DPL=0 LDT
TR =0018 ffffffff80116ec0 00000067 00008900 DPL=0 TSS64-avl
GDT=     ffffffff80116f30 0000003f
IDT=     ffffffff8011c120 00000fff
CR0=80000011 CR2=0000000000000000 CR3=000000000011e000 CR4=00000020
DR0=0000000000000000 DR1=0000000000000000 DR2=0000000000000000 DR3=0000000000000000 
DR6=00000000ffff0ff0 DR7=0000000000000400
CCS=0000000000000044 CCD=0000000000000000 CCO=EFLAGS
EFER=0000000000000500
Servicing hardware INT=0x20
   252: v=20 e=0000 i=0 cpl=0 IP=0008:ffffffff801012ab pc=ffffffff801012ab SP=0010:ffffffff8011bfb0 env->regs[R_EAX]=0000000000000000
RAX=0000000000000000 RBX=000000000011e000 RCX=0000000000000198 RDX=0000000000000f20
RSI=0000000000000f20 RDI=ffffffff8011bfcb RBP=ffffffff8011bff0 RSP=ffffffff8011bfb0
R8 =0000000000000000 R9 =0000000000000000 R10=0000000000000000 R11=0000000000000000
R12=0000000000000000 R13=0000000000000000 R14=0000000000000000 R15=0000000000000000
RIP=ffffffff801012ab RFL=00000246 [---Z-P-] CPL=0 II=0 A20=1 SMM=0 HLT=0
ES =0010 0000000000000000 ffffffff 00af9300 DPL=0 DS   [-WA]
CS =0008 0000000000000000 ffffffff 00af9a00 DPL=0 CS64 [-R-]
SS =0010 0000000000000000 ffffffff 00af9300 DPL=0 DS   [-WA]
DS =0010 0000000000000000 ffffffff 00af9300 DPL=0 DS   [-WA]
FS =0018 0000000000000000 ffffffff 00cf9300 DPL=0 DS   [-WA]
GS =0018 0000000000000000 ffffffff 00cf9300 DPL=0 DS   [-WA]
LDT=0000 0000000000000000 0000ffff 00008200 DPL=0 LDT
TR =0018 ffffffff80116ec0 00000067 00008900 DPL=0 TSS64-avl
GDT=     ffffffff80116f30 0000003f
IDT=     ffffffff8011c120 00000fff
CR0=80000011 CR2=0000000000000000 CR3=000000000011e000 CR4=00000020
DR0=0000000000000000 DR1=0000000000000000 DR2=0000000000000000 DR3=0000000000000000 
DR6=00000000ffff0ff0 DR7=0000000000000400
CCS=0000000000000044 CCD=0000000000000000 CCO=EFLAGS
EFER=0000000000000500
Servicing hardware INT=0x20
   253: v=20 e=0000 i=0 cpl=0 IP=0008:ffffffff801012ab pc=ffffffff801012ab SP=0010:ffffffff8011bfb0 env->regs[R_EAX]=0000000000000000
RAX=0000000000000000 RBX=000000000011e000 RCX=0000000000000198 RDX=0000000000000f20
RSI=0000000000000f20 RDI=ffffffff8011bfcb RBP=ffffffff8011bff0 RSP=ffffffff8011bfb0
R8 =0000000000000000 R9 =0000000000000000 R10=0000000000000000 R11=0000000000000000
R12=0000000000000000 R13=0000000000000000 R14=0000000000000000 R15=0000000000000000
RIP=ffffffff801012ab RFL=00000246 [---Z-P-] CPL=0 II=0 A20=1 SMM=0 HLT=0
ES =0010 0000000000000000 ffffffff 00af9300 DPL=0 DS   [-WA]
CS =0008 0000000000000000 ffffffff 00af9a00 DPL=0 CS64 [-R-]
SS =0010 0000000000000000 ffffffff 00af9300 DPL=0 DS   [-WA]
DS =0010 0000000000000000 ffffffff 00af9300 DPL=0 DS   [-WA]
FS =0018 0000000000000000 ffffffff 00cf9300 DPL=0 DS   [-WA]
GS =0018 0000000000000000 ffffffff 00cf9300 DPL=0 DS   [-WA]
LDT=0000 0000000000000000 0000ffff 00008200 DPL=0 LDT
TR =0018 ffffffff80116ec0 00000067 00008900 DPL=0 TSS64-avl
GDT=     ffffffff80116f30 0000003f
IDT=     ffffffff8011c120 00000fff
CR0=80000011 CR2=0000000000000000 CR3=000000000011e000 CR4=00000020
DR0=0000000000000000 DR1=0000000000000000 DR2=0000000000000000 DR3=0000000000000000 
DR6=00000000ffff0ff0 DR7=0000000000000400
CCS=0000000000000044 CCD=0000000000000000 CCO=EFLAGS
EFER=0000000000000500
Servicing hardware INT=0x20
   254: v=20 e=0000 i=0 cpl=0 IP=0008:ffffffff801012ab pc=ffffffff801012ab SP=0010:ffffffff8011bfb0 env->regs[R_EAX]=0000000000000000
RAX=0000000000000000 RBX=000000000011e000 RCX=0000000000000198 RDX=0000000000000f20
RSI=0000000000000f20 RDI=ffffffff8011bfcb RBP=ffffffff8011bff0 RSP=ffffffff8011bfb0
R8 =0000000000000000 R9 =0000000000000000 R10=0000000000000000 R11=0000000000000000
R12=0000000000000000 R13=0000000000000000 R14=0000000000000000 R15=0000000000000000
RIP=ffffffff801012ab RFL=00000246 [---Z-P-] CPL=0 II=0 A20=1 SMM=0 HLT=0
ES =0010 0000000000000000 ffffffff 00af9300 DPL=0 DS   [-WA]
CS =0008 0000000000000000 ffffffff 00af9a00 DPL=0 CS64 [-R-]
SS =0010 0000000000000000 ffffffff 00af9300 DPL=0 DS   [-WA]
DS =0010 0000000000000000 ffffffff 00af9300 DPL=0 DS   [-WA]
FS =0018 0000000000000000 ffffffff 00cf9300 DPL=0 DS   [-WA]
GS =0018 0000000000000000 ffffffff 00cf9300 DPL=0 DS   [-WA]
LDT=0000 0000000000000000 0000ffff 00008200 DPL=0 LDT
TR =0018 ffffffff80116ec0 00000067 00008900 DPL=0 TSS64-avl
GDT=     ffffffff80116f30 0000003f
IDT=     ffffffff8011c120 00000fff
CR0=80000011 CR2=0000000000000000 CR3=000000000011e000 CR4=00000020
DR0=0000000000000000 DR1=0000000000000000 DR2=0000000000000000 DR3=0000000000000000 
DR6=00000000ffff0ff0 DR7=0000000000000400
CCS=0000000000000044 CCD=0000000000000000 CCO=EFLAGS
EFER=0000000000000500
Servicing hardware INT=0x20
   255: v=20 e=0000 i=0 cpl=0 IP=0008:ffffffff801012ab pc=ffffffff801012ab SP=0010:ffffffff8011bfb0 env->regs[R_EAX]=0000000000000000
RAX=0000000000000000 RBX=000000000011e000 RCX=0000000000000198 RDX=0000000000000f20
RSI=0000000000000f20 RDI=ffffffff8011bfcb RBP=ffffffff8011bff0 RSP=ffffffff8011bfb0
R8 =0000000000000000 R9 =0000000000000000 R10=0000000000000000 R11=0000000000000000
R12=0000000000000000 R13=0000000000000000 R14=0000000000000000 R15=0000000000000000
RIP=ffffffff801012ab RFL=00000246 [---Z-P-] CPL=0 II=0 A20=1 SMM=0 HLT=0
ES =0010 0000000000000000 ffffffff 00af9300 DPL=0 DS   [-WA]
CS =0008 0000000000000000 ffffffff 00af9a00 DPL=0 CS64 [-R-]
SS =0010 0000000000000000 ffffffff 00af9300 DPL=0 DS   [-WA]
DS =0010 0000000000000000 ffffffff 00af9300 DPL=0 DS   [-WA]
FS =0018 0000000000000000 ffffffff 00cf9300 DPL=0 DS   [-WA]
GS =0018 0000000000000000 ffffffff 00cf9300 DPL=0 DS   [-WA]
LDT=0000 0000000000000000 0000ffff 00008200 DPL=0 LDT
TR =0018 ffffffff80116ec0 00000067 00008900 DPL=0 TSS64-avl
GDT=     ffffffff80116f30 0000003f
IDT=     ffffffff8011c120 00000fff
CR0=80000011 CR2=0000000000000000 CR3=000000000011e000 CR4=00000020
DR0=0000000000000000 DR1=0000000000000000 DR2=0000000000000000 DR3=0000000000000000 
DR6=00000000ffff0ff0 DR7=0000000000000400
CCS=0000000000000044 CCD=0000000000000000 CCO=EFLAGS
EFER=0000000000000500
Servicing hardware INT=0x20
   256: v=20 e=0000 i=0 cpl=0 IP=0008:ffffffff801012ab pc=ffffffff801012ab SP=0010:ffffffff8011bfb0 env->regs[R_EAX]=0000000000000000
RAX=0000000000000000 RBX=000000000011e000 RCX=0000000000000198 RDX=0000000000000f20
RSI=0000000000000f20 RDI=ffffffff8011bfcb RBP=ffffffff8011bff0 RSP=ffffffff8011bfb0
R8 =0000000000000000 R9 =0000000000000000 R10=0000000000000000 R11=0000000000000000
R12=0000000000000000 R13=0000000000000000 R14=0000000000000000 R15=0000000000000000
RIP=ffffffff801012ab RFL=00000246 [---Z-P-] CPL=0 II=0 A20=1 SMM=0 HLT=0
ES =0010 0000000000000000 ffffffff 00af9300 DPL=0 DS   [-WA]
CS =0008 0000000000000000 ffffffff 00af9a00 DPL=0 CS64 [-R-]
SS =0010 0000000000000000 ffffffff 00af9300 DPL=0 DS   [-WA]
DS =0010 0000000000000000 ffffffff 00af9300 DPL=0 DS   [-WA]
FS =0018 0000000000000000 ffffffff 00cf9300 DPL=0 DS   [-WA]
GS =0018 0000000000000000 ffffffff 00cf9300 DPL=0 DS   [-WA]
LDT=0000 0000000000000000 0000ffff 00008200 DPL=0 LDT
TR =0018 ffffffff80116ec0 00000067 00008900 DPL=0 TSS64-avl
GDT=     ffffffff80116f30 0000003f
IDT=     ffffffff8011c120 00000fff
CR0=80000011 CR2=0000000000000000 CR3=000000000011e000 CR4=00000020
DR0=0000000000000000 DR1=0000000000000000 DR2=0000000000000000 DR3=0000000000000000 
DR6=00000000ffff0ff0 DR7=0000000000000400
CCS=0000000000000044 CCD=0000000000000000 CCO=EFLAGS
EFER=0000000000000500
Servicing hardware INT=0x20
   257: v=20 e=0000 i=0 cpl=0 IP=0008:ffffffff801012ab pc=ffffffff801012ab SP=0010:ffffffff8011bfb0 env->regs[R_EAX]=0000000000000000
RAX=0000000000000000 RBX=000000000011e000 RCX=0000000000000198 RDX=0000000000000f20
RSI=0000000000000f20 RDI=ffffffff8011bfcb RBP=ffffffff8011bff0 RSP=ffffffff8011bfb0
R8 =0000000000000000 R9 =0000000000000000 R10=0000000000000000 R11=0000000000000000
R12=0000000000000000 R13=0000000000000000 R14=0000000000000000 R15=0000000000000000
RIP=ffffffff801012ab RFL=00000246 [---Z-P-] CPL=0 II=0 A20=1 SMM=0 HLT=0
ES =0010 0000000000000000 ffffffff 00af9300 DPL=0 DS   [-WA]
CS =0008 0000000000000000 ffffffff 00af9a00 DPL=0 CS64 [-R-]
SS =0010 0000000000000000 ffffffff 00af9300 DPL=0 DS   [-WA]
DS =0010 0000000000000000 ffffffff 00af9300 DPL=0 DS   [-WA]
FS =0018 0000000000000000 ffffffff 00cf9300 DPL=0 DS   [-WA]
GS =0018 0000000000000000 ffffffff 00cf9300 DPL=0 DS   [-WA]
LDT=0000 0000000000000000 0000ffff 00008200 DPL=0 LDT
TR =0018 ffffffff80116ec0 00000067 00008900 DPL=0 TSS64-avl
GDT=     ffffffff80116f30 0000003f
IDT=     ffffffff8011c120 00000fff
CR0=80000011 CR2=0000000000000000 CR3=000000000011e000 CR4=00000020
DR0=0000000000000000 DR1=0000000000000000 DR2=0000000000000000 DR3=0000000000000000 
DR6=00000000ffff0ff0 DR7=0000000000000400
CCS=0000000000000044 CCD=0000000000000000 CCO=EFLAGS
EFER=0000000000000500
Servicing hardware INT=0x20
   258: v=20 e=0000 i=0 cpl=0 IP=0008:ffffffff801012ab pc=ffffffff801012ab SP=0010:ffffffff8011bfb0 env->regs[R_EAX]=0000000000000000
RAX=0000000000000000 RBX=000000000011e000 RCX=0000000000000198 RDX=0000000000000f20
RSI=0000000000000f20 RDI=ffffffff8011bfcb RBP=ffffffff8011bff0 RSP=ffffffff8011bfb0
R8 =0000000000000000 R9 =0000000000000000 R10=0000000000000000 R11=0000000000000000
R12=0000000000000000 R13=0000000000000000 R14=0000000000000000 R15=0000000000000000
RIP=ffffffff801012ab RFL=00000246 [---Z-P-] CPL=0 II=0 A20=1 SMM=0 HLT=0
ES =0010 0000000000000000 ffffffff 00af9300 DPL=0 DS   [-WA]
CS =0008 0000000000000000 ffffffff 00af9a00 DPL=0 CS64 [-R-]
SS =0010 0000000000000000 ffffffff 00af9300 DPL=0 DS   [-WA]
DS =0010 0000000000000000 ffffffff 00af9300 DPL=0 DS   [-WA]
FS =0018 0000000000000000 ffffffff 00cf9300 DPL=0 DS   [-WA]
GS =0018 0000000000000000 ffffffff 00cf9300 DPL=0 DS   [-WA]
LDT=0000 0000000000000000 0000ffff 00008200 DPL=0 LDT
TR =0018 ffffffff80116ec0 00000067 00008900 DPL=0 TSS64-avl
GDT=     ffffffff80116f30 0000003f
IDT=     ffffffff8011c120 00000fff
CR0=80000011 CR2=0000000000000000 CR3=000000000011e000 CR4=00000020
DR0=0000000000000000 DR1=0000000000000000 DR2=0000000000000000 DR3=0000000000000000 
DR6=00000000ffff0ff0 DR7=0000000000000400
CCS=0000000000000044 CCD=0000000000000000 CCO=EFLAGS
EFER=0000000000000500
Servicing hardware INT=0x20
   259: v=20 e=0000 i=0 cpl=0 IP=0008:ffffffff801012ab pc=ffffffff801012ab SP=0010:ffffffff8011bfb0 env->regs[R_EAX]=0000000000000000
RAX=0000000000000000 RBX=000000000011e000 RCX=0000000000000198 RDX=0000000000000f20
RSI=0000000000000f20 RDI=ffffffff8011bfcb RBP=ffffffff8011bff0 RSP=ffffffff8011bfb0
R8 =0000000000000000 R9 =0000000000000000 R10=0000000000000000 R11=0000000000000000
R12=0000000000000000 R13=0000000000000000 R14=0000000000000000 R15=0000000000000000
RIP=ffffffff801012ab RFL=00000246 [---Z-P-] CPL=0 II=0 A20=1 SMM=0 HLT=0
ES =0010 0000000000000000 ffffffff 00af9300 DPL=0 DS   [-WA]
CS =0008 0000000000000000 ffffffff 00af9a00 DPL=0 CS64 [-R-]
SS =0010 0000000000000000 ffffffff 00af9300 DPL=0 DS   [-WA]
DS =0010 0000000000000000 ffffffff 00af9300 DPL=0 DS   [-WA]
FS =0018 0000000000000000 ffffffff 00cf9300 DPL=0 DS   [-WA]
GS =0018 0000000000000000 ffffffff 00cf9300 DPL=0 DS   [-WA]
LDT=0000 0000000000000000 0000ffff 00008200 DPL=0 LDT
TR =0018 ffffffff80116ec0 00000067 00008900 DPL=0 TSS64-avl
GDT=     ffffffff80116f30 0000003f
IDT=     ffffffff8011c120 00000fff
CR0=80000011 CR2=0000000000000000 CR3=000000000011e000 CR4=00000020
DR0=0000000000000000 DR1=0000000000000000 DR2=0000000000000000 DR3=0000000000000000 
DR6=00000000ffff0ff0 DR7=0000000000000400
CCS=0000000000000044 CCD=0000000000000000 CCO=EFLAGS
EFER=0000000000000500
Servicing hardware INT=0x20
   260: v=20 e=0000 i=0 cpl=0 IP=0008:ffffffff801012ab pc=ffffffff801012ab SP=0010:ffffffff8011bfb0 env->regs[R_EAX]=0000000000000000
RAX=0000000000000000 RBX=000000000011e000 RCX=0000000000000198 RDX=0000000000000f20
RSI=0000000000000f20 RDI=ffffffff8011bfcb RBP=ffffffff8011bff0 RSP=ffffffff8011bfb0
R8 =0000000000000000 R9 =0000000000000000 R10=0000000000000000 R11=0000000000000000
R12=0000000000000000 R13=0000000000000000 R14=0000000000000000 R15=0000000000000000
RIP=ffffffff801012ab RFL=00000246 [---Z-P-] CPL=0 II=0 A20=1 SMM=0 HLT=0
ES =0010 0000000000000000 ffffffff 00af9300 DPL=0 DS   [-WA]
CS =0008 0000000000000000 ffffffff 00af9a00 DPL=0 CS64 [-R-]
SS =0010 0000000000000000 ffffffff 00af9300 DPL=0 DS   [-WA]
DS =0010 0000000000000000 ffffffff 00af9300 DPL=0 DS   [-WA]
FS =0018 0000000000000000 ffffffff 00cf9300 DPL=0 DS   [-WA]
GS =0018 0000000000000000 ffffffff 00cf9300 DPL=0 DS   [-WA]
LDT=0000 0000000000000000 0000ffff 00008200 DPL=0 LDT
TR =0018 ffffffff80116ec0 00000067 00008900 DPL=0 TSS64-avl
GDT=     ffffffff80116f30 0000003f
IDT=     ffffffff8011c120 00000fff
CR0=80000011 CR2=0000000000000000 CR3=000000000011e000 CR4=00000020
DR0=0000000000000000 DR1=0000000000000000 DR2=0000000000000000 DR3=0000000000000000 
DR6=00000000ffff0ff0 DR7=0000000000000400
CCS=0000000000000044 CCD=0000000000000000 CCO=EFLAGS
EFER=0000000000000500
Servicing hardware INT=0x20
   261: v=20 e=0000 i=0 cpl=0 IP=0008:ffffffff801012ab pc=ffffffff801012ab SP=0010:ffffffff8011bfb0 env->regs[R_EAX]=0000000000000000
RAX=0000000000000000 RBX=000000000011e000 RCX=0000000000000198 RDX=0000000000000f20
RSI=0000000000000f20 RDI=ffffffff8011bfcb RBP=ffffffff8011bff0 RSP=ffffffff8011bfb0
R8 =0000000000000000 R9 =0000000000000000 R10=0000000000000000 R11=0000000000000000
R12=0000000000000000 R13=0000000000000000 R14=0000000000000000 R15=0000000000000000
RIP=ffffffff801012ab RFL=00000246 [---Z-P-] CPL=0 II=0 A20=1 SMM=0 HLT=0
ES =0010 0000000000000000 ffffffff 00af9300 DPL=0 DS   [-WA]
CS =0008 0000000000000000 ffffffff 00af9a00 DPL=0 CS64 [-R-]
SS =0010 0000000000000000 ffffffff 00af9300 DPL=0 DS   [-WA]
DS =0010 0000000000000000 ffffffff 00af9300 DPL=0 DS   [-WA]
FS =0018 0000000000000000 ffffffff 00cf9300 DPL=0 DS   [-WA]
GS =0018 0000000000000000 ffffffff 00cf9300 DPL=0 DS   [-WA]
LDT=0000 0000000000000000 0000ffff 00008200 DPL=0 LDT
TR =0018 ffffffff80116ec0 00000067 00008900 DPL=0 TSS64-avl
GDT=     ffffffff80116f30 0000003f
IDT=     ffffffff8011c120 00000fff
CR0=80000011 CR2=0000000000000000 CR3=000000000011e000 CR4=00000020
DR0=0000000000000000 DR1=0000000000000000 DR2=0000000000000000 DR3=0000000000000000 
DR6=00000000ffff0ff0 DR7=0000000000000400
CCS=0000000000000044 CCD=0000000000000000 CCO=EFLAGS
EFER=0000000000000500
Servicing hardware INT=0x20
   262: v=20 e=0000 i=0 cpl=0 IP=0008:ffffffff801012ab pc=ffffffff801012ab SP=0010:ffffffff8011bfb0 env->regs[R_EAX]=0000000000000000
RAX=0000000000000000 RBX=000000000011e000 RCX=0000000000000198 RDX=0000000000000f20
RSI=0000000000000f20 RDI=ffffffff8011bfcb RBP=ffffffff8011bff0 RSP=ffffffff8011bfb0
R8 =0000000000000000 R9 =0000000000000000 R10=0000000000000000 R11=0000000000000000
R12=0000000000000000 R13=0000000000000000 R14=0000000000000000 R15=0000000000000000
RIP=ffffffff801012ab RFL=00000246 [---Z-P-] CPL=0 II=0 A20=1 SMM=0 HLT=0
ES =0010 0000000000000000 ffffffff 00af9300 DPL=0 DS   [-WA]
CS =0008 0000000000000000 ffffffff 00af9a00 DPL=0 CS64 [-R-]
SS =0010 0000000000000000 ffffffff 00af9300 DPL=0 DS   [-WA]
DS =0010 0000000000000000 ffffffff 00af9300 DPL=0 DS   [-WA]
FS =0018 0000000000000000 ffffffff 00cf9300 DPL=0 DS   [-WA]
GS =0018 0000000000000000 ffffffff 00cf9300 DPL=0 DS   [-WA]
LDT=0000 0000000000000000 0000ffff 00008200 DPL=0 LDT
TR =0018 ffffffff80116ec0 00000067 00008900 DPL=0 TSS64-avl
GDT=     ffffffff80116f30 0000003f
IDT=     ffffffff8011c120 00000fff
CR0=80000011 CR2=0000000000000000 CR3=000000000011e000 CR4=00000020
DR0=0000000000000000 DR1=0000000000000000 DR2=0000000000000000 DR3=0000000000000000 
DR6=00000000ffff0ff0 DR7=0000000000000400
CCS=0000000000000044 CCD=0000000000000000 CCO=EFLAGS
EFER=0000000000000500
Servicing hardware INT=0x20
   263: v=20 e=0000 i=0 cpl=0 IP=0008:ffffffff801012ab pc=ffffffff801012ab SP=0010:ffffffff8011bfb0 env->regs[R_EAX]=0000000000000000
RAX=0000000000000000 RBX=000000000011e000 RCX=0000000000000198 RDX=0000000000000f20
RSI=0000000000000f20 RDI=ffffffff8011bfcb RBP=ffffffff8011bff0 RSP=ffffffff8011bfb0
R8 =0000000000000000 R9 =0000000000000000 R10=0000000000000000 R11=0000000000000000
R12=0000000000000000 R13=0000000000000000 R14=0000000000000000 R15=0000000000000000
RIP=ffffffff801012ab RFL=00000246 [---Z-P-] CPL=0 II=0 A20=1 SMM=0 HLT=0
ES =0010 0000000000000000 ffffffff 00af9300 DPL=0 DS   [-WA]
CS =0008 0000000000000000 ffffffff 00af9a00 DPL=0 CS64 [-R-]
SS =0010 0000000000000000 ffffffff 00af9300 DPL=0 DS   [-WA]
DS =0010 0000000000000000 ffffffff 00af9300 DPL=0 DS   [-WA]
FS =0018 0000000000000000 ffffffff 00cf9300 DPL=0 DS   [-WA]
GS =0018 0000000000000000 ffffffff 00cf9300 DPL=0 DS   [-WA]
LDT=0000 0000000000000000 0000ffff 00008200 DPL=0 LDT
TR =0018 ffffffff80116ec0 00000067 00008900 DPL=0 TSS64-avl
GDT=     ffffffff80116f30 0000003f
IDT=     ffffffff8011c120 00000fff
CR0=80000011 CR2=0000000000000000 CR3=000000000011e000 CR4=00000020
DR0=0000000000000000 DR1=0000000000000000 DR2=0000000000000000 DR3=0000000000000000 
DR6=00000000ffff0ff0 DR7=0000000000000400
CCS=0000000000000044 CCD=0000000000000000 CCO=EFLAGS
EFER=0000000000000500
Servicing hardware INT=0x20
   264: v=20 e=0000 i=0 cpl=0 IP=0008:ffffffff801012ab pc=ffffffff801012ab SP=0010:ffffffff8011bfb0 env->regs[R_EAX]=0000000000000000
RAX=0000000000000000 RBX=000000000011e000 RCX=0000000000000198 RDX=0000000000000f20
RSI=0000000000000f20 RDI=ffffffff8011bfcb RBP=ffffffff8011bff0 RSP=ffffffff8011bfb0
R8 =0000000000000000 R9 =0000000000000000 R10=0000000000000000 R11=0000000000000000
R12=0000000000000000 R13=0000000000000000 R14=0000000000000000 R15=0000000000000000
RIP=ffffffff801012ab RFL=00000246 [---Z-P-] CPL=0 II=0 A20=1 SMM=0 HLT=0
ES =0010 0000000000000000 ffffffff 00af9300 DPL=0 DS   [-WA]
CS =0008 0000000000000000 ffffffff 00af9a00 DPL=0 CS64 [-R-]
SS =0010 0000000000000000 ffffffff 00af9300 DPL=0 DS   [-WA]
DS =0010 0000000000000000 ffffffff 00af9300 DPL=0 DS   [-WA]
FS =0018 0000000000000000 ffffffff 00cf9300 DPL=0 DS   [-WA]
GS =0018 0000000000000000 ffffffff 00cf9300 DPL=0 DS   [-WA]
LDT=0000 0000000000000000 0000ffff 00008200 DPL=0 LDT
TR =0018 ffffffff80116ec0 00000067 00008900 DPL=0 TSS64-avl
GDT=     ffffffff80116f30 0000003f
IDT=     ffffffff8011c120 00000fff
CR0=80000011 CR2=0000000000000000 CR3=000000000011e000 CR4=00000020
DR0=0000000000000000 DR1=0000000000000000 DR2=0000000000000000 DR3=0000000000000000 
DR6=00000000ffff0ff0 DR7=0000000000000400
CCS=0000000000000044 CCD=0000000000000000 CCO=EFLAGS
EFER=0000000000000500
Servicing hardware INT=0x20
   265: v=20 e=0000 i=0 cpl=0 IP=0008:ffffffff801012ab pc=ffffffff801012ab SP=0010:ffffffff8011bfb0 env->regs[R_EAX]=0000000000000000
RAX=0000000000000000 RBX=000000000011e000 RCX=0000000000000198 RDX=0000000000000f20
RSI=0000000000000f20 RDI=ffffffff8011bfcb RBP=ffffffff8011bff0 RSP=ffffffff8011bfb0
R8 =0000000000000000 R9 =0000000000000000 R10=0000000000000000 R11=0000000000000000
R12=0000000000000000 R13=0000000000000000 R14=0000000000000000 R15=0000000000000000
RIP=ffffffff801012ab RFL=00000246 [---Z-P-] CPL=0 II=0 A20=1 SMM=0 HLT=0
ES =0010 0000000000000000 ffffffff 00af9300 DPL=0 DS   [-WA]
CS =0008 0000000000000000 ffffffff 00af9a00 DPL=0 CS64 [-R-]
SS =0010 0000000000000000 ffffffff 00af9300 DPL=0 DS   [-WA]
DS =0010 0000000000000000 ffffffff 00af9300 DPL=0 DS   [-WA]
FS =0018 0000000000000000 ffffffff 00cf9300 DPL=0 DS   [-WA]
GS =0018 0000000000000000 ffffffff 00cf9300 DPL=0 DS   [-WA]
LDT=0000 0000000000000000 0000ffff 00008200 DPL=0 LDT
TR =0018 ffffffff80116ec0 00000067 00008900 DPL=0 TSS64-avl
GDT=     ffffffff80116f30 0000003f
IDT=     ffffffff8011c120 00000fff
CR0=80000011 CR2=0000000000000000 CR3=000000000011e000 CR4=00000020
DR0=0000000000000000 DR1=0000000000000000 DR2=0000000000000000 DR3=0000000000000000 
DR6=00000000ffff0ff0 DR7=0000000000000400
CCS=0000000000000044 CCD=0000000000000000 CCO=EFLAGS
EFER=0000000000000500
Servicing hardware INT=0x20
   266: v=20 e=0000 i=0 cpl=0 IP=0008:ffffffff801012ab pc=ffffffff801012ab SP=0010:ffffffff8011bfb0 env->regs[R_EAX]=0000000000000000
RAX=0000000000000000 RBX=000000000011e000 RCX=0000000000000198 RDX=0000000000000f20
RSI=0000000000000f20 RDI=ffffffff8011bfcb RBP=ffffffff8011bff0 RSP=ffffffff8011bfb0
R8 =0000000000000000 R9 =0000000000000000 R10=0000000000000000 R11=0000000000000000
R12=0000000000000000 R13=0000000000000000 R14=0000000000000000 R15=0000000000000000
RIP=ffffffff801012ab RFL=00000246 [---Z-P-] CPL=0 II=0 A20=1 SMM=0 HLT=0
ES =0010 0000000000000000 ffffffff 00af9300 DPL=0 DS   [-WA]
CS =0008 0000000000000000 ffffffff 00af9a00 DPL=0 CS64 [-R-]
SS =0010 0000000000000000 ffffffff 00af9300 DPL=0 DS   [-WA]
DS =0010 0000000000000000 ffffffff 00af9300 DPL=0 DS   [-WA]
FS =0018 0000000000000000 ffffffff 00cf9300 DPL=0 DS   [-WA]
GS =0018 0000000000000000 ffffffff 00cf9300 DPL=0 DS   [-WA]
LDT=0000 0000000000000000 0000ffff 00008200 DPL=0 LDT
TR =0018 ffffffff80116ec0 00000067 00008900 DPL=0 TSS64-avl
GDT=     ffffffff80116f30 0000003f
IDT=     ffffffff8011c120 00000fff
CR0=80000011 CR2=0000000000000000 CR3=000000000011e000 CR4=00000020
DR0=0000000000000000 DR1=0000000000000000 DR2=0000000000000000 DR3=0000000000000000 
DR6=00000000ffff0ff0 DR7=0000000000000400
CCS=0000000000000044 CCD=0000000000000000 CCO=EFLAGS
EFER=0000000000000500
Servicing hardware INT=0x20
   267: v=20 e=0000 i=0 cpl=0 IP=0008:ffffffff801012ab pc=ffffffff801012ab SP=0010:ffffffff8011bfb0 env->regs[R_EAX]=0000000000000000
RAX=0000000000000000 RBX=000000000011e000 RCX=0000000000000198 RDX=0000000000000f20
RSI=0000000000000f20 RDI=ffffffff8011bfcb RBP=ffffffff8011bff0 RSP=ffffffff8011bfb0
R8 =0000000000000000 R9 =0000000000000000 R10=0000000000000000 R11=0000000000000000
R12=0000000000000000 R13=0000000000000000 R14=0000000000000000 R15=0000000000000000
RIP=ffffffff801012ab RFL=00000246 [---Z-P-] CPL=0 II=0 A20=1 SMM=0 HLT=0
ES =0010 0000000000000000 ffffffff 00af9300 DPL=0 DS   [-WA]
CS =0008 0000000000000000 ffffffff 00af9a00 DPL=0 CS64 [-R-]
SS =0010 0000000000000000 ffffffff 00af9300 DPL=0 DS   [-WA]
DS =0010 0000000000000000 ffffffff 00af9300 DPL=0 DS   [-WA]
FS =0018 0000000000000000 ffffffff 00cf9300 DPL=0 DS   [-WA]
GS =0018 0000000000000000 ffffffff 00cf9300 DPL=0 DS   [-WA]
LDT=0000 0000000000000000 0000ffff 00008200 DPL=0 LDT
TR =0018 ffffffff80116ec0 00000067 00008900 DPL=0 TSS64-avl
GDT=     ffffffff80116f30 0000003f
IDT=     ffffffff8011c120 00000fff
CR0=80000011 CR2=0000000000000000 CR3=000000000011e000 CR4=00000020
DR0=0000000000000000 DR1=0000000000000000 DR2=0000000000000000 DR3=0000000000000000 
DR6=00000000ffff0ff0 DR7=0000000000000400
CCS=0000000000000044 CCD=0000000000000000 CCO=EFLAGS
EFER=0000000000000500
Servicing hardware INT=0x20
   268: v=20 e=0000 i=0 cpl=0 IP=0008:ffffffff801012ab pc=ffffffff801012ab SP=0010:ffffffff8011bfb0 env->regs[R_EAX]=0000000000000000
RAX=0000000000000000 RBX=000000000011e000 RCX=0000000000000198 RDX=0000000000000f20
RSI=0000000000000f20 RDI=ffffffff8011bfcb RBP=ffffffff8011bff0 RSP=ffffffff8011bfb0
R8 =0000000000000000 R9 =0000000000000000 R10=0000000000000000 R11=0000000000000000
R12=0000000000000000 R13=0000000000000000 R14=0000000000000000 R15=0000000000000000
RIP=ffffffff801012ab RFL=00000246 [---Z-P-] CPL=0 II=0 A20=1 SMM=0 HLT=0
ES =0010 0000000000000000 ffffffff 00af9300 DPL=0 DS   [-WA]
CS =0008 0000000000000000 ffffffff 00af9a00 DPL=0 CS64 [-R-]
SS =0010 0000000000000000 ffffffff 00af9300 DPL=0 DS   [-WA]
DS =0010 0000000000000000 ffffffff 00af9300 DPL=0 DS   [-WA]
FS =0018 0000000000000000 ffffffff 00cf9300 DPL=0 DS   [-WA]
GS =0018 0000000000000000 ffffffff 00cf9300 DPL=0 DS   [-WA]
LDT=0000 0000000000000000 0000ffff 00008200 DPL=0 LDT
TR =0018 ffffffff80116ec0 00000067 00008900 DPL=0 TSS64-avl
GDT=     ffffffff80116f30 0000003f
IDT=     ffffffff8011c120 00000fff
CR0=80000011 CR2=0000000000000000 CR3=000000000011e000 CR4=00000020
DR0=0000000000000000 DR1=0000000000000000 DR2=0000000000000000 DR3=0000000000000000 
DR6=00000000ffff0ff0 DR7=0000000000000400
CCS=0000000000000044 CCD=0000000000000000 CCO=EFLAGS
EFER=0000000000000500
Servicing hardware INT=0x20
   269: v=20 e=0000 i=0 cpl=0 IP=0008:ffffffff801012ab pc=ffffffff801012ab SP=0010:ffffffff8011bfb0 env->regs[R_EAX]=0000000000000000
RAX=0000000000000000 RBX=000000000011e000 RCX=0000000000000198 RDX=0000000000000f20
RSI=0000000000000f20 RDI=ffffffff8011bfcb RBP=ffffffff8011bff0 RSP=ffffffff8011bfb0
R8 =0000000000000000 R9 =0000000000000000 R10=0000000000000000 R11=0000000000000000
R12=0000000000000000 R13=0000000000000000 R14=0000000000000000 R15=0000000000000000
RIP=ffffffff801012ab RFL=00000246 [---Z-P-] CPL=0 II=0 A20=1 SMM=0 HLT=0
ES =0010 0000000000000000 ffffffff 00af9300 DPL=0 DS   [-WA]
CS =0008 0000000000000000 ffffffff 00af9a00 DPL=0 CS64 [-R-]
SS =0010 0000000000000000 ffffffff 00af9300 DPL=0 DS   [-WA]
DS =0010 0000000000000000 ffffffff 00af9300 DPL=0 DS   [-WA]
FS =0018 0000000000000000 ffffffff 00cf9300 DPL=0 DS   [-WA]
GS =0018 0000000000000000 ffffffff 00cf9300 DPL=0 DS   [-WA]
LDT=0000 0000000000000000 0000ffff 00008200 DPL=0 LDT
TR =0018 ffffffff80116ec0 00000067 00008900 DPL=0 TSS64-avl
GDT=     ffffffff80116f30 0000003f
IDT=     ffffffff8011c120 00000fff
CR0=80000011 CR2=0000000000000000 CR3=000000000011e000 CR4=00000020
DR0=0000000000000000 DR1=0000000000000000 DR2=0000000000000000 DR3=0000000000000000 
DR6=00000000ffff0ff0 DR7=0000000000000400
CCS=0000000000000044 CCD=0000000000000000 CCO=EFLAGS
EFER=0000000000000500
Servicing hardware INT=0x20
   270: v=20 e=0000 i=0 cpl=0 IP=0008:ffffffff801012ab pc=ffffffff801012ab SP=0010:ffffffff8011bfb0 env->regs[R_EAX]=0000000000000000
RAX=0000000000000000 RBX=000000000011e000 RCX=0000000000000198 RDX=0000000000000f20
RSI=0000000000000f20 RDI=ffffffff8011bfcb RBP=ffffffff8011bff0 RSP=ffffffff8011bfb0
R8 =0000000000000000 R9 =0000000000000000 R10=0000000000000000 R11=0000000000000000
R12=0000000000000000 R13=0000000000000000 R14=0000000000000000 R15=0000000000000000
RIP=ffffffff801012ab RFL=00000246 [---Z-P-] CPL=0 II=0 A20=1 SMM=0 HLT=0
ES =0010 0000000000000000 ffffffff 00af9300 DPL=0 DS   [-WA]
CS =0008 0000000000000000 ffffffff 00af9a00 DPL=0 CS64 [-R-]
SS =0010 0000000000000000 ffffffff 00af9300 DPL=0 DS   [-WA]
DS =0010 0000000000000000 ffffffff 00af9300 DPL=0 DS   [-WA]
FS =0018 0000000000000000 ffffffff 00cf9300 DPL=0 DS   [-WA]
GS =0018 0000000000000000 ffffffff 00cf9300 DPL=0 DS   [-WA]
LDT=0000 0000000000000000 0000ffff 00008200 DPL=0 LDT
TR =0018 ffffffff80116ec0 00000067 00008900 DPL=0 TSS64-avl
GDT=     ffffffff80116f30 0000003f
IDT=     ffffffff8011c120 00000fff
CR0=80000011 CR2=0000000000000000 CR3=000000000011e000 CR4=00000020
DR0=0000000000000000 DR1=0000000000000000 DR2=0000000000000000 DR3=0000000000000000 
DR6=00000000ffff0ff0 DR7=0000000000000400
CCS=0000000000000044 CCD=0000000000000000 CCO=EFLAGS
EFER=0000000000000500
Servicing hardware INT=0x20
   271: v=20 e=0000 i=0 cpl=0 IP=0008:ffffffff801012ab pc=ffffffff801012ab SP=0010:ffffffff8011bfb0 env->regs[R_EAX]=0000000000000000
RAX=0000000000000000 RBX=000000000011e000 RCX=0000000000000198 RDX=0000000000000f20
RSI=0000000000000f20 RDI=ffffffff8011bfcb RBP=ffffffff8011bff0 RSP=ffffffff8011bfb0
R8 =0000000000000000 R9 =0000000000000000 R10=0000000000000000 R11=0000000000000000
R12=0000000000000000 R13=0000000000000000 R14=0000000000000000 R15=0000000000000000
RIP=ffffffff801012ab RFL=00000246 [---Z-P-] CPL=0 II=0 A20=1 SMM=0 HLT=0
ES =0010 0000000000000000 ffffffff 00af9300 DPL=0 DS   [-WA]
CS =0008 0000000000000000 ffffffff 00af9a00 DPL=0 CS64 [-R-]
SS =0010 0000000000000000 ffffffff 00af9300 DPL=0 DS   [-WA]
DS =0010 0000000000000000 ffffffff 00af9300 DPL=0 DS   [-WA]
FS =0018 0000000000000000 ffffffff 00cf9300 DPL=0 DS   [-WA]
GS =0018 0000000000000000 ffffffff 00cf9300 DPL=0 DS   [-WA]
LDT=0000 0000000000000000 0000ffff 00008200 DPL=0 LDT
TR =0018 ffffffff80116ec0 00000067 00008900 DPL=0 TSS64-avl
GDT=     ffffffff80116f30 0000003f
IDT=     ffffffff8011c120 00000fff
CR0=80000011 CR2=0000000000000000 CR3=000000000011e000 CR4=00000020
DR0=0000000000000000 DR1=0000000000000000 DR2=0000000000000000 DR3=0000000000000000 
DR6=00000000ffff0ff0 DR7=0000000000000400
CCS=0000000000000044 CCD=0000000000000000 CCO=EFLAGS
EFER=0000000000000500
Servicing hardware INT=0x20
   272: v=20 e=0000 i=0 cpl=0 IP=0008:ffffffff801012ab pc=ffffffff801012ab SP=0010:ffffffff8011bfb0 env->regs[R_EAX]=0000000000000000
RAX=0000000000000000 RBX=000000000011e000 RCX=0000000000000198 RDX=0000000000000f20
RSI=0000000000000f20 RDI=ffffffff8011bfcb RBP=ffffffff8011bff0 RSP=ffffffff8011bfb0
R8 =0000000000000000 R9 =0000000000000000 R10=0000000000000000 R11=0000000000000000
R12=0000000000000000 R13=0000000000000000 R14=0000000000000000 R15=0000000000000000
RIP=ffffffff801012ab RFL=00000246 [---Z-P-] CPL=0 II=0 A20=1 SMM=0 HLT=0
ES =0010 0000000000000000 ffffffff 00af9300 DPL=0 DS   [-WA]
CS =0008 0000000000000000 ffffffff 00af9a00 DPL=0 CS64 [-R-]
SS =0010 0000000000000000 ffffffff 00af9300 DPL=0 DS   [-WA]
DS =0010 0000000000000000 ffffffff 00af9300 DPL=0 DS   [-WA]
FS =0018 0000000000000000 ffffffff 00cf9300 DPL=0 DS   [-WA]
GS =0018 0000000000000000 ffffffff 00cf9300 DPL=0 DS   [-WA]
LDT=0000 0000000000000000 0000ffff 00008200 DPL=0 LDT
TR =0018 ffffffff80116ec0 00000067 00008900 DPL=0 TSS64-avl
GDT=     ffffffff80116f30 0000003f
IDT=     ffffffff8011c120 00000fff
CR0=80000011 CR2=0000000000000000 CR3=000000000011e000 CR4=00000020
DR0=0000000000000000 DR1=0000000000000000 DR2=0000000000000000 DR3=0000000000000000 
DR6=00000000ffff0ff0 DR7=0000000000000400
CCS=0000000000000044 CCD=0000000000000000 CCO=EFLAGS
EFER=0000000000000500
Servicing hardware INT=0x20
   273: v=20 e=0000 i=0 cpl=0 IP=0008:ffffffff801012ab pc=ffffffff801012ab SP=0010:ffffffff8011bfb0 env->regs[R_EAX]=0000000000000000
RAX=0000000000000000 RBX=000000000011e000 RCX=0000000000000198 RDX=0000000000000f20
RSI=0000000000000f20 RDI=ffffffff8011bfcb RBP=ffffffff8011bff0 RSP=ffffffff8011bfb0
R8 =0000000000000000 R9 =0000000000000000 R10=0000000000000000 R11=0000000000000000
R12=0000000000000000 R13=0000000000000000 R14=0000000000000000 R15=0000000000000000
RIP=ffffffff801012ab RFL=00000246 [---Z-P-] CPL=0 II=0 A20=1 SMM=0 HLT=0
ES =0010 0000000000000000 ffffffff 00af9300 DPL=0 DS   [-WA]
CS =0008 0000000000000000 ffffffff 00af9a00 DPL=0 CS64 [-R-]
SS =0010 0000000000000000 ffffffff 00af9300 DPL=0 DS   [-WA]
DS =0010 0000000000000000 ffffffff 00af9300 DPL=0 DS   [-WA]
FS =0018 0000000000000000 ffffffff 00cf9300 DPL=0 DS   [-WA]
GS =0018 0000000000000000 ffffffff 00cf9300 DPL=0 DS   [-WA]
LDT=0000 0000000000000000 0000ffff 00008200 DPL=0 LDT
TR =0018 ffffffff80116ec0 00000067 00008900 DPL=0 TSS64-avl
GDT=     ffffffff80116f30 0000003f
IDT=     ffffffff8011c120 00000fff
CR0=80000011 CR2=0000000000000000 CR3=000000000011e000 CR4=00000020
DR0=0000000000000000 DR1=0000000000000000 DR2=0000000000000000 DR3=0000000000000000 
DR6=00000000ffff0ff0 DR7=0000000000000400
CCS=0000000000000044 CCD=0000000000000000 CCO=EFLAGS
EFER=0000000000000500
Servicing hardware INT=0x20
   274: v=20 e=0000 i=0 cpl=0 IP=0008:ffffffff801012ab pc=ffffffff801012ab SP=0010:ffffffff8011bfb0 env->regs[R_EAX]=0000000000000000
RAX=0000000000000000 RBX=000000000011e000 RCX=0000000000000198 RDX=0000000000000f20
RSI=0000000000000f20 RDI=ffffffff8011bfcb RBP=ffffffff8011bff0 RSP=ffffffff8011bfb0
R8 =0000000000000000 R9 =0000000000000000 R10=0000000000000000 R11=0000000000000000
R12=0000000000000000 R13=0000000000000000 R14=0000000000000000 R15=0000000000000000
RIP=ffffffff801012ab RFL=00000246 [---Z-P-] CPL=0 II=0 A20=1 SMM=0 HLT=0
ES =0010 0000000000000000 ffffffff 00af9300 DPL=0 DS   [-WA]
CS =0008 0000000000000000 ffffffff 00af9a00 DPL=0 CS64 [-R-]
SS =0010 0000000000000000 ffffffff 00af9300 DPL=0 DS   [-WA]
DS =0010 0000000000000000 ffffffff 00af9300 DPL=0 DS   [-WA]
FS =0018 0000000000000000 ffffffff 00cf9300 DPL=0 DS   [-WA]
GS =0018 0000000000000000 ffffffff 00cf9300 DPL=0 DS   [-WA]
LDT=0000 0000000000000000 0000ffff 00008200 DPL=0 LDT
TR =0018 ffffffff80116ec0 00000067 00008900 DPL=0 TSS64-avl
GDT=     ffffffff80116f30 0000003f
IDT=     ffffffff8011c120 00000fff
CR0=80000011 CR2=0000000000000000 CR3=000000000011e000 CR4=00000020
DR0=0000000000000000 DR1=0000000000000000 DR2=0000000000000000 DR3=0000000000000000 
DR6=00000000ffff0ff0 DR7=0000000000000400
CCS=0000000000000044 CCD=0000000000000000 CCO=EFLAGS
EFER=0000000000000500
Servicing hardware INT=0x20
   275: v=20 e=0000 i=0 cpl=0 IP=0008:ffffffff801012ab pc=ffffffff801012ab SP=0010:ffffffff8011bfb0 env->regs[R_EAX]=0000000000000000
RAX=0000000000000000 RBX=000000000011e000 RCX=0000000000000198 RDX=0000000000000f20
RSI=0000000000000f20 RDI=ffffffff8011bfcb RBP=ffffffff8011bff0 RSP=ffffffff8011bfb0
R8 =0000000000000000 R9 =0000000000000000 R10=0000000000000000 R11=0000000000000000
R12=0000000000000000 R13=0000000000000000 R14=0000000000000000 R15=0000000000000000
RIP=ffffffff801012ab RFL=00000246 [---Z-P-] CPL=0 II=0 A20=1 SMM=0 HLT=0
ES =0010 0000000000000000 ffffffff 00af9300 DPL=0 DS   [-WA]
CS =0008 0000000000000000 ffffffff 00af9a00 DPL=0 CS64 [-R-]
SS =0010 0000000000000000 ffffffff 00af9300 DPL=0 DS   [-WA]
DS =0010 0000000000000000 ffffffff 00af9300 DPL=0 DS   [-WA]
FS =0018 0000000000000000 ffffffff 00cf9300 DPL=0 DS   [-WA]
GS =0018 0000000000000000 ffffffff 00cf9300 DPL=0 DS   [-WA]
LDT=0000 0000000000000000 0000ffff 00008200 DPL=0 LDT
TR =0018 ffffffff80116ec0 00000067 00008900 DPL=0 TSS64-avl
GDT=     ffffffff80116f30 0000003f
IDT=     ffffffff8011c120 00000fff
CR0=80000011 CR2=0000000000000000 CR3=000000000011e000 CR4=00000020
DR0=0000000000000000 DR1=0000000000000000 DR2=0000000000000000 DR3=0000000000000000 
DR6=00000000ffff0ff0 DR7=0000000000000400
CCS=0000000000000044 CCD=0000000000000000 CCO=EFLAGS
EFER=0000000000000500
Servicing hardware INT=0x20
   276: v=20 e=0000 i=0 cpl=0 IP=0008:ffffffff801012ab pc=ffffffff801012ab SP=0010:ffffffff8011bfb0 env->regs[R_EAX]=0000000000000000
RAX=0000000000000000 RBX=000000000011e000 RCX=0000000000000198 RDX=0000000000000f20
RSI=0000000000000f20 RDI=ffffffff8011bfcb RBP=ffffffff8011bff0 RSP=ffffffff8011bfb0
R8 =0000000000000000 R9 =0000000000000000 R10=0000000000000000 R11=0000000000000000
R12=0000000000000000 R13=0000000000000000 R14=0000000000000000 R15=0000000000000000
RIP=ffffffff801012ab RFL=00000246 [---Z-P-] CPL=0 II=0 A20=1 SMM=0 HLT=0
ES =0010 0000000000000000 ffffffff 00af9300 DPL=0 DS   [-WA]
CS =0008 0000000000000000 ffffffff 00af9a00 DPL=0 CS64 [-R-]
SS =0010 0000000000000000 ffffffff 00af9300 DPL=0 DS   [-WA]
DS =0010 0000000000000000 ffffffff 00af9300 DPL=0 DS   [-WA]
FS =0018 0000000000000000 ffffffff 00cf9300 DPL=0 DS   [-WA]
GS =0018 0000000000000000 ffffffff 00cf9300 DPL=0 DS   [-WA]
LDT=0000 0000000000000000 0000ffff 00008200 DPL=0 LDT
TR =0018 ffffffff80116ec0 00000067 00008900 DPL=0 TSS64-avl
GDT=     ffffffff80116f30 0000003f
IDT=     ffffffff8011c120 00000fff
CR0=80000011 CR2=0000000000000000 CR3=000000000011e000 CR4=00000020
DR0=0000000000000000 DR1=0000000000000000 DR2=0000000000000000 DR3=0000000000000000 
DR6=00000000ffff0ff0 DR7=0000000000000400
CCS=0000000000000044 CCD=0000000000000000 CCO=EFLAGS
EFER=0000000000000500
Servicing hardware INT=0x20
   277: v=20 e=0000 i=0 cpl=0 IP=0008:ffffffff801012ab pc=ffffffff801012ab SP=0010:ffffffff8011bfb0 env->regs[R_EAX]=0000000000000000
RAX=0000000000000000 RBX=000000000011e000 RCX=0000000000000198 RDX=0000000000000f20
RSI=0000000000000f20 RDI=ffffffff8011bfcb RBP=ffffffff8011bff0 RSP=ffffffff8011bfb0
R8 =0000000000000000 R9 =0000000000000000 R10=0000000000000000 R11=0000000000000000
R12=0000000000000000 R13=0000000000000000 R14=0000000000000000 R15=0000000000000000
RIP=ffffffff801012ab RFL=00000246 [---Z-P-] CPL=0 II=0 A20=1 SMM=0 HLT=0
ES =0010 0000000000000000 ffffffff 00af9300 DPL=0 DS   [-WA]
CS =0008 0000000000000000 ffffffff 00af9a00 DPL=0 CS64 [-R-]
SS =0010 0000000000000000 ffffffff 00af9300 DPL=0 DS   [-WA]
DS =0010 0000000000000000 ffffffff 00af9300 DPL=0 DS   [-WA]
FS =0018 0000000000000000 ffffffff 00cf9300 DPL=0 DS   [-WA]
GS =0018 0000000000000000 ffffffff 00cf9300 DPL=0 DS   [-WA]
LDT=0000 0000000000000000 0000ffff 00008200 DPL=0 LDT
TR =0018 ffffffff80116ec0 00000067 00008900 DPL=0 TSS64-avl
GDT=     ffffffff80116f30 0000003f
IDT=     ffffffff8011c120 00000fff
CR0=80000011 CR2=0000000000000000 CR3=000000000011e000 CR4=00000020
DR0=0000000000000000 DR1=0000000000000000 DR2=0000000000000000 DR3=0000000000000000 
DR6=00000000ffff0ff0 DR7=0000000000000400
CCS=0000000000000044 CCD=0000000000000000 CCO=EFLAGS
EFER=0000000000000500
Servicing hardware INT=0x20
   278: v=20 e=0000 i=0 cpl=0 IP=0008:ffffffff801012ab pc=ffffffff801012ab SP=0010:ffffffff8011bfb0 env->regs[R_EAX]=0000000000000000
RAX=0000000000000000 RBX=000000000011e000 RCX=0000000000000198 RDX=0000000000000f20
RSI=0000000000000f20 RDI=ffffffff8011bfcb RBP=ffffffff8011bff0 RSP=ffffffff8011bfb0
R8 =0000000000000000 R9 =0000000000000000 R10=0000000000000000 R11=0000000000000000
R12=0000000000000000 R13=0000000000000000 R14=0000000000000000 R15=0000000000000000
RIP=ffffffff801012ab RFL=00000246 [---Z-P-] CPL=0 II=0 A20=1 SMM=0 HLT=0
ES =0010 0000000000000000 ffffffff 00af9300 DPL=0 DS   [-WA]
CS =0008 0000000000000000 ffffffff 00af9a00 DPL=0 CS64 [-R-]
SS =0010 0000000000000000 ffffffff 00af9300 DPL=0 DS   [-WA]
DS =0010 0000000000000000 ffffffff 00af9300 DPL=0 DS   [-WA]
FS =0018 0000000000000000 ffffffff 00cf9300 DPL=0 DS   [-WA]
GS =0018 0000000000000000 ffffffff 00cf9300 DPL=0 DS   [-WA]
LDT=0000 0000000000000000 0000ffff 00008200 DPL=0 LDT
TR =0018 ffffffff80116ec0 00000067 00008900 DPL=0 TSS64-avl
GDT=     ffffffff80116f30 0000003f
IDT=     ffffffff8011c120 00000fff
CR0=80000011 CR2=0000000000000000 CR3=000000000011e000 CR4=00000020
DR0=0000000000000000 DR1=0000000000000000 DR2=0000000000000000 DR3=0000000000000000 
DR6=00000000ffff0ff0 DR7=0000000000000400
CCS=0000000000000044 CCD=0000000000000000 CCO=EFLAGS
EFER=0000000000000500
Servicing hardware INT=0x20
   279: v=20 e=0000 i=0 cpl=0 IP=0008:ffffffff801012ab pc=ffffffff801012ab SP=0010:ffffffff8011bfb0 env->regs[R_EAX]=0000000000000000
RAX=0000000000000000 RBX=000000000011e000 RCX=0000000000000198 RDX=0000000000000f20
RSI=0000000000000f20 RDI=ffffffff8011bfcb RBP=ffffffff8011bff0 RSP=ffffffff8011bfb0
R8 =0000000000000000 R9 =0000000000000000 R10=0000000000000000 R11=0000000000000000
R12=0000000000000000 R13=0000000000000000 R14=0000000000000000 R15=0000000000000000
RIP=ffffffff801012ab RFL=00000246 [---Z-P-] CPL=0 II=0 A20=1 SMM=0 HLT=0
ES =0010 0000000000000000 ffffffff 00af9300 DPL=0 DS   [-WA]
CS =0008 0000000000000000 ffffffff 00af9a00 DPL=0 CS64 [-R-]
SS =0010 0000000000000000 ffffffff 00af9300 DPL=0 DS   [-WA]
DS =0010 0000000000000000 ffffffff 00af9300 DPL=0 DS   [-WA]
FS =0018 0000000000000000 ffffffff 00cf9300 DPL=0 DS   [-WA]
GS =0018 0000000000000000 ffffffff 00cf9300 DPL=0 DS   [-WA]
LDT=0000 0000000000000000 0000ffff 00008200 DPL=0 LDT
TR =0018 ffffffff80116ec0 00000067 00008900 DPL=0 TSS64-avl
GDT=     ffffffff80116f30 0000003f
IDT=     ffffffff8011c120 00000fff
CR0=80000011 CR2=0000000000000000 CR3=000000000011e000 CR4=00000020
DR0=0000000000000000 DR1=0000000000000000 DR2=0000000000000000 DR3=0000000000000000 
DR6=00000000ffff0ff0 DR7=0000000000000400
CCS=0000000000000044 CCD=0000000000000000 CCO=EFLAGS
EFER=0000000000000500
Servicing hardware INT=0x20
   280: v=20 e=0000 i=0 cpl=0 IP=0008:ffffffff801012ab pc=ffffffff801012ab SP=0010:ffffffff8011bfb0 env->regs[R_EAX]=0000000000000000
RAX=0000000000000000 RBX=000000000011e000 RCX=0000000000000198 RDX=0000000000000f20
RSI=0000000000000f20 RDI=ffffffff8011bfcb RBP=ffffffff8011bff0 RSP=ffffffff8011bfb0
R8 =0000000000000000 R9 =0000000000000000 R10=0000000000000000 R11=0000000000000000
R12=0000000000000000 R13=0000000000000000 R14=0000000000000000 R15=0000000000000000
RIP=ffffffff801012ab RFL=00000246 [---Z-P-] CPL=0 II=0 A20=1 SMM=0 HLT=0
ES =0010 0000000000000000 ffffffff 00af9300 DPL=0 DS   [-WA]
CS =0008 0000000000000000 ffffffff 00af9a00 DPL=0 CS64 [-R-]
SS =0010 0000000000000000 ffffffff 00af9300 DPL=0 DS   [-WA]
DS =0010 0000000000000000 ffffffff 00af9300 DPL=0 DS   [-WA]
FS =0018 0000000000000000 ffffffff 00cf9300 DPL=0 DS   [-WA]
GS =0018 0000000000000000 ffffffff 00cf9300 DPL=0 DS   [-WA]
LDT=0000 0000000000000000 0000ffff 00008200 DPL=0 LDT
TR =0018 ffffffff80116ec0 00000067 00008900 DPL=0 TSS64-avl
GDT=     ffffffff80116f30 0000003f
IDT=     ffffffff8011c120 00000fff
CR0=80000011 CR2=0000000000000000 CR3=000000000011e000 CR4=00000020
DR0=0000000000000000 DR1=0000000000000000 DR2=0000000000000000 DR3=0000000000000000 
DR6=00000000ffff0ff0 DR7=0000000000000400
CCS=0000000000000044 CCD=0000000000000000 CCO=EFLAGS
EFER=0000000000000500
Servicing hardware INT=0x20
   281: v=20 e=0000 i=0 cpl=0 IP=0008:ffffffff801012ab pc=ffffffff801012ab SP=0010:ffffffff8011bfb0 env->regs[R_EAX]=0000000000000000
RAX=0000000000000000 RBX=000000000011e000 RCX=0000000000000198 RDX=0000000000000f20
RSI=0000000000000f20 RDI=ffffffff8011bfcb RBP=ffffffff8011bff0 RSP=ffffffff8011bfb0
R8 =0000000000000000 R9 =0000000000000000 R10=0000000000000000 R11=0000000000000000
R12=0000000000000000 R13=0000000000000000 R14=0000000000000000 R15=0000000000000000
RIP=ffffffff801012ab RFL=00000246 [---Z-P-] CPL=0 II=0 A20=1 SMM=0 HLT=0
ES =0010 0000000000000000 ffffffff 00af9300 DPL=0 DS   [-WA]
CS =0008 0000000000000000 ffffffff 00af9a00 DPL=0 CS64 [-R-]
SS =0010 0000000000000000 ffffffff 00af9300 DPL=0 DS   [-WA]
DS =0010 0000000000000000 ffffffff 00af9300 DPL=0 DS   [-WA]
FS =0018 0000000000000000 ffffffff 00cf9300 DPL=0 DS   [-WA]
GS =0018 0000000000000000 ffffffff 00cf9300 DPL=0 DS   [-WA]
LDT=0000 0000000000000000 0000ffff 00008200 DPL=0 LDT
TR =0018 ffffffff80116ec0 00000067 00008900 DPL=0 TSS64-avl
GDT=     ffffffff80116f30 0000003f
IDT=     ffffffff8011c120 00000fff
CR0=80000011 CR2=0000000000000000 CR3=000000000011e000 CR4=00000020
DR0=0000000000000000 DR1=0000000000000000 DR2=0000000000000000 DR3=0000000000000000 
DR6=00000000ffff0ff0 DR7=0000000000000400
CCS=0000000000000044 CCD=0000000000000000 CCO=EFLAGS
EFER=0000000000000500
Servicing hardware INT=0x20
   282: v=20 e=0000 i=0 cpl=0 IP=0008:ffffffff801012ab pc=ffffffff801012ab SP=0010:ffffffff8011bfb0 env->regs[R_EAX]=0000000000000000
RAX=0000000000000000 RBX=000000000011e000 RCX=0000000000000198 RDX=0000000000000f20
RSI=0000000000000f20 RDI=ffffffff8011bfcb RBP=ffffffff8011bff0 RSP=ffffffff8011bfb0
R8 =0000000000000000 R9 =0000000000000000 R10=0000000000000000 R11=0000000000000000
R12=0000000000000000 R13=0000000000000000 R14=0000000000000000 R15=0000000000000000
RIP=ffffffff801012ab RFL=00000246 [---Z-P-] CPL=0 II=0 A20=1 SMM=0 HLT=0
ES =0010 0000000000000000 ffffffff 00af9300 DPL=0 DS   [-WA]
CS =0008 0000000000000000 ffffffff 00af9a00 DPL=0 CS64 [-R-]
SS =0010 0000000000000000 ffffffff 00af9300 DPL=0 DS   [-WA]
DS =0010 0000000000000000 ffffffff 00af9300 DPL=0 DS   [-WA]
FS =0018 0000000000000000 ffffffff 00cf9300 DPL=0 DS   [-WA]
GS =0018 0000000000000000 ffffffff 00cf9300 DPL=0 DS   [-WA]
LDT=0000 0000000000000000 0000ffff 00008200 DPL=0 LDT
TR =0018 ffffffff80116ec0 00000067 00008900 DPL=0 TSS64-avl
GDT=     ffffffff80116f30 0000003f
IDT=     ffffffff8011c120 00000fff
CR0=80000011 CR2=0000000000000000 CR3=000000000011e000 CR4=00000020
DR0=0000000000000000 DR1=0000000000000000 DR2=0000000000000000 DR3=0000000000000000 
DR6=00000000ffff0ff0 DR7=0000000000000400
CCS=0000000000000044 CCD=0000000000000000 CCO=EFLAGS
EFER=0000000000000500
Servicing hardware INT=0x20
   283: v=20 e=0000 i=0 cpl=0 IP=0008:ffffffff801012ab pc=ffffffff801012ab SP=0010:ffffffff8011bfb0 env->regs[R_EAX]=0000000000000000
RAX=0000000000000000 RBX=000000000011e000 RCX=0000000000000198 RDX=0000000000000f20
RSI=0000000000000f20 RDI=ffffffff8011bfcb RBP=ffffffff8011bff0 RSP=ffffffff8011bfb0
R8 =0000000000000000 R9 =0000000000000000 R10=0000000000000000 R11=0000000000000000
R12=0000000000000000 R13=0000000000000000 R14=0000000000000000 R15=0000000000000000
RIP=ffffffff801012ab RFL=00000246 [---Z-P-] CPL=0 II=0 A20=1 SMM=0 HLT=0
ES =0010 0000000000000000 ffffffff 00af9300 DPL=0 DS   [-WA]
CS =0008 0000000000000000 ffffffff 00af9a00 DPL=0 CS64 [-R-]
SS =0010 0000000000000000 ffffffff 00af9300 DPL=0 DS   [-WA]
DS =0010 0000000000000000 ffffffff 00af9300 DPL=0 DS   [-WA]
FS =0018 0000000000000000 ffffffff 00cf9300 DPL=0 DS   [-WA]
GS =0018 0000000000000000 ffffffff 00cf9300 DPL=0 DS   [-WA]
LDT=0000 0000000000000000 0000ffff 00008200 DPL=0 LDT
TR =0018 ffffffff80116ec0 00000067 00008900 DPL=0 TSS64-avl
GDT=     ffffffff80116f30 0000003f
IDT=     ffffffff8011c120 00000fff
CR0=80000011 CR2=0000000000000000 CR3=000000000011e000 CR4=00000020
DR0=0000000000000000 DR1=0000000000000000 DR2=0000000000000000 DR3=0000000000000000 
DR6=00000000ffff0ff0 DR7=0000000000000400
CCS=0000000000000044 CCD=0000000000000000 CCO=EFLAGS
EFER=0000000000000500
Servicing hardware INT=0x20
   284: v=20 e=0000 i=0 cpl=0 IP=0008:ffffffff801012ab pc=ffffffff801012ab SP=0010:ffffffff8011bfb0 env->regs[R_EAX]=0000000000000000
RAX=0000000000000000 RBX=000000000011e000 RCX=0000000000000198 RDX=0000000000000f20
RSI=0000000000000f20 RDI=ffffffff8011bfcb RBP=ffffffff8011bff0 RSP=ffffffff8011bfb0
R8 =0000000000000000 R9 =0000000000000000 R10=0000000000000000 R11=0000000000000000
R12=0000000000000000 R13=0000000000000000 R14=0000000000000000 R15=0000000000000000
RIP=ffffffff801012ab RFL=00000246 [---Z-P-] CPL=0 II=0 A20=1 SMM=0 HLT=0
ES =0010 0000000000000000 ffffffff 00af9300 DPL=0 DS   [-WA]
CS =0008 0000000000000000 ffffffff 00af9a00 DPL=0 CS64 [-R-]
SS =0010 0000000000000000 ffffffff 00af9300 DPL=0 DS   [-WA]
DS =0010 0000000000000000 ffffffff 00af9300 DPL=0 DS   [-WA]
FS =0018 0000000000000000 ffffffff 00cf9300 DPL=0 DS   [-WA]
GS =0018 0000000000000000 ffffffff 00cf9300 DPL=0 DS   [-WA]
LDT=0000 0000000000000000 0000ffff 00008200 DPL=0 LDT
TR =0018 ffffffff80116ec0 00000067 00008900 DPL=0 TSS64-avl
GDT=     ffffffff80116f30 0000003f
IDT=     ffffffff8011c120 00000fff
CR0=80000011 CR2=0000000000000000 CR3=000000000011e000 CR4=00000020
DR0=0000000000000000 DR1=0000000000000000 DR2=0000000000000000 DR3=0000000000000000 
DR6=00000000ffff0ff0 DR7=0000000000000400
CCS=0000000000000044 CCD=0000000000000000 CCO=EFLAGS
EFER=0000000000000500
Servicing hardware INT=0x20
   285: v=20 e=0000 i=0 cpl=0 IP=0008:ffffffff801012ab pc=ffffffff801012ab SP=0010:ffffffff8011bfb0 env->regs[R_EAX]=0000000000000000
RAX=0000000000000000 RBX=000000000011e000 RCX=0000000000000198 RDX=0000000000000f20
RSI=0000000000000f20 RDI=ffffffff8011bfcb RBP=ffffffff8011bff0 RSP=ffffffff8011bfb0
R8 =0000000000000000 R9 =0000000000000000 R10=0000000000000000 R11=0000000000000000
R12=0000000000000000 R13=0000000000000000 R14=0000000000000000 R15=0000000000000000
RIP=ffffffff801012ab RFL=00000246 [---Z-P-] CPL=0 II=0 A20=1 SMM=0 HLT=0
ES =0010 0000000000000000 ffffffff 00af9300 DPL=0 DS   [-WA]
CS =0008 0000000000000000 ffffffff 00af9a00 DPL=0 CS64 [-R-]
SS =0010 0000000000000000 ffffffff 00af9300 DPL=0 DS   [-WA]
DS =0010 0000000000000000 ffffffff 00af9300 DPL=0 DS   [-WA]
FS =0018 0000000000000000 ffffffff 00cf9300 DPL=0 DS   [-WA]
GS =0018 0000000000000000 ffffffff 00cf9300 DPL=0 DS   [-WA]
LDT=0000 0000000000000000 0000ffff 00008200 DPL=0 LDT
TR =0018 ffffffff80116ec0 00000067 00008900 DPL=0 TSS64-avl
GDT=     ffffffff80116f30 0000003f
IDT=     ffffffff8011c120 00000fff
CR0=80000011 CR2=0000000000000000 CR3=000000000011e000 CR4=00000020
DR0=0000000000000000 DR1=0000000000000000 DR2=0000000000000000 DR3=0000000000000000 
DR6=00000000ffff0ff0 DR7=0000000000000400
CCS=0000000000000044 CCD=0000000000000000 CCO=EFLAGS
EFER=0000000000000500
Servicing hardware INT=0x20
   286: v=20 e=0000 i=0 cpl=0 IP=0008:ffffffff801012ab pc=ffffffff801012ab SP=0010:ffffffff8011bfb0 env->regs[R_EAX]=0000000000000000
RAX=0000000000000000 RBX=000000000011e000 RCX=0000000000000198 RDX=0000000000000f20
RSI=0000000000000f20 RDI=ffffffff8011bfcb RBP=ffffffff8011bff0 RSP=ffffffff8011bfb0
R8 =0000000000000000 R9 =0000000000000000 R10=0000000000000000 R11=0000000000000000
R12=0000000000000000 R13=0000000000000000 R14=0000000000000000 R15=0000000000000000
RIP=ffffffff801012ab RFL=00000246 [---Z-P-] CPL=0 II=0 A20=1 SMM=0 HLT=0
ES =0010 0000000000000000 ffffffff 00af9300 DPL=0 DS   [-WA]
CS =0008 0000000000000000 ffffffff 00af9a00 DPL=0 CS64 [-R-]
SS =0010 0000000000000000 ffffffff 00af9300 DPL=0 DS   [-WA]
DS =0010 0000000000000000 ffffffff 00af9300 DPL=0 DS   [-WA]
FS =0018 0000000000000000 ffffffff 00cf9300 DPL=0 DS   [-WA]
GS =0018 0000000000000000 ffffffff 00cf9300 DPL=0 DS   [-WA]
LDT=0000 0000000000000000 0000ffff 00008200 DPL=0 LDT
TR =0018 ffffffff80116ec0 00000067 00008900 DPL=0 TSS64-avl
GDT=     ffffffff80116f30 0000003f
IDT=     ffffffff8011c120 00000fff
CR0=80000011 CR2=0000000000000000 CR3=000000000011e000 CR4=00000020
DR0=0000000000000000 DR1=0000000000000000 DR2=0000000000000000 DR3=0000000000000000 
DR6=00000000ffff0ff0 DR7=0000000000000400
CCS=0000000000000044 CCD=0000000000000000 CCO=EFLAGS
EFER=0000000000000500
Servicing hardware INT=0x20
   287: v=20 e=0000 i=0 cpl=0 IP=0008:ffffffff801012ab pc=ffffffff801012ab SP=0010:ffffffff8011bfb0 env->regs[R_EAX]=0000000000000000
RAX=0000000000000000 RBX=000000000011e000 RCX=0000000000000198 RDX=0000000000000f20
RSI=0000000000000f20 RDI=ffffffff8011bfcb RBP=ffffffff8011bff0 RSP=ffffffff8011bfb0
R8 =0000000000000000 R9 =0000000000000000 R10=0000000000000000 R11=0000000000000000
R12=0000000000000000 R13=0000000000000000 R14=0000000000000000 R15=0000000000000000
RIP=ffffffff801012ab RFL=00000246 [---Z-P-] CPL=0 II=0 A20=1 SMM=0 HLT=0
ES =0010 0000000000000000 ffffffff 00af9300 DPL=0 DS   [-WA]
CS =0008 0000000000000000 ffffffff 00af9a00 DPL=0 CS64 [-R-]
SS =0010 0000000000000000 ffffffff 00af9300 DPL=0 DS   [-WA]
DS =0010 0000000000000000 ffffffff 00af9300 DPL=0 DS   [-WA]
FS =0018 0000000000000000 ffffffff 00cf9300 DPL=0 DS   [-WA]
GS =0018 0000000000000000 ffffffff 00cf9300 DPL=0 DS   [-WA]
LDT=0000 0000000000000000 0000ffff 00008200 DPL=0 LDT
TR =0018 ffffffff80116ec0 00000067 00008900 DPL=0 TSS64-avl
GDT=     ffffffff80116f30 0000003f
IDT=     ffffffff8011c120 00000fff
CR0=80000011 CR2=0000000000000000 CR3=000000000011e000 CR4=00000020
DR0=0000000000000000 DR1=0000000000000000 DR2=0000000000000000 DR3=0000000000000000 
DR6=00000000ffff0ff0 DR7=0000000000000400
CCS=0000000000000044 CCD=0000000000000000 CCO=EFLAGS
EFER=0000000000000500
Servicing hardware INT=0x20
   288: v=20 e=0000 i=0 cpl=0 IP=0008:ffffffff801012ab pc=ffffffff801012ab SP=0010:ffffffff8011bfb0 env->regs[R_EAX]=0000000000000000
RAX=0000000000000000 RBX=000000000011e000 RCX=0000000000000198 RDX=0000000000000f20
RSI=0000000000000f20 RDI=ffffffff8011bfcb RBP=ffffffff8011bff0 RSP=ffffffff8011bfb0
R8 =0000000000000000 R9 =0000000000000000 R10=0000000000000000 R11=0000000000000000
R12=0000000000000000 R13=0000000000000000 R14=0000000000000000 R15=0000000000000000
RIP=ffffffff801012ab RFL=00000246 [---Z-P-] CPL=0 II=0 A20=1 SMM=0 HLT=0
ES =0010 0000000000000000 ffffffff 00af9300 DPL=0 DS   [-WA]
CS =0008 0000000000000000 ffffffff 00af9a00 DPL=0 CS64 [-R-]
SS =0010 0000000000000000 ffffffff 00af9300 DPL=0 DS   [-WA]
DS =0010 0000000000000000 ffffffff 00af9300 DPL=0 DS   [-WA]
FS =0018 0000000000000000 ffffffff 00cf9300 DPL=0 DS   [-WA]
GS =0018 0000000000000000 ffffffff 00cf9300 DPL=0 DS   [-WA]
LDT=0000 0000000000000000 0000ffff 00008200 DPL=0 LDT
TR =0018 ffffffff80116ec0 00000067 00008900 DPL=0 TSS64-avl
GDT=     ffffffff80116f30 0000003f
IDT=     ffffffff8011c120 00000fff
CR0=80000011 CR2=0000000000000000 CR3=000000000011e000 CR4=00000020
DR0=0000000000000000 DR1=0000000000000000 DR2=0000000000000000 DR3=0000000000000000 
DR6=00000000ffff0ff0 DR7=0000000000000400
CCS=0000000000000044 CCD=0000000000000000 CCO=EFLAGS
EFER=0000000000000500
Servicing hardware INT=0x20
   289: v=20 e=0000 i=0 cpl=0 IP=0008:ffffffff801012ab pc=ffffffff801012ab SP=0010:ffffffff8011bfb0 env->regs[R_EAX]=0000000000000000
RAX=0000000000000000 RBX=000000000011e000 RCX=0000000000000198 RDX=0000000000000f20
RSI=0000000000000f20 RDI=ffffffff8011bfcb RBP=ffffffff8011bff0 RSP=ffffffff8011bfb0
R8 =0000000000000000 R9 =0000000000000000 R10=0000000000000000 R11=0000000000000000
R12=0000000000000000 R13=0000000000000000 R14=0000000000000000 R15=0000000000000000
RIP=ffffffff801012ab RFL=00000246 [---Z-P-] CPL=0 II=0 A20=1 SMM=0 HLT=0
ES =0010 0000000000000000 ffffffff 00af9300 DPL=0 DS   [-WA]
CS =0008 0000000000000000 ffffffff 00af9a00 DPL=0 CS64 [-R-]
SS =0010 0000000000000000 ffffffff 00af9300 DPL=0 DS   [-WA]
DS =0010 0000000000000000 ffffffff 00af9300 DPL=0 DS   [-WA]
FS =0018 0000000000000000 ffffffff 00cf9300 DPL=0 DS   [-WA]
GS =0018 0000000000000000 ffffffff 00cf9300 DPL=0 DS   [-WA]
LDT=0000 0000000000000000 0000ffff 00008200 DPL=0 LDT
TR =0018 ffffffff80116ec0 00000067 00008900 DPL=0 TSS64-avl
GDT=     ffffffff80116f30 0000003f
IDT=     ffffffff8011c120 00000fff
CR0=80000011 CR2=0000000000000000 CR3=000000000011e000 CR4=00000020
DR0=0000000000000000 DR1=0000000000000000 DR2=0000000000000000 DR3=0000000000000000 
DR6=00000000ffff0ff0 DR7=0000000000000400
CCS=0000000000000044 CCD=0000000000000000 CCO=EFLAGS
EFER=0000000000000500
Servicing hardware INT=0x20
   290: v=20 e=0000 i=0 cpl=0 IP=0008:ffffffff801012ab pc=ffffffff801012ab SP=0010:ffffffff8011bfb0 env->regs[R_EAX]=0000000000000000
RAX=0000000000000000 RBX=000000000011e000 RCX=0000000000000198 RDX=0000000000000f20
RSI=0000000000000f20 RDI=ffffffff8011bfcb RBP=ffffffff8011bff0 RSP=ffffffff8011bfb0
R8 =0000000000000000 R9 =0000000000000000 R10=0000000000000000 R11=0000000000000000
R12=0000000000000000 R13=0000000000000000 R14=0000000000000000 R15=0000000000000000
RIP=ffffffff801012ab RFL=00000246 [---Z-P-] CPL=0 II=0 A20=1 SMM=0 HLT=0
ES =0010 0000000000000000 ffffffff 00af9300 DPL=0 DS   [-WA]
CS =0008 0000000000000000 ffffffff 00af9a00 DPL=0 CS64 [-R-]
SS =0010 0000000000000000 ffffffff 00af9300 DPL=0 DS   [-WA]
DS =0010 0000000000000000 ffffffff 00af9300 DPL=0 DS   [-WA]
FS =0018 0000000000000000 ffffffff 00cf9300 DPL=0 DS   [-WA]
GS =0018 0000000000000000 ffffffff 00cf9300 DPL=0 DS   [-WA]
LDT=0000 0000000000000000 0000ffff 00008200 DPL=0 LDT
TR =0018 ffffffff80116ec0 00000067 00008900 DPL=0 TSS64-avl
GDT=     ffffffff80116f30 0000003f
IDT=     ffffffff8011c120 00000fff
CR0=80000011 CR2=0000000000000000 CR3=000000000011e000 CR4=00000020
DR0=0000000000000000 DR1=0000000000000000 DR2=0000000000000000 DR3=0000000000000000 
DR6=00000000ffff0ff0 DR7=0000000000000400
CCS=0000000000000044 CCD=0000000000000000 CCO=EFLAGS
EFER=0000000000000500
Servicing hardware INT=0x20
   291: v=20 e=0000 i=0 cpl=0 IP=0008:ffffffff801012ab pc=ffffffff801012ab SP=0010:ffffffff8011bfb0 env->regs[R_EAX]=0000000000000000
RAX=0000000000000000 RBX=000000000011e000 RCX=0000000000000198 RDX=0000000000000f20
RSI=0000000000000f20 RDI=ffffffff8011bfcb RBP=ffffffff8011bff0 RSP=ffffffff8011bfb0
R8 =0000000000000000 R9 =0000000000000000 R10=0000000000000000 R11=0000000000000000
R12=0000000000000000 R13=0000000000000000 R14=0000000000000000 R15=0000000000000000
RIP=ffffffff801012ab RFL=00000246 [---Z-P-] CPL=0 II=0 A20=1 SMM=0 HLT=0
ES =0010 0000000000000000 ffffffff 00af9300 DPL=0 DS   [-WA]
CS =0008 0000000000000000 ffffffff 00af9a00 DPL=0 CS64 [-R-]
SS =0010 0000000000000000 ffffffff 00af9300 DPL=0 DS   [-WA]
DS =0010 0000000000000000 ffffffff 00af9300 DPL=0 DS   [-WA]
FS =0018 0000000000000000 ffffffff 00cf9300 DPL=0 DS   [-WA]
GS =0018 0000000000000000 ffffffff 00cf9300 DPL=0 DS   [-WA]
LDT=0000 0000000000000000 0000ffff 00008200 DPL=0 LDT
TR =0018 ffffffff80116ec0 00000067 00008900 DPL=0 TSS64-avl
GDT=     ffffffff80116f30 0000003f
IDT=     ffffffff8011c120 00000fff
CR0=80000011 CR2=0000000000000000 CR3=000000000011e000 CR4=00000020
DR0=0000000000000000 DR1=0000000000000000 DR2=0000000000000000 DR3=0000000000000000 
DR6=00000000ffff0ff0 DR7=0000000000000400
CCS=0000000000000044 CCD=0000000000000000 CCO=EFLAGS
EFER=0000000000000500
Servicing hardware INT=0x20
   292: v=20 e=0000 i=0 cpl=0 IP=0008:ffffffff801012ab pc=ffffffff801012ab SP=0010:ffffffff8011bfb0 env->regs[R_EAX]=0000000000000000
RAX=0000000000000000 RBX=000000000011e000 RCX=0000000000000198 RDX=0000000000000f20
RSI=0000000000000f20 RDI=ffffffff8011bfcb RBP=ffffffff8011bff0 RSP=ffffffff8011bfb0
R8 =0000000000000000 R9 =0000000000000000 R10=0000000000000000 R11=0000000000000000
R12=0000000000000000 R13=0000000000000000 R14=0000000000000000 R15=0000000000000000
RIP=ffffffff801012ab RFL=00000246 [---Z-P-] CPL=0 II=0 A20=1 SMM=0 HLT=0
ES =0010 0000000000000000 ffffffff 00af9300 DPL=0 DS   [-WA]
CS =0008 0000000000000000 ffffffff 00af9a00 DPL=0 CS64 [-R-]
SS =0010 0000000000000000 ffffffff 00af9300 DPL=0 DS   [-WA]
DS =0010 0000000000000000 ffffffff 00af9300 DPL=0 DS   [-WA]
FS =0018 0000000000000000 ffffffff 00cf9300 DPL=0 DS   [-WA]
GS =0018 0000000000000000 ffffffff 00cf9300 DPL=0 DS   [-WA]
LDT=0000 0000000000000000 0000ffff 00008200 DPL=0 LDT
TR =0018 ffffffff80116ec0 00000067 00008900 DPL=0 TSS64-avl
GDT=     ffffffff80116f30 0000003f
IDT=     ffffffff8011c120 00000fff
CR0=80000011 CR2=0000000000000000 CR3=000000000011e000 CR4=00000020
DR0=0000000000000000 DR1=0000000000000000 DR2=0000000000000000 DR3=0000000000000000 
DR6=00000000ffff0ff0 DR7=0000000000000400
CCS=0000000000000044 CCD=0000000000000000 CCO=EFLAGS
EFER=0000000000000500
Servicing hardware INT=0x20
   293: v=20 e=0000 i=0 cpl=0 IP=0008:ffffffff801012ab pc=ffffffff801012ab SP=0010:ffffffff8011bfb0 env->regs[R_EAX]=0000000000000000
RAX=0000000000000000 RBX=000000000011e000 RCX=0000000000000198 RDX=0000000000000f20
RSI=0000000000000f20 RDI=ffffffff8011bfcb RBP=ffffffff8011bff0 RSP=ffffffff8011bfb0
R8 =0000000000000000 R9 =0000000000000000 R10=0000000000000000 R11=0000000000000000
R12=0000000000000000 R13=0000000000000000 R14=0000000000000000 R15=0000000000000000
RIP=ffffffff801012ab RFL=00000246 [---Z-P-] CPL=0 II=0 A20=1 SMM=0 HLT=0
ES =0010 0000000000000000 ffffffff 00af9300 DPL=0 DS   [-WA]
CS =0008 0000000000000000 ffffffff 00af9a00 DPL=0 CS64 [-R-]
SS =0010 0000000000000000 ffffffff 00af9300 DPL=0 DS   [-WA]
DS =0010 0000000000000000 ffffffff 00af9300 DPL=0 DS   [-WA]
FS =0018 0000000000000000 ffffffff 00cf9300 DPL=0 DS   [-WA]
GS =0018 0000000000000000 ffffffff 00cf9300 DPL=0 DS   [-WA]
LDT=0000 0000000000000000 0000ffff 00008200 DPL=0 LDT
TR =0018 ffffffff80116ec0 00000067 00008900 DPL=0 TSS64-avl
GDT=     ffffffff80116f30 0000003f
IDT=     ffffffff8011c120 00000fff
CR0=80000011 CR2=0000000000000000 CR3=000000000011e000 CR4=00000020
DR0=0000000000000000 DR1=0000000000000000 DR2=0000000000000000 DR3=0000000000000000 
DR6=00000000ffff0ff0 DR7=0000000000000400
CCS=0000000000000044 CCD=0000000000000000 CCO=EFLAGS
EFER=0000000000000500
Servicing hardware INT=0x20
   294: v=20 e=0000 i=0 cpl=0 IP=0008:ffffffff801012ab pc=ffffffff801012ab SP=0010:ffffffff8011bfb0 env->regs[R_EAX]=0000000000000000
RAX=0000000000000000 RBX=000000000011e000 RCX=0000000000000198 RDX=0000000000000f20
RSI=0000000000000f20 RDI=ffffffff8011bfcb RBP=ffffffff8011bff0 RSP=ffffffff8011bfb0
R8 =0000000000000000 R9 =0000000000000000 R10=0000000000000000 R11=0000000000000000
R12=0000000000000000 R13=0000000000000000 R14=0000000000000000 R15=0000000000000000
RIP=ffffffff801012ab RFL=00000246 [---Z-P-] CPL=0 II=0 A20=1 SMM=0 HLT=0
ES =0010 0000000000000000 ffffffff 00af9300 DPL=0 DS   [-WA]
CS =0008 0000000000000000 ffffffff 00af9a00 DPL=0 CS64 [-R-]
SS =0010 0000000000000000 ffffffff 00af9300 DPL=0 DS   [-WA]
DS =0010 0000000000000000 ffffffff 00af9300 DPL=0 DS   [-WA]
FS =0018 0000000000000000 ffffffff 00cf9300 DPL=0 DS   [-WA]
GS =0018 0000000000000000 ffffffff 00cf9300 DPL=0 DS   [-WA]
LDT=0000 0000000000000000 0000ffff 00008200 DPL=0 LDT
TR =0018 ffffffff80116ec0 00000067 00008900 DPL=0 TSS64-avl
GDT=     ffffffff80116f30 0000003f
IDT=     ffffffff8011c120 00000fff
CR0=80000011 CR2=0000000000000000 CR3=000000000011e000 CR4=00000020
DR0=0000000000000000 DR1=0000000000000000 DR2=0000000000000000 DR3=0000000000000000 
DR6=00000000ffff0ff0 DR7=0000000000000400
CCS=0000000000000044 CCD=0000000000000000 CCO=EFLAGS
EFER=0000000000000500
Servicing hardware INT=0x20
   295: v=20 e=0000 i=0 cpl=0 IP=0008:ffffffff801012ab pc=ffffffff801012ab SP=0010:ffffffff8011bfb0 env->regs[R_EAX]=0000000000000000
RAX=0000000000000000 RBX=000000000011e000 RCX=0000000000000198 RDX=0000000000000f20
RSI=0000000000000f20 RDI=ffffffff8011bfcb RBP=ffffffff8011bff0 RSP=ffffffff8011bfb0
R8 =0000000000000000 R9 =0000000000000000 R10=0000000000000000 R11=0000000000000000
R12=0000000000000000 R13=0000000000000000 R14=0000000000000000 R15=0000000000000000
RIP=ffffffff801012ab RFL=00000246 [---Z-P-] CPL=0 II=0 A20=1 SMM=0 HLT=0
ES =0010 0000000000000000 ffffffff 00af9300 DPL=0 DS   [-WA]
CS =0008 0000000000000000 ffffffff 00af9a00 DPL=0 CS64 [-R-]
SS =0010 0000000000000000 ffffffff 00af9300 DPL=0 DS   [-WA]
DS =0010 0000000000000000 ffffffff 00af9300 DPL=0 DS   [-WA]
FS =0018 0000000000000000 ffffffff 00cf9300 DPL=0 DS   [-WA]
GS =0018 0000000000000000 ffffffff 00cf9300 DPL=0 DS   [-WA]
LDT=0000 0000000000000000 0000ffff 00008200 DPL=0 LDT
TR =0018 ffffffff80116ec0 00000067 00008900 DPL=0 TSS64-avl
GDT=     ffffffff80116f30 0000003f
IDT=     ffffffff8011c120 00000fff
CR0=80000011 CR2=0000000000000000 CR3=000000000011e000 CR4=00000020
DR0=0000000000000000 DR1=0000000000000000 DR2=0000000000000000 DR3=0000000000000000 
DR6=00000000ffff0ff0 DR7=0000000000000400
CCS=0000000000000044 CCD=0000000000000000 CCO=EFLAGS
EFER=0000000000000500
Servicing hardware INT=0x20
   296: v=20 e=0000 i=0 cpl=0 IP=0008:ffffffff801012ab pc=ffffffff801012ab SP=0010:ffffffff8011bfb0 env->regs[R_EAX]=0000000000000000
RAX=0000000000000000 RBX=000000000011e000 RCX=0000000000000198 RDX=0000000000000f20
RSI=0000000000000f20 RDI=ffffffff8011bfcb RBP=ffffffff8011bff0 RSP=ffffffff8011bfb0
R8 =0000000000000000 R9 =0000000000000000 R10=0000000000000000 R11=0000000000000000
R12=0000000000000000 R13=0000000000000000 R14=0000000000000000 R15=0000000000000000
RIP=ffffffff801012ab RFL=00000246 [---Z-P-] CPL=0 II=0 A20=1 SMM=0 HLT=0
ES =0010 0000000000000000 ffffffff 00af9300 DPL=0 DS   [-WA]
CS =0008 0000000000000000 ffffffff 00af9a00 DPL=0 CS64 [-R-]
SS =0010 0000000000000000 ffffffff 00af9300 DPL=0 DS   [-WA]
DS =0010 0000000000000000 ffffffff 00af9300 DPL=0 DS   [-WA]
FS =0018 0000000000000000 ffffffff 00cf9300 DPL=0 DS   [-WA]
GS =0018 0000000000000000 ffffffff 00cf9300 DPL=0 DS   [-WA]
LDT=0000 0000000000000000 0000ffff 00008200 DPL=0 LDT
TR =0018 ffffffff80116ec0 00000067 00008900 DPL=0 TSS64-avl
GDT=     ffffffff80116f30 0000003f
IDT=     ffffffff8011c120 00000fff
CR0=80000011 CR2=0000000000000000 CR3=000000000011e000 CR4=00000020
DR0=0000000000000000 DR1=0000000000000000 DR2=0000000000000000 DR3=0000000000000000 
DR6=00000000ffff0ff0 DR7=0000000000000400
CCS=0000000000000044 CCD=0000000000000000 CCO=EFLAGS
EFER=0000000000000500
Servicing hardware INT=0x20
   297: v=20 e=0000 i=0 cpl=0 IP=0008:ffffffff801012ab pc=ffffffff801012ab SP=0010:ffffffff8011bfb0 env->regs[R_EAX]=0000000000000000
RAX=0000000000000000 RBX=000000000011e000 RCX=0000000000000198 RDX=0000000000000f20
RSI=0000000000000f20 RDI=ffffffff8011bfcb RBP=ffffffff8011bff0 RSP=ffffffff8011bfb0
R8 =0000000000000000 R9 =0000000000000000 R10=0000000000000000 R11=0000000000000000
R12=0000000000000000 R13=0000000000000000 R14=0000000000000000 R15=0000000000000000
RIP=ffffffff801012ab RFL=00000246 [---Z-P-] CPL=0 II=0 A20=1 SMM=0 HLT=0
ES =0010 0000000000000000 ffffffff 00af9300 DPL=0 DS   [-WA]
CS =0008 0000000000000000 ffffffff 00af9a00 DPL=0 CS64 [-R-]
SS =0010 0000000000000000 ffffffff 00af9300 DPL=0 DS   [-WA]
DS =0010 0000000000000000 ffffffff 00af9300 DPL=0 DS   [-WA]
FS =0018 0000000000000000 ffffffff 00cf9300 DPL=0 DS   [-WA]
GS =0018 0000000000000000 ffffffff 00cf9300 DPL=0 DS   [-WA]
LDT=0000 0000000000000000 0000ffff 00008200 DPL=0 LDT
TR =0018 ffffffff80116ec0 00000067 00008900 DPL=0 TSS64-avl
GDT=     ffffffff80116f30 0000003f
IDT=     ffffffff8011c120 00000fff
CR0=80000011 CR2=0000000000000000 CR3=000000000011e000 CR4=00000020
DR0=0000000000000000 DR1=0000000000000000 DR2=0000000000000000 DR3=0000000000000000 
DR6=00000000ffff0ff0 DR7=0000000000000400
CCS=0000000000000044 CCD=0000000000000000 CCO=EFLAGS
EFER=0000000000000500
Servicing hardware INT=0x20
   298: v=20 e=0000 i=0 cpl=0 IP=0008:ffffffff801012ab pc=ffffffff801012ab SP=0010:ffffffff8011bfb0 env->regs[R_EAX]=0000000000000000
RAX=0000000000000000 RBX=000000000011e000 RCX=0000000000000198 RDX=0000000000000f20
RSI=0000000000000f20 RDI=ffffffff8011bfcb RBP=ffffffff8011bff0 RSP=ffffffff8011bfb0
R8 =0000000000000000 R9 =0000000000000000 R10=0000000000000000 R11=0000000000000000
R12=0000000000000000 R13=0000000000000000 R14=0000000000000000 R15=0000000000000000
RIP=ffffffff801012ab RFL=00000246 [---Z-P-] CPL=0 II=0 A20=1 SMM=0 HLT=0
ES =0010 0000000000000000 ffffffff 00af9300 DPL=0 DS   [-WA]
CS =0008 0000000000000000 ffffffff 00af9a00 DPL=0 CS64 [-R-]
SS =0010 0000000000000000 ffffffff 00af9300 DPL=0 DS   [-WA]
DS =0010 0000000000000000 ffffffff 00af9300 DPL=0 DS   [-WA]
FS =0018 0000000000000000 ffffffff 00cf9300 DPL=0 DS   [-WA]
GS =0018 0000000000000000 ffffffff 00cf9300 DPL=0 DS   [-WA]
LDT=0000 0000000000000000 0000ffff 00008200 DPL=0 LDT
TR =0018 ffffffff80116ec0 00000067 00008900 DPL=0 TSS64-avl
GDT=     ffffffff80116f30 0000003f
IDT=     ffffffff8011c120 00000fff
CR0=80000011 CR2=0000000000000000 CR3=000000000011e000 CR4=00000020
DR0=0000000000000000 DR1=0000000000000000 DR2=0000000000000000 DR3=0000000000000000 
DR6=00000000ffff0ff0 DR7=0000000000000400
CCS=0000000000000044 CCD=0000000000000000 CCO=EFLAGS
EFER=0000000000000500
Servicing hardware INT=0x20
   299: v=20 e=0000 i=0 cpl=0 IP=0008:ffffffff801012ab pc=ffffffff801012ab SP=0010:ffffffff8011bfb0 env->regs[R_EAX]=0000000000000000
RAX=0000000000000000 RBX=000000000011e000 RCX=0000000000000198 RDX=0000000000000f20
RSI=0000000000000f20 RDI=ffffffff8011bfcb RBP=ffffffff8011bff0 RSP=ffffffff8011bfb0
R8 =0000000000000000 R9 =0000000000000000 R10=0000000000000000 R11=0000000000000000
R12=0000000000000000 R13=0000000000000000 R14=0000000000000000 R15=0000000000000000
RIP=ffffffff801012ab RFL=00000246 [---Z-P-] CPL=0 II=0 A20=1 SMM=0 HLT=0
ES =0010 0000000000000000 ffffffff 00af9300 DPL=0 DS   [-WA]
CS =0008 0000000000000000 ffffffff 00af9a00 DPL=0 CS64 [-R-]
SS =0010 0000000000000000 ffffffff 00af9300 DPL=0 DS   [-WA]
DS =0010 0000000000000000 ffffffff 00af9300 DPL=0 DS   [-WA]
FS =0018 0000000000000000 ffffffff 00cf9300 DPL=0 DS   [-WA]
GS =0018 0000000000000000 ffffffff 00cf9300 DPL=0 DS   [-WA]
LDT=0000 0000000000000000 0000ffff 00008200 DPL=0 LDT
TR =0018 ffffffff80116ec0 00000067 00008900 DPL=0 TSS64-avl
GDT=     ffffffff80116f30 0000003f
IDT=     ffffffff8011c120 00000fff
CR0=80000011 CR2=0000000000000000 CR3=000000000011e000 CR4=00000020
DR0=0000000000000000 DR1=0000000000000000 DR2=0000000000000000 DR3=0000000000000000 
DR6=00000000ffff0ff0 DR7=0000000000000400
CCS=0000000000000044 CCD=0000000000000000 CCO=EFLAGS
EFER=0000000000000500
Servicing hardware INT=0x20
   300: v=20 e=0000 i=0 cpl=0 IP=0008:ffffffff801012ab pc=ffffffff801012ab SP=0010:ffffffff8011bfb0 env->regs[R_EAX]=0000000000000000
RAX=0000000000000000 RBX=000000000011e000 RCX=0000000000000198 RDX=0000000000000f20
RSI=0000000000000f20 RDI=ffffffff8011bfcb RBP=ffffffff8011bff0 RSP=ffffffff8011bfb0
R8 =0000000000000000 R9 =0000000000000000 R10=0000000000000000 R11=0000000000000000
R12=0000000000000000 R13=0000000000000000 R14=0000000000000000 R15=0000000000000000
RIP=ffffffff801012ab RFL=00000246 [---Z-P-] CPL=0 II=0 A20=1 SMM=0 HLT=0
ES =0010 0000000000000000 ffffffff 00af9300 DPL=0 DS   [-WA]
CS =0008 0000000000000000 ffffffff 00af9a00 DPL=0 CS64 [-R-]
SS =0010 0000000000000000 ffffffff 00af9300 DPL=0 DS   [-WA]
DS =0010 0000000000000000 ffffffff 00af9300 DPL=0 DS   [-WA]
FS =0018 0000000000000000 ffffffff 00cf9300 DPL=0 DS   [-WA]
GS =0018 0000000000000000 ffffffff 00cf9300 DPL=0 DS   [-WA]
LDT=0000 0000000000000000 0000ffff 00008200 DPL=0 LDT
TR =0018 ffffffff80116ec0 00000067 00008900 DPL=0 TSS64-avl
GDT=     ffffffff80116f30 0000003f
IDT=     ffffffff8011c120 00000fff
CR0=80000011 CR2=0000000000000000 CR3=000000000011e000 CR4=00000020
DR0=0000000000000000 DR1=0000000000000000 DR2=0000000000000000 DR3=0000000000000000 
DR6=00000000ffff0ff0 DR7=0000000000000400
CCS=0000000000000044 CCD=0000000000000000 CCO=EFLAGS
EFER=0000000000000500
Servicing hardware INT=0x20
   301: v=20 e=0000 i=0 cpl=0 IP=0008:ffffffff801012ab pc=ffffffff801012ab SP=0010:ffffffff8011bfb0 env->regs[R_EAX]=0000000000000000
RAX=0000000000000000 RBX=000000000011e000 RCX=0000000000000198 RDX=0000000000000f20
RSI=0000000000000f20 RDI=ffffffff8011bfcb RBP=ffffffff8011bff0 RSP=ffffffff8011bfb0
R8 =0000000000000000 R9 =0000000000000000 R10=0000000000000000 R11=0000000000000000
R12=0000000000000000 R13=0000000000000000 R14=0000000000000000 R15=0000000000000000
RIP=ffffffff801012ab RFL=00000246 [---Z-P-] CPL=0 II=0 A20=1 SMM=0 HLT=0
ES =0010 0000000000000000 ffffffff 00af9300 DPL=0 DS   [-WA]
CS =0008 0000000000000000 ffffffff 00af9a00 DPL=0 CS64 [-R-]
SS =0010 0000000000000000 ffffffff 00af9300 DPL=0 DS   [-WA]
DS =0010 0000000000000000 ffffffff 00af9300 DPL=0 DS   [-WA]
FS =0018 0000000000000000 ffffffff 00cf9300 DPL=0 DS   [-WA]
GS =0018 0000000000000000 ffffffff 00cf9300 DPL=0 DS   [-WA]
LDT=0000 0000000000000000 0000ffff 00008200 DPL=0 LDT
TR =0018 ffffffff80116ec0 00000067 00008900 DPL=0 TSS64-avl
GDT=     ffffffff80116f30 0000003f
IDT=     ffffffff8011c120 00000fff
CR0=80000011 CR2=0000000000000000 CR3=000000000011e000 CR4=00000020
DR0=0000000000000000 DR1=0000000000000000 DR2=0000000000000000 DR3=0000000000000000 
DR6=00000000ffff0ff0 DR7=0000000000000400
CCS=0000000000000044 CCD=0000000000000000 CCO=EFLAGS
EFER=0000000000000500
Servicing hardware INT=0x20
   302: v=20 e=0000 i=0 cpl=0 IP=0008:ffffffff801012ab pc=ffffffff801012ab SP=0010:ffffffff8011bfb0 env->regs[R_EAX]=0000000000000000
RAX=0000000000000000 RBX=000000000011e000 RCX=0000000000000198 RDX=0000000000000f20
RSI=0000000000000f20 RDI=ffffffff8011bfcb RBP=ffffffff8011bff0 RSP=ffffffff8011bfb0
R8 =0000000000000000 R9 =0000000000000000 R10=0000000000000000 R11=0000000000000000
R12=0000000000000000 R13=0000000000000000 R14=0000000000000000 R15=0000000000000000
RIP=ffffffff801012ab RFL=00000246 [---Z-P-] CPL=0 II=0 A20=1 SMM=0 HLT=0
ES =0010 0000000000000000 ffffffff 00af9300 DPL=0 DS   [-WA]
CS =0008 0000000000000000 ffffffff 00af9a00 DPL=0 CS64 [-R-]
SS =0010 0000000000000000 ffffffff 00af9300 DPL=0 DS   [-WA]
DS =0010 0000000000000000 ffffffff 00af9300 DPL=0 DS   [-WA]
FS =0018 0000000000000000 ffffffff 00cf9300 DPL=0 DS   [-WA]
GS =0018 0000000000000000 ffffffff 00cf9300 DPL=0 DS   [-WA]
LDT=0000 0000000000000000 0000ffff 00008200 DPL=0 LDT
TR =0018 ffffffff80116ec0 00000067 00008900 DPL=0 TSS64-avl
GDT=     ffffffff80116f30 0000003f
IDT=     ffffffff8011c120 00000fff
CR0=80000011 CR2=0000000000000000 CR3=000000000011e000 CR4=00000020
DR0=0000000000000000 DR1=0000000000000000 DR2=0000000000000000 DR3=0000000000000000 
DR6=00000000ffff0ff0 DR7=0000000000000400
CCS=0000000000000044 CCD=0000000000000000 CCO=EFLAGS
EFER=0000000000000500
Servicing hardware INT=0x20
   303: v=20 e=0000 i=0 cpl=0 IP=0008:ffffffff801012ab pc=ffffffff801012ab SP=0010:ffffffff8011bfb0 env->regs[R_EAX]=0000000000000000
RAX=0000000000000000 RBX=000000000011e000 RCX=0000000000000198 RDX=0000000000000f20
RSI=0000000000000f20 RDI=ffffffff8011bfcb RBP=ffffffff8011bff0 RSP=ffffffff8011bfb0
R8 =0000000000000000 R9 =0000000000000000 R10=0000000000000000 R11=0000000000000000
R12=0000000000000000 R13=0000000000000000 R14=0000000000000000 R15=0000000000000000
RIP=ffffffff801012ab RFL=00000246 [---Z-P-] CPL=0 II=0 A20=1 SMM=0 HLT=0
ES =0010 0000000000000000 ffffffff 00af9300 DPL=0 DS   [-WA]
CS =0008 0000000000000000 ffffffff 00af9a00 DPL=0 CS64 [-R-]
SS =0010 0000000000000000 ffffffff 00af9300 DPL=0 DS   [-WA]
DS =0010 0000000000000000 ffffffff 00af9300 DPL=0 DS   [-WA]
FS =0018 0000000000000000 ffffffff 00cf9300 DPL=0 DS   [-WA]
GS =0018 0000000000000000 ffffffff 00cf9300 DPL=0 DS   [-WA]
LDT=0000 0000000000000000 0000ffff 00008200 DPL=0 LDT
TR =0018 ffffffff80116ec0 00000067 00008900 DPL=0 TSS64-avl
GDT=     ffffffff80116f30 0000003f
IDT=     ffffffff8011c120 00000fff
CR0=80000011 CR2=0000000000000000 CR3=000000000011e000 CR4=00000020
DR0=0000000000000000 DR1=0000000000000000 DR2=0000000000000000 DR3=0000000000000000 
DR6=00000000ffff0ff0 DR7=0000000000000400
CCS=0000000000000044 CCD=0000000000000000 CCO=EFLAGS
EFER=0000000000000500
Servicing hardware INT=0x20
   304: v=20 e=0000 i=0 cpl=0 IP=0008:ffffffff801012ab pc=ffffffff801012ab SP=0010:ffffffff8011bfb0 env->regs[R_EAX]=0000000000000000
RAX=0000000000000000 RBX=000000000011e000 RCX=0000000000000198 RDX=0000000000000f20
RSI=0000000000000f20 RDI=ffffffff8011bfcb RBP=ffffffff8011bff0 RSP=ffffffff8011bfb0
R8 =0000000000000000 R9 =0000000000000000 R10=0000000000000000 R11=0000000000000000
R12=0000000000000000 R13=0000000000000000 R14=0000000000000000 R15=0000000000000000
RIP=ffffffff801012ab RFL=00000246 [---Z-P-] CPL=0 II=0 A20=1 SMM=0 HLT=0
ES =0010 0000000000000000 ffffffff 00af9300 DPL=0 DS   [-WA]
CS =0008 0000000000000000 ffffffff 00af9a00 DPL=0 CS64 [-R-]
SS =0010 0000000000000000 ffffffff 00af9300 DPL=0 DS   [-WA]
DS =0010 0000000000000000 ffffffff 00af9300 DPL=0 DS   [-WA]
FS =0018 0000000000000000 ffffffff 00cf9300 DPL=0 DS   [-WA]
GS =0018 0000000000000000 ffffffff 00cf9300 DPL=0 DS   [-WA]
LDT=0000 0000000000000000 0000ffff 00008200 DPL=0 LDT
TR =0018 ffffffff80116ec0 00000067 00008900 DPL=0 TSS64-avl
GDT=     ffffffff80116f30 0000003f
IDT=     ffffffff8011c120 00000fff
CR0=80000011 CR2=0000000000000000 CR3=000000000011e000 CR4=00000020
DR0=0000000000000000 DR1=0000000000000000 DR2=0000000000000000 DR3=0000000000000000 
DR6=00000000ffff0ff0 DR7=0000000000000400
CCS=0000000000000044 CCD=0000000000000000 CCO=EFLAGS
EFER=0000000000000500
Servicing hardware INT=0x20
   305: v=20 e=0000 i=0 cpl=0 IP=0008:ffffffff801012ab pc=ffffffff801012ab SP=0010:ffffffff8011bfb0 env->regs[R_EAX]=0000000000000000
RAX=0000000000000000 RBX=000000000011e000 RCX=0000000000000198 RDX=0000000000000f20
RSI=0000000000000f20 RDI=ffffffff8011bfcb RBP=ffffffff8011bff0 RSP=ffffffff8011bfb0
R8 =0000000000000000 R9 =0000000000000000 R10=0000000000000000 R11=0000000000000000
R12=0000000000000000 R13=0000000000000000 R14=0000000000000000 R15=0000000000000000
RIP=ffffffff801012ab RFL=00000246 [---Z-P-] CPL=0 II=0 A20=1 SMM=0 HLT=0
ES =0010 0000000000000000 ffffffff 00af9300 DPL=0 DS   [-WA]
CS =0008 0000000000000000 ffffffff 00af9a00 DPL=0 CS64 [-R-]
SS =0010 0000000000000000 ffffffff 00af9300 DPL=0 DS   [-WA]
DS =0010 0000000000000000 ffffffff 00af9300 DPL=0 DS   [-WA]
FS =0018 0000000000000000 ffffffff 00cf9300 DPL=0 DS   [-WA]
GS =0018 0000000000000000 ffffffff 00cf9300 DPL=0 DS   [-WA]
LDT=0000 0000000000000000 0000ffff 00008200 DPL=0 LDT
TR =0018 ffffffff80116ec0 00000067 00008900 DPL=0 TSS64-avl
GDT=     ffffffff80116f30 0000003f
IDT=     ffffffff8011c120 00000fff
CR0=80000011 CR2=0000000000000000 CR3=000000000011e000 CR4=00000020
DR0=0000000000000000 DR1=0000000000000000 DR2=0000000000000000 DR3=0000000000000000 
DR6=00000000ffff0ff0 DR7=0000000000000400
CCS=0000000000000044 CCD=0000000000000000 CCO=EFLAGS
EFER=0000000000000500
Servicing hardware INT=0x20
   306: v=20 e=0000 i=0 cpl=0 IP=0008:ffffffff801012ab pc=ffffffff801012ab SP=0010:ffffffff8011bfb0 env->regs[R_EAX]=0000000000000000
RAX=0000000000000000 RBX=000000000011e000 RCX=0000000000000198 RDX=0000000000000f20
RSI=0000000000000f20 RDI=ffffffff8011bfcb RBP=ffffffff8011bff0 RSP=ffffffff8011bfb0
R8 =0000000000000000 R9 =0000000000000000 R10=0000000000000000 R11=0000000000000000
R12=0000000000000000 R13=0000000000000000 R14=0000000000000000 R15=0000000000000000
RIP=ffffffff801012ab RFL=00000246 [---Z-P-] CPL=0 II=0 A20=1 SMM=0 HLT=0
ES =0010 0000000000000000 ffffffff 00af9300 DPL=0 DS   [-WA]
CS =0008 0000000000000000 ffffffff 00af9a00 DPL=0 CS64 [-R-]
SS =0010 0000000000000000 ffffffff 00af9300 DPL=0 DS   [-WA]
DS =0010 0000000000000000 ffffffff 00af9300 DPL=0 DS   [-WA]
FS =0018 0000000000000000 ffffffff 00cf9300 DPL=0 DS   [-WA]
GS =0018 0000000000000000 ffffffff 00cf9300 DPL=0 DS   [-WA]
LDT=0000 0000000000000000 0000ffff 00008200 DPL=0 LDT
TR =0018 ffffffff80116ec0 00000067 00008900 DPL=0 TSS64-avl
GDT=     ffffffff80116f30 0000003f
IDT=     ffffffff8011c120 00000fff
CR0=80000011 CR2=0000000000000000 CR3=000000000011e000 CR4=00000020
DR0=0000000000000000 DR1=0000000000000000 DR2=0000000000000000 DR3=0000000000000000 
DR6=00000000ffff0ff0 DR7=0000000000000400
CCS=0000000000000044 CCD=0000000000000000 CCO=EFLAGS
EFER=0000000000000500
Servicing hardware INT=0x20
   307: v=20 e=0000 i=0 cpl=0 IP=0008:ffffffff801012ab pc=ffffffff801012ab SP=0010:ffffffff8011bfb0 env->regs[R_EAX]=0000000000000000
RAX=0000000000000000 RBX=000000000011e000 RCX=0000000000000198 RDX=0000000000000f20
RSI=0000000000000f20 RDI=ffffffff8011bfcb RBP=ffffffff8011bff0 RSP=ffffffff8011bfb0
R8 =0000000000000000 R9 =0000000000000000 R10=0000000000000000 R11=0000000000000000
R12=0000000000000000 R13=0000000000000000 R14=0000000000000000 R15=0000000000000000
RIP=ffffffff801012ab RFL=00000246 [---Z-P-] CPL=0 II=0 A20=1 SMM=0 HLT=0
ES =0010 0000000000000000 ffffffff 00af9300 DPL=0 DS   [-WA]
CS =0008 0000000000000000 ffffffff 00af9a00 DPL=0 CS64 [-R-]
SS =0010 0000000000000000 ffffffff 00af9300 DPL=0 DS   [-WA]
DS =0010 0000000000000000 ffffffff 00af9300 DPL=0 DS   [-WA]
FS =0018 0000000000000000 ffffffff 00cf9300 DPL=0 DS   [-WA]
GS =0018 0000000000000000 ffffffff 00cf9300 DPL=0 DS   [-WA]
LDT=0000 0000000000000000 0000ffff 00008200 DPL=0 LDT
TR =0018 ffffffff80116ec0 00000067 00008900 DPL=0 TSS64-avl
GDT=     ffffffff80116f30 0000003f
IDT=     ffffffff8011c120 00000fff
CR0=80000011 CR2=0000000000000000 CR3=000000000011e000 CR4=00000020
DR0=0000000000000000 DR1=0000000000000000 DR2=0000000000000000 DR3=0000000000000000 
DR6=00000000ffff0ff0 DR7=0000000000000400
CCS=0000000000000044 CCD=0000000000000000 CCO=EFLAGS
EFER=0000000000000500
Servicing hardware INT=0x20
   308: v=20 e=0000 i=0 cpl=0 IP=0008:ffffffff801012ab pc=ffffffff801012ab SP=0010:ffffffff8011bfb0 env->regs[R_EAX]=0000000000000000
RAX=0000000000000000 RBX=000000000011e000 RCX=0000000000000198 RDX=0000000000000f20
RSI=0000000000000f20 RDI=ffffffff8011bfcb RBP=ffffffff8011bff0 RSP=ffffffff8011bfb0
R8 =0000000000000000 R9 =0000000000000000 R10=0000000000000000 R11=0000000000000000
R12=0000000000000000 R13=0000000000000000 R14=0000000000000000 R15=0000000000000000
RIP=ffffffff801012ab RFL=00000246 [---Z-P-] CPL=0 II=0 A20=1 SMM=0 HLT=0
ES =0010 0000000000000000 ffffffff 00af9300 DPL=0 DS   [-WA]
CS =0008 0000000000000000 ffffffff 00af9a00 DPL=0 CS64 [-R-]
SS =0010 0000000000000000 ffffffff 00af9300 DPL=0 DS   [-WA]
DS =0010 0000000000000000 ffffffff 00af9300 DPL=0 DS   [-WA]
FS =0018 0000000000000000 ffffffff 00cf9300 DPL=0 DS   [-WA]
GS =0018 0000000000000000 ffffffff 00cf9300 DPL=0 DS   [-WA]
LDT=0000 0000000000000000 0000ffff 00008200 DPL=0 LDT
TR =0018 ffffffff80116ec0 00000067 00008900 DPL=0 TSS64-avl
GDT=     ffffffff80116f30 0000003f
IDT=     ffffffff8011c120 00000fff
CR0=80000011 CR2=0000000000000000 CR3=000000000011e000 CR4=00000020
DR0=0000000000000000 DR1=0000000000000000 DR2=0000000000000000 DR3=0000000000000000 
DR6=00000000ffff0ff0 DR7=0000000000000400
CCS=0000000000000044 CCD=0000000000000000 CCO=EFLAGS
EFER=0000000000000500
Servicing hardware INT=0x20
   309: v=20 e=0000 i=0 cpl=0 IP=0008:ffffffff801012ab pc=ffffffff801012ab SP=0010:ffffffff8011bfb0 env->regs[R_EAX]=0000000000000000
RAX=0000000000000000 RBX=000000000011e000 RCX=0000000000000198 RDX=0000000000000f20
RSI=0000000000000f20 RDI=ffffffff8011bfcb RBP=ffffffff8011bff0 RSP=ffffffff8011bfb0
R8 =0000000000000000 R9 =0000000000000000 R10=0000000000000000 R11=0000000000000000
R12=0000000000000000 R13=0000000000000000 R14=0000000000000000 R15=0000000000000000
RIP=ffffffff801012ab RFL=00000246 [---Z-P-] CPL=0 II=0 A20=1 SMM=0 HLT=0
ES =0010 0000000000000000 ffffffff 00af9300 DPL=0 DS   [-WA]
CS =0008 0000000000000000 ffffffff 00af9a00 DPL=0 CS64 [-R-]
SS =0010 0000000000000000 ffffffff 00af9300 DPL=0 DS   [-WA]
DS =0010 0000000000000000 ffffffff 00af9300 DPL=0 DS   [-WA]
FS =0018 0000000000000000 ffffffff 00cf9300 DPL=0 DS   [-WA]
GS =0018 0000000000000000 ffffffff 00cf9300 DPL=0 DS   [-WA]
LDT=0000 0000000000000000 0000ffff 00008200 DPL=0 LDT
TR =0018 ffffffff80116ec0 00000067 00008900 DPL=0 TSS64-avl
GDT=     ffffffff80116f30 0000003f
IDT=     ffffffff8011c120 00000fff
CR0=80000011 CR2=0000000000000000 CR3=000000000011e000 CR4=00000020
DR0=0000000000000000 DR1=0000000000000000 DR2=0000000000000000 DR3=0000000000000000 
DR6=00000000ffff0ff0 DR7=0000000000000400
CCS=0000000000000044 CCD=0000000000000000 CCO=EFLAGS
EFER=0000000000000500
Servicing hardware INT=0x20
   310: v=20 e=0000 i=0 cpl=0 IP=0008:ffffffff801012ab pc=ffffffff801012ab SP=0010:ffffffff8011bfb0 env->regs[R_EAX]=0000000000000000
RAX=0000000000000000 RBX=000000000011e000 RCX=0000000000000198 RDX=0000000000000f20
RSI=0000000000000f20 RDI=ffffffff8011bfcb RBP=ffffffff8011bff0 RSP=ffffffff8011bfb0
R8 =0000000000000000 R9 =0000000000000000 R10=0000000000000000 R11=0000000000000000
R12=0000000000000000 R13=0000000000000000 R14=0000000000000000 R15=0000000000000000
RIP=ffffffff801012ab RFL=00000246 [---Z-P-] CPL=0 II=0 A20=1 SMM=0 HLT=0
ES =0010 0000000000000000 ffffffff 00af9300 DPL=0 DS   [-WA]
CS =0008 0000000000000000 ffffffff 00af9a00 DPL=0 CS64 [-R-]
SS =0010 0000000000000000 ffffffff 00af9300 DPL=0 DS   [-WA]
DS =0010 0000000000000000 ffffffff 00af9300 DPL=0 DS   [-WA]
FS =0018 0000000000000000 ffffffff 00cf9300 DPL=0 DS   [-WA]
GS =0018 0000000000000000 ffffffff 00cf9300 DPL=0 DS   [-WA]
LDT=0000 0000000000000000 0000ffff 00008200 DPL=0 LDT
TR =0018 ffffffff80116ec0 00000067 00008900 DPL=0 TSS64-avl
GDT=     ffffffff80116f30 0000003f
IDT=     ffffffff8011c120 00000fff
CR0=80000011 CR2=0000000000000000 CR3=000000000011e000 CR4=00000020
DR0=0000000000000000 DR1=0000000000000000 DR2=0000000000000000 DR3=0000000000000000 
DR6=00000000ffff0ff0 DR7=0000000000000400
CCS=0000000000000044 CCD=0000000000000000 CCO=EFLAGS
EFER=0000000000000500
Servicing hardware INT=0x20
   311: v=20 e=0000 i=0 cpl=0 IP=0008:ffffffff801012ab pc=ffffffff801012ab SP=0010:ffffffff8011bfb0 env->regs[R_EAX]=0000000000000000
RAX=0000000000000000 RBX=000000000011e000 RCX=0000000000000198 RDX=0000000000000f20
RSI=0000000000000f20 RDI=ffffffff8011bfcb RBP=ffffffff8011bff0 RSP=ffffffff8011bfb0
R8 =0000000000000000 R9 =0000000000000000 R10=0000000000000000 R11=0000000000000000
R12=0000000000000000 R13=0000000000000000 R14=0000000000000000 R15=0000000000000000
RIP=ffffffff801012ab RFL=00000246 [---Z-P-] CPL=0 II=0 A20=1 SMM=0 HLT=0
ES =0010 0000000000000000 ffffffff 00af9300 DPL=0 DS   [-WA]
CS =0008 0000000000000000 ffffffff 00af9a00 DPL=0 CS64 [-R-]
SS =0010 0000000000000000 ffffffff 00af9300 DPL=0 DS   [-WA]
DS =0010 0000000000000000 ffffffff 00af9300 DPL=0 DS   [-WA]
FS =0018 0000000000000000 ffffffff 00cf9300 DPL=0 DS   [-WA]
GS =0018 0000000000000000 ffffffff 00cf9300 DPL=0 DS   [-WA]
LDT=0000 0000000000000000 0000ffff 00008200 DPL=0 LDT
TR =0018 ffffffff80116ec0 00000067 00008900 DPL=0 TSS64-avl
GDT=     ffffffff80116f30 0000003f
IDT=     ffffffff8011c120 00000fff
CR0=80000011 CR2=0000000000000000 CR3=000000000011e000 CR4=00000020
DR0=0000000000000000 DR1=0000000000000000 DR2=0000000000000000 DR3=0000000000000000 
DR6=00000000ffff0ff0 DR7=0000000000000400
CCS=0000000000000044 CCD=0000000000000000 CCO=EFLAGS
EFER=0000000000000500
Servicing hardware INT=0x20
   312: v=20 e=0000 i=0 cpl=0 IP=0008:ffffffff801012ab pc=ffffffff801012ab SP=0010:ffffffff8011bfb0 env->regs[R_EAX]=0000000000000000
RAX=0000000000000000 RBX=000000000011e000 RCX=0000000000000198 RDX=0000000000000f20
RSI=0000000000000f20 RDI=ffffffff8011bfcb RBP=ffffffff8011bff0 RSP=ffffffff8011bfb0
R8 =0000000000000000 R9 =0000000000000000 R10=0000000000000000 R11=0000000000000000
R12=0000000000000000 R13=0000000000000000 R14=0000000000000000 R15=0000000000000000
RIP=ffffffff801012ab RFL=00000246 [---Z-P-] CPL=0 II=0 A20=1 SMM=0 HLT=0
ES =0010 0000000000000000 ffffffff 00af9300 DPL=0 DS   [-WA]
CS =0008 0000000000000000 ffffffff 00af9a00 DPL=0 CS64 [-R-]
SS =0010 0000000000000000 ffffffff 00af9300 DPL=0 DS   [-WA]
DS =0010 0000000000000000 ffffffff 00af9300 DPL=0 DS   [-WA]
FS =0018 0000000000000000 ffffffff 00cf9300 DPL=0 DS   [-WA]
GS =0018 0000000000000000 ffffffff 00cf9300 DPL=0 DS   [-WA]
LDT=0000 0000000000000000 0000ffff 00008200 DPL=0 LDT
TR =0018 ffffffff80116ec0 00000067 00008900 DPL=0 TSS64-avl
GDT=     ffffffff80116f30 0000003f
IDT=     ffffffff8011c120 00000fff
CR0=80000011 CR2=0000000000000000 CR3=000000000011e000 CR4=00000020
DR0=0000000000000000 DR1=0000000000000000 DR2=0000000000000000 DR3=0000000000000000 
DR6=00000000ffff0ff0 DR7=0000000000000400
CCS=0000000000000044 CCD=0000000000000000 CCO=EFLAGS
EFER=0000000000000500
Servicing hardware INT=0x20
   313: v=20 e=0000 i=0 cpl=0 IP=0008:ffffffff801012ab pc=ffffffff801012ab SP=0010:ffffffff8011bfb0 env->regs[R_EAX]=0000000000000000
RAX=0000000000000000 RBX=000000000011e000 RCX=0000000000000198 RDX=0000000000000f20
RSI=0000000000000f20 RDI=ffffffff8011bfcb RBP=ffffffff8011bff0 RSP=ffffffff8011bfb0
R8 =0000000000000000 R9 =0000000000000000 R10=0000000000000000 R11=0000000000000000
R12=0000000000000000 R13=0000000000000000 R14=0000000000000000 R15=0000000000000000
RIP=ffffffff801012ab RFL=00000246 [---Z-P-] CPL=0 II=0 A20=1 SMM=0 HLT=0
ES =0010 0000000000000000 ffffffff 00af9300 DPL=0 DS   [-WA]
CS =0008 0000000000000000 ffffffff 00af9a00 DPL=0 CS64 [-R-]
SS =0010 0000000000000000 ffffffff 00af9300 DPL=0 DS   [-WA]
DS =0010 0000000000000000 ffffffff 00af9300 DPL=0 DS   [-WA]
FS =0018 0000000000000000 ffffffff 00cf9300 DPL=0 DS   [-WA]
GS =0018 0000000000000000 ffffffff 00cf9300 DPL=0 DS   [-WA]
LDT=0000 0000000000000000 0000ffff 00008200 DPL=0 LDT
TR =0018 ffffffff80116ec0 00000067 00008900 DPL=0 TSS64-avl
GDT=     ffffffff80116f30 0000003f
IDT=     ffffffff8011c120 00000fff
CR0=80000011 CR2=0000000000000000 CR3=000000000011e000 CR4=00000020
DR0=0000000000000000 DR1=0000000000000000 DR2=0000000000000000 DR3=0000000000000000 
DR6=00000000ffff0ff0 DR7=0000000000000400
CCS=0000000000000044 CCD=0000000000000000 CCO=EFLAGS
EFER=0000000000000500
Servicing hardware INT=0x20
   314: v=20 e=0000 i=0 cpl=0 IP=0008:ffffffff801012ab pc=ffffffff801012ab SP=0010:ffffffff8011bfb0 env->regs[R_EAX]=0000000000000000
RAX=0000000000000000 RBX=000000000011e000 RCX=0000000000000198 RDX=0000000000000f20
RSI=0000000000000f20 RDI=ffffffff8011bfcb RBP=ffffffff8011bff0 RSP=ffffffff8011bfb0
R8 =0000000000000000 R9 =0000000000000000 R10=0000000000000000 R11=0000000000000000
R12=0000000000000000 R13=0000000000000000 R14=0000000000000000 R15=0000000000000000
RIP=ffffffff801012ab RFL=00000246 [---Z-P-] CPL=0 II=0 A20=1 SMM=0 HLT=0
ES =0010 0000000000000000 ffffffff 00af9300 DPL=0 DS   [-WA]
CS =0008 0000000000000000 ffffffff 00af9a00 DPL=0 CS64 [-R-]
SS =0010 0000000000000000 ffffffff 00af9300 DPL=0 DS   [-WA]
DS =0010 0000000000000000 ffffffff 00af9300 DPL=0 DS   [-WA]
FS =0018 0000000000000000 ffffffff 00cf9300 DPL=0 DS   [-WA]
GS =0018 0000000000000000 ffffffff 00cf9300 DPL=0 DS   [-WA]
LDT=0000 0000000000000000 0000ffff 00008200 DPL=0 LDT
TR =0018 ffffffff80116ec0 00000067 00008900 DPL=0 TSS64-avl
GDT=     ffffffff80116f30 0000003f
IDT=     ffffffff8011c120 00000fff
CR0=80000011 CR2=0000000000000000 CR3=000000000011e000 CR4=00000020
DR0=0000000000000000 DR1=0000000000000000 DR2=0000000000000000 DR3=0000000000000000 
DR6=00000000ffff0ff0 DR7=0000000000000400
CCS=0000000000000044 CCD=0000000000000000 CCO=EFLAGS
EFER=0000000000000500
Servicing hardware INT=0x20
   315: v=20 e=0000 i=0 cpl=0 IP=0008:ffffffff801012ab pc=ffffffff801012ab SP=0010:ffffffff8011bfb0 env->regs[R_EAX]=0000000000000000
RAX=0000000000000000 RBX=000000000011e000 RCX=0000000000000198 RDX=0000000000000f20
RSI=0000000000000f20 RDI=ffffffff8011bfcb RBP=ffffffff8011bff0 RSP=ffffffff8011bfb0
R8 =0000000000000000 R9 =0000000000000000 R10=0000000000000000 R11=0000000000000000
R12=0000000000000000 R13=0000000000000000 R14=0000000000000000 R15=0000000000000000
RIP=ffffffff801012ab RFL=00000246 [---Z-P-] CPL=0 II=0 A20=1 SMM=0 HLT=0
ES =0010 0000000000000000 ffffffff 00af9300 DPL=0 DS   [-WA]
CS =0008 0000000000000000 ffffffff 00af9a00 DPL=0 CS64 [-R-]
SS =0010 0000000000000000 ffffffff 00af9300 DPL=0 DS   [-WA]
DS =0010 0000000000000000 ffffffff 00af9300 DPL=0 DS   [-WA]
FS =0018 0000000000000000 ffffffff 00cf9300 DPL=0 DS   [-WA]
GS =0018 0000000000000000 ffffffff 00cf9300 DPL=0 DS   [-WA]
LDT=0000 0000000000000000 0000ffff 00008200 DPL=0 LDT
TR =0018 ffffffff80116ec0 00000067 00008900 DPL=0 TSS64-avl
GDT=     ffffffff80116f30 0000003f
IDT=     ffffffff8011c120 00000fff
CR0=80000011 CR2=0000000000000000 CR3=000000000011e000 CR4=00000020
DR0=0000000000000000 DR1=0000000000000000 DR2=0000000000000000 DR3=0000000000000000 
DR6=00000000ffff0ff0 DR7=0000000000000400
CCS=0000000000000044 CCD=0000000000000000 CCO=EFLAGS
EFER=0000000000000500
Servicing hardware INT=0x20
   316: v=20 e=0000 i=0 cpl=0 IP=0008:ffffffff801012ab pc=ffffffff801012ab SP=0010:ffffffff8011bfb0 env->regs[R_EAX]=0000000000000000
RAX=0000000000000000 RBX=000000000011e000 RCX=0000000000000198 RDX=0000000000000f20
RSI=0000000000000f20 RDI=ffffffff8011bfcb RBP=ffffffff8011bff0 RSP=ffffffff8011bfb0
R8 =0000000000000000 R9 =0000000000000000 R10=0000000000000000 R11=0000000000000000
R12=0000000000000000 R13=0000000000000000 R14=0000000000000000 R15=0000000000000000
RIP=ffffffff801012ab RFL=00000246 [---Z-P-] CPL=0 II=0 A20=1 SMM=0 HLT=0
ES =0010 0000000000000000 ffffffff 00af9300 DPL=0 DS   [-WA]
CS =0008 0000000000000000 ffffffff 00af9a00 DPL=0 CS64 [-R-]
SS =0010 0000000000000000 ffffffff 00af9300 DPL=0 DS   [-WA]
DS =0010 0000000000000000 ffffffff 00af9300 DPL=0 DS   [-WA]
FS =0018 0000000000000000 ffffffff 00cf9300 DPL=0 DS   [-WA]
GS =0018 0000000000000000 ffffffff 00cf9300 DPL=0 DS   [-WA]
LDT=0000 0000000000000000 0000ffff 00008200 DPL=0 LDT
TR =0018 ffffffff80116ec0 00000067 00008900 DPL=0 TSS64-avl
GDT=     ffffffff80116f30 0000003f
IDT=     ffffffff8011c120 00000fff
CR0=80000011 CR2=0000000000000000 CR3=000000000011e000 CR4=00000020
DR0=0000000000000000 DR1=0000000000000000 DR2=0000000000000000 DR3=0000000000000000 
DR6=00000000ffff0ff0 DR7=0000000000000400
CCS=0000000000000044 CCD=0000000000000000 CCO=EFLAGS
EFER=0000000000000500
Servicing hardware INT=0x20
   317: v=20 e=0000 i=0 cpl=0 IP=0008:ffffffff801012ab pc=ffffffff801012ab SP=0010:ffffffff8011bfb0 env->regs[R_EAX]=0000000000000000
RAX=0000000000000000 RBX=000000000011e000 RCX=0000000000000198 RDX=0000000000000f20
RSI=0000000000000f20 RDI=ffffffff8011bfcb RBP=ffffffff8011bff0 RSP=ffffffff8011bfb0
R8 =0000000000000000 R9 =0000000000000000 R10=0000000000000000 R11=0000000000000000
R12=0000000000000000 R13=0000000000000000 R14=0000000000000000 R15=0000000000000000
RIP=ffffffff801012ab RFL=00000246 [---Z-P-] CPL=0 II=0 A20=1 SMM=0 HLT=0
ES =0010 0000000000000000 ffffffff 00af9300 DPL=0 DS   [-WA]
CS =0008 0000000000000000 ffffffff 00af9a00 DPL=0 CS64 [-R-]
SS =0010 0000000000000000 ffffffff 00af9300 DPL=0 DS   [-WA]
DS =0010 0000000000000000 ffffffff 00af9300 DPL=0 DS   [-WA]
FS =0018 0000000000000000 ffffffff 00cf9300 DPL=0 DS   [-WA]
GS =0018 0000000000000000 ffffffff 00cf9300 DPL=0 DS   [-WA]
LDT=0000 0000000000000000 0000ffff 00008200 DPL=0 LDT
TR =0018 ffffffff80116ec0 00000067 00008900 DPL=0 TSS64-avl
GDT=     ffffffff80116f30 0000003f
IDT=     ffffffff8011c120 00000fff
CR0=80000011 CR2=0000000000000000 CR3=000000000011e000 CR4=00000020
DR0=0000000000000000 DR1=0000000000000000 DR2=0000000000000000 DR3=0000000000000000 
DR6=00000000ffff0ff0 DR7=0000000000000400
CCS=0000000000000044 CCD=0000000000000000 CCO=EFLAGS
EFER=0000000000000500
Servicing hardware INT=0x20
   318: v=20 e=0000 i=0 cpl=0 IP=0008:ffffffff801012ab pc=ffffffff801012ab SP=0010:ffffffff8011bfb0 env->regs[R_EAX]=0000000000000000
RAX=0000000000000000 RBX=000000000011e000 RCX=0000000000000198 RDX=0000000000000f20
RSI=0000000000000f20 RDI=ffffffff8011bfcb RBP=ffffffff8011bff0 RSP=ffffffff8011bfb0
R8 =0000000000000000 R9 =0000000000000000 R10=0000000000000000 R11=0000000000000000
R12=0000000000000000 R13=0000000000000000 R14=0000000000000000 R15=0000000000000000
RIP=ffffffff801012ab RFL=00000246 [---Z-P-] CPL=0 II=0 A20=1 SMM=0 HLT=0
ES =0010 0000000000000000 ffffffff 00af9300 DPL=0 DS   [-WA]
CS =0008 0000000000000000 ffffffff 00af9a00 DPL=0 CS64 [-R-]
SS =0010 0000000000000000 ffffffff 00af9300 DPL=0 DS   [-WA]
DS =0010 0000000000000000 ffffffff 00af9300 DPL=0 DS   [-WA]
FS =0018 0000000000000000 ffffffff 00cf9300 DPL=0 DS   [-WA]
GS =0018 0000000000000000 ffffffff 00cf9300 DPL=0 DS   [-WA]
LDT=0000 0000000000000000 0000ffff 00008200 DPL=0 LDT
TR =0018 ffffffff80116ec0 00000067 00008900 DPL=0 TSS64-avl
GDT=     ffffffff80116f30 0000003f
IDT=     ffffffff8011c120 00000fff
CR0=80000011 CR2=0000000000000000 CR3=000000000011e000 CR4=00000020
DR0=0000000000000000 DR1=0000000000000000 DR2=0000000000000000 DR3=0000000000000000 
DR6=00000000ffff0ff0 DR7=0000000000000400
CCS=0000000000000044 CCD=0000000000000000 CCO=EFLAGS
EFER=0000000000000500
Servicing hardware INT=0x20
   319: v=20 e=0000 i=0 cpl=0 IP=0008:ffffffff801012ab pc=ffffffff801012ab SP=0010:ffffffff8011bfb0 env->regs[R_EAX]=0000000000000000
RAX=0000000000000000 RBX=000000000011e000 RCX=0000000000000198 RDX=0000000000000f20
RSI=0000000000000f20 RDI=ffffffff8011bfcb RBP=ffffffff8011bff0 RSP=ffffffff8011bfb0
R8 =0000000000000000 R9 =0000000000000000 R10=0000000000000000 R11=0000000000000000
R12=0000000000000000 R13=0000000000000000 R14=0000000000000000 R15=0000000000000000
RIP=ffffffff801012ab RFL=00000246 [---Z-P-] CPL=0 II=0 A20=1 SMM=0 HLT=0
ES =0010 0000000000000000 ffffffff 00af9300 DPL=0 DS   [-WA]
CS =0008 0000000000000000 ffffffff 00af9a00 DPL=0 CS64 [-R-]
SS =0010 0000000000000000 ffffffff 00af9300 DPL=0 DS   [-WA]
DS =0010 0000000000000000 ffffffff 00af9300 DPL=0 DS   [-WA]
FS =0018 0000000000000000 ffffffff 00cf9300 DPL=0 DS   [-WA]
GS =0018 0000000000000000 ffffffff 00cf9300 DPL=0 DS   [-WA]
LDT=0000 0000000000000000 0000ffff 00008200 DPL=0 LDT
TR =0018 ffffffff80116ec0 00000067 00008900 DPL=0 TSS64-avl
GDT=     ffffffff80116f30 0000003f
IDT=     ffffffff8011c120 00000fff
CR0=80000011 CR2=0000000000000000 CR3=000000000011e000 CR4=00000020
DR0=0000000000000000 DR1=0000000000000000 DR2=0000000000000000 DR3=0000000000000000 
DR6=00000000ffff0ff0 DR7=0000000000000400
CCS=0000000000000044 CCD=0000000000000000 CCO=EFLAGS
EFER=0000000000000500
Servicing hardware INT=0x20
   320: v=20 e=0000 i=0 cpl=0 IP=0008:ffffffff801012ab pc=ffffffff801012ab SP=0010:ffffffff8011bfb0 env->regs[R_EAX]=0000000000000000
RAX=0000000000000000 RBX=000000000011e000 RCX=0000000000000198 RDX=0000000000000f20
RSI=0000000000000f20 RDI=ffffffff8011bfcb RBP=ffffffff8011bff0 RSP=ffffffff8011bfb0
R8 =0000000000000000 R9 =0000000000000000 R10=0000000000000000 R11=0000000000000000
R12=0000000000000000 R13=0000000000000000 R14=0000000000000000 R15=0000000000000000
RIP=ffffffff801012ab RFL=00000246 [---Z-P-] CPL=0 II=0 A20=1 SMM=0 HLT=0
ES =0010 0000000000000000 ffffffff 00af9300 DPL=0 DS   [-WA]
CS =0008 0000000000000000 ffffffff 00af9a00 DPL=0 CS64 [-R-]
SS =0010 0000000000000000 ffffffff 00af9300 DPL=0 DS   [-WA]
DS =0010 0000000000000000 ffffffff 00af9300 DPL=0 DS   [-WA]
FS =0018 0000000000000000 ffffffff 00cf9300 DPL=0 DS   [-WA]
GS =0018 0000000000000000 ffffffff 00cf9300 DPL=0 DS   [-WA]
LDT=0000 0000000000000000 0000ffff 00008200 DPL=0 LDT
TR =0018 ffffffff80116ec0 00000067 00008900 DPL=0 TSS64-avl
GDT=     ffffffff80116f30 0000003f
IDT=     ffffffff8011c120 00000fff
CR0=80000011 CR2=0000000000000000 CR3=000000000011e000 CR4=00000020
DR0=0000000000000000 DR1=0000000000000000 DR2=0000000000000000 DR3=0000000000000000 
DR6=00000000ffff0ff0 DR7=0000000000000400
CCS=0000000000000044 CCD=0000000000000000 CCO=EFLAGS
EFER=0000000000000500
Servicing hardware INT=0x20
   321: v=20 e=0000 i=0 cpl=0 IP=0008:ffffffff801012ab pc=ffffffff801012ab SP=0010:ffffffff8011bfb0 env->regs[R_EAX]=0000000000000000
RAX=0000000000000000 RBX=000000000011e000 RCX=0000000000000198 RDX=0000000000000f20
RSI=0000000000000f20 RDI=ffffffff8011bfcb RBP=ffffffff8011bff0 RSP=ffffffff8011bfb0
R8 =0000000000000000 R9 =0000000000000000 R10=0000000000000000 R11=0000000000000000
R12=0000000000000000 R13=0000000000000000 R14=0000000000000000 R15=0000000000000000
RIP=ffffffff801012ab RFL=00000246 [---Z-P-] CPL=0 II=0 A20=1 SMM=0 HLT=0
ES =0010 0000000000000000 ffffffff 00af9300 DPL=0 DS   [-WA]
CS =0008 0000000000000000 ffffffff 00af9a00 DPL=0 CS64 [-R-]
SS =0010 0000000000000000 ffffffff 00af9300 DPL=0 DS   [-WA]
DS =0010 0000000000000000 ffffffff 00af9300 DPL=0 DS   [-WA]
FS =0018 0000000000000000 ffffffff 00cf9300 DPL=0 DS   [-WA]
GS =0018 0000000000000000 ffffffff 00cf9300 DPL=0 DS   [-WA]
LDT=0000 0000000000000000 0000ffff 00008200 DPL=0 LDT
TR =0018 ffffffff80116ec0 00000067 00008900 DPL=0 TSS64-avl
GDT=     ffffffff80116f30 0000003f
IDT=     ffffffff8011c120 00000fff
CR0=80000011 CR2=0000000000000000 CR3=000000000011e000 CR4=00000020
DR0=0000000000000000 DR1=0000000000000000 DR2=0000000000000000 DR3=0000000000000000 
DR6=00000000ffff0ff0 DR7=0000000000000400
CCS=0000000000000044 CCD=0000000000000000 CCO=EFLAGS
EFER=0000000000000500
Servicing hardware INT=0x20
   322: v=20 e=0000 i=0 cpl=0 IP=0008:ffffffff801012ab pc=ffffffff801012ab SP=0010:ffffffff8011bfb0 env->regs[R_EAX]=0000000000000000
RAX=0000000000000000 RBX=000000000011e000 RCX=0000000000000198 RDX=0000000000000f20
RSI=0000000000000f20 RDI=ffffffff8011bfcb RBP=ffffffff8011bff0 RSP=ffffffff8011bfb0
R8 =0000000000000000 R9 =0000000000000000 R10=0000000000000000 R11=0000000000000000
R12=0000000000000000 R13=0000000000000000 R14=0000000000000000 R15=0000000000000000
RIP=ffffffff801012ab RFL=00000246 [---Z-P-] CPL=0 II=0 A20=1 SMM=0 HLT=0
ES =0010 0000000000000000 ffffffff 00af9300 DPL=0 DS   [-WA]
CS =0008 0000000000000000 ffffffff 00af9a00 DPL=0 CS64 [-R-]
SS =0010 0000000000000000 ffffffff 00af9300 DPL=0 DS   [-WA]
DS =0010 0000000000000000 ffffffff 00af9300 DPL=0 DS   [-WA]
FS =0018 0000000000000000 ffffffff 00cf9300 DPL=0 DS   [-WA]
GS =0018 0000000000000000 ffffffff 00cf9300 DPL=0 DS   [-WA]
LDT=0000 0000000000000000 0000ffff 00008200 DPL=0 LDT
TR =0018 ffffffff80116ec0 00000067 00008900 DPL=0 TSS64-avl
GDT=     ffffffff80116f30 0000003f
IDT=     ffffffff8011c120 00000fff
CR0=80000011 CR2=0000000000000000 CR3=000000000011e000 CR4=00000020
DR0=0000000000000000 DR1=0000000000000000 DR2=0000000000000000 DR3=0000000000000000 
DR6=00000000ffff0ff0 DR7=0000000000000400
CCS=0000000000000044 CCD=0000000000000000 CCO=EFLAGS
EFER=0000000000000500
Servicing hardware INT=0x20
   323: v=20 e=0000 i=0 cpl=0 IP=0008:ffffffff801012ab pc=ffffffff801012ab SP=0010:ffffffff8011bfb0 env->regs[R_EAX]=0000000000000000
RAX=0000000000000000 RBX=000000000011e000 RCX=0000000000000198 RDX=0000000000000f20
RSI=0000000000000f20 RDI=ffffffff8011bfcb RBP=ffffffff8011bff0 RSP=ffffffff8011bfb0
R8 =0000000000000000 R9 =0000000000000000 R10=0000000000000000 R11=0000000000000000
R12=0000000000000000 R13=0000000000000000 R14=0000000000000000 R15=0000000000000000
RIP=ffffffff801012ab RFL=00000246 [---Z-P-] CPL=0 II=0 A20=1 SMM=0 HLT=0
ES =0010 0000000000000000 ffffffff 00af9300 DPL=0 DS   [-WA]
CS =0008 0000000000000000 ffffffff 00af9a00 DPL=0 CS64 [-R-]
SS =0010 0000000000000000 ffffffff 00af9300 DPL=0 DS   [-WA]
DS =0010 0000000000000000 ffffffff 00af9300 DPL=0 DS   [-WA]
FS =0018 0000000000000000 ffffffff 00cf9300 DPL=0 DS   [-WA]
GS =0018 0000000000000000 ffffffff 00cf9300 DPL=0 DS   [-WA]
LDT=0000 0000000000000000 0000ffff 00008200 DPL=0 LDT
TR =0018 ffffffff80116ec0 00000067 00008900 DPL=0 TSS64-avl
GDT=     ffffffff80116f30 0000003f
IDT=     ffffffff8011c120 00000fff
CR0=80000011 CR2=0000000000000000 CR3=000000000011e000 CR4=00000020
DR0=0000000000000000 DR1=0000000000000000 DR2=0000000000000000 DR3=0000000000000000 
DR6=00000000ffff0ff0 DR7=0000000000000400
CCS=0000000000000044 CCD=0000000000000000 CCO=EFLAGS
EFER=0000000000000500
Servicing hardware INT=0x20
   324: v=20 e=0000 i=0 cpl=0 IP=0008:ffffffff801012ab pc=ffffffff801012ab SP=0010:ffffffff8011bfb0 env->regs[R_EAX]=0000000000000000
RAX=0000000000000000 RBX=000000000011e000 RCX=0000000000000198 RDX=0000000000000f20
RSI=0000000000000f20 RDI=ffffffff8011bfcb RBP=ffffffff8011bff0 RSP=ffffffff8011bfb0
R8 =0000000000000000 R9 =0000000000000000 R10=0000000000000000 R11=0000000000000000
R12=0000000000000000 R13=0000000000000000 R14=0000000000000000 R15=0000000000000000
RIP=ffffffff801012ab RFL=00000246 [---Z-P-] CPL=0 II=0 A20=1 SMM=0 HLT=0
ES =0010 0000000000000000 ffffffff 00af9300 DPL=0 DS   [-WA]
CS =0008 0000000000000000 ffffffff 00af9a00 DPL=0 CS64 [-R-]
SS =0010 0000000000000000 ffffffff 00af9300 DPL=0 DS   [-WA]
DS =0010 0000000000000000 ffffffff 00af9300 DPL=0 DS   [-WA]
FS =0018 0000000000000000 ffffffff 00cf9300 DPL=0 DS   [-WA]
GS =0018 0000000000000000 ffffffff 00cf9300 DPL=0 DS   [-WA]
LDT=0000 0000000000000000 0000ffff 00008200 DPL=0 LDT
TR =0018 ffffffff80116ec0 00000067 00008900 DPL=0 TSS64-avl
GDT=     ffffffff80116f30 0000003f
IDT=     ffffffff8011c120 00000fff
CR0=80000011 CR2=0000000000000000 CR3=000000000011e000 CR4=00000020
DR0=0000000000000000 DR1=0000000000000000 DR2=0000000000000000 DR3=0000000000000000 
DR6=00000000ffff0ff0 DR7=0000000000000400
CCS=0000000000000044 CCD=0000000000000000 CCO=EFLAGS
EFER=0000000000000500
Servicing hardware INT=0x20
   325: v=20 e=0000 i=0 cpl=0 IP=0008:ffffffff801012ab pc=ffffffff801012ab SP=0010:ffffffff8011bfb0 env->regs[R_EAX]=0000000000000000
RAX=0000000000000000 RBX=000000000011e000 RCX=0000000000000198 RDX=0000000000000f20
RSI=0000000000000f20 RDI=ffffffff8011bfcb RBP=ffffffff8011bff0 RSP=ffffffff8011bfb0
R8 =0000000000000000 R9 =0000000000000000 R10=0000000000000000 R11=0000000000000000
R12=0000000000000000 R13=0000000000000000 R14=0000000000000000 R15=0000000000000000
RIP=ffffffff801012ab RFL=00000246 [---Z-P-] CPL=0 II=0 A20=1 SMM=0 HLT=0
ES =0010 0000000000000000 ffffffff 00af9300 DPL=0 DS   [-WA]
CS =0008 0000000000000000 ffffffff 00af9a00 DPL=0 CS64 [-R-]
SS =0010 0000000000000000 ffffffff 00af9300 DPL=0 DS   [-WA]
DS =0010 0000000000000000 ffffffff 00af9300 DPL=0 DS   [-WA]
FS =0018 0000000000000000 ffffffff 00cf9300 DPL=0 DS   [-WA]
GS =0018 0000000000000000 ffffffff 00cf9300 DPL=0 DS   [-WA]
LDT=0000 0000000000000000 0000ffff 00008200 DPL=0 LDT
TR =0018 ffffffff80116ec0 00000067 00008900 DPL=0 TSS64-avl
GDT=     ffffffff80116f30 0000003f
IDT=     ffffffff8011c120 00000fff
CR0=80000011 CR2=0000000000000000 CR3=000000000011e000 CR4=00000020
DR0=0000000000000000 DR1=0000000000000000 DR2=0000000000000000 DR3=0000000000000000 
DR6=00000000ffff0ff0 DR7=0000000000000400
CCS=0000000000000044 CCD=0000000000000000 CCO=EFLAGS
EFER=0000000000000500
Servicing hardware INT=0x20
   326: v=20 e=0000 i=0 cpl=0 IP=0008:ffffffff801012ab pc=ffffffff801012ab SP=0010:ffffffff8011bfb0 env->regs[R_EAX]=0000000000000000
RAX=0000000000000000 RBX=000000000011e000 RCX=0000000000000198 RDX=0000000000000f20
RSI=0000000000000f20 RDI=ffffffff8011bfcb RBP=ffffffff8011bff0 RSP=ffffffff8011bfb0
R8 =0000000000000000 R9 =0000000000000000 R10=0000000000000000 R11=0000000000000000
R12=0000000000000000 R13=0000000000000000 R14=0000000000000000 R15=0000000000000000
RIP=ffffffff801012ab RFL=00000246 [---Z-P-] CPL=0 II=0 A20=1 SMM=0 HLT=0
ES =0010 0000000000000000 ffffffff 00af9300 DPL=0 DS   [-WA]
CS =0008 0000000000000000 ffffffff 00af9a00 DPL=0 CS64 [-R-]
SS =0010 0000000000000000 ffffffff 00af9300 DPL=0 DS   [-WA]
DS =0010 0000000000000000 ffffffff 00af9300 DPL=0 DS   [-WA]
FS =0018 0000000000000000 ffffffff 00cf9300 DPL=0 DS   [-WA]
GS =0018 0000000000000000 ffffffff 00cf9300 DPL=0 DS   [-WA]
LDT=0000 0000000000000000 0000ffff 00008200 DPL=0 LDT
TR =0018 ffffffff80116ec0 00000067 00008900 DPL=0 TSS64-avl
GDT=     ffffffff80116f30 0000003f
IDT=     ffffffff8011c120 00000fff
CR0=80000011 CR2=0000000000000000 CR3=000000000011e000 CR4=00000020
DR0=0000000000000000 DR1=0000000000000000 DR2=0000000000000000 DR3=0000000000000000 
DR6=00000000ffff0ff0 DR7=0000000000000400
CCS=0000000000000044 CCD=0000000000000000 CCO=EFLAGS
EFER=0000000000000500
Servicing hardware INT=0x20
   327: v=20 e=0000 i=0 cpl=0 IP=0008:ffffffff801012ab pc=ffffffff801012ab SP=0010:ffffffff8011bfb0 env->regs[R_EAX]=0000000000000000
RAX=0000000000000000 RBX=000000000011e000 RCX=0000000000000198 RDX=0000000000000f20
RSI=0000000000000f20 RDI=ffffffff8011bfcb RBP=ffffffff8011bff0 RSP=ffffffff8011bfb0
R8 =0000000000000000 R9 =0000000000000000 R10=0000000000000000 R11=0000000000000000
R12=0000000000000000 R13=0000000000000000 R14=0000000000000000 R15=0000000000000000
RIP=ffffffff801012ab RFL=00000246 [---Z-P-] CPL=0 II=0 A20=1 SMM=0 HLT=0
ES =0010 0000000000000000 ffffffff 00af9300 DPL=0 DS   [-WA]
CS =0008 0000000000000000 ffffffff 00af9a00 DPL=0 CS64 [-R-]
SS =0010 0000000000000000 ffffffff 00af9300 DPL=0 DS   [-WA]
DS =0010 0000000000000000 ffffffff 00af9300 DPL=0 DS   [-WA]
FS =0018 0000000000000000 ffffffff 00cf9300 DPL=0 DS   [-WA]
GS =0018 0000000000000000 ffffffff 00cf9300 DPL=0 DS   [-WA]
LDT=0000 0000000000000000 0000ffff 00008200 DPL=0 LDT
TR =0018 ffffffff80116ec0 00000067 00008900 DPL=0 TSS64-avl
GDT=     ffffffff80116f30 0000003f
IDT=     ffffffff8011c120 00000fff
CR0=80000011 CR2=0000000000000000 CR3=000000000011e000 CR4=00000020
DR0=0000000000000000 DR1=0000000000000000 DR2=0000000000000000 DR3=0000000000000000 
DR6=00000000ffff0ff0 DR7=0000000000000400
CCS=0000000000000044 CCD=0000000000000000 CCO=EFLAGS
EFER=0000000000000500
Servicing hardware INT=0x20
   328: v=20 e=0000 i=0 cpl=0 IP=0008:ffffffff801012ab pc=ffffffff801012ab SP=0010:ffffffff8011bfb0 env->regs[R_EAX]=0000000000000000
RAX=0000000000000000 RBX=000000000011e000 RCX=0000000000000198 RDX=0000000000000f20
RSI=0000000000000f20 RDI=ffffffff8011bfcb RBP=ffffffff8011bff0 RSP=ffffffff8011bfb0
R8 =0000000000000000 R9 =0000000000000000 R10=0000000000000000 R11=0000000000000000
R12=0000000000000000 R13=0000000000000000 R14=0000000000000000 R15=0000000000000000
RIP=ffffffff801012ab RFL=00000246 [---Z-P-] CPL=0 II=0 A20=1 SMM=0 HLT=0
ES =0010 0000000000000000 ffffffff 00af9300 DPL=0 DS   [-WA]
CS =0008 0000000000000000 ffffffff 00af9a00 DPL=0 CS64 [-R-]
SS =0010 0000000000000000 ffffffff 00af9300 DPL=0 DS   [-WA]
DS =0010 0000000000000000 ffffffff 00af9300 DPL=0 DS   [-WA]
FS =0018 0000000000000000 ffffffff 00cf9300 DPL=0 DS   [-WA]
GS =0018 0000000000000000 ffffffff 00cf9300 DPL=0 DS   [-WA]
LDT=0000 0000000000000000 0000ffff 00008200 DPL=0 LDT
TR =0018 ffffffff80116ec0 00000067 00008900 DPL=0 TSS64-avl
GDT=     ffffffff80116f30 0000003f
IDT=     ffffffff8011c120 00000fff
CR0=80000011 CR2=0000000000000000 CR3=000000000011e000 CR4=00000020
DR0=0000000000000000 DR1=0000000000000000 DR2=0000000000000000 DR3=0000000000000000 
DR6=00000000ffff0ff0 DR7=0000000000000400
CCS=0000000000000044 CCD=0000000000000000 CCO=EFLAGS
EFER=0000000000000500
Servicing hardware INT=0x20
   329: v=20 e=0000 i=0 cpl=0 IP=0008:ffffffff801012ab pc=ffffffff801012ab SP=0010:ffffffff8011bfb0 env->regs[R_EAX]=0000000000000000
RAX=0000000000000000 RBX=000000000011e000 RCX=0000000000000198 RDX=0000000000000f20
RSI=0000000000000f20 RDI=ffffffff8011bfcb RBP=ffffffff8011bff0 RSP=ffffffff8011bfb0
R8 =0000000000000000 R9 =0000000000000000 R10=0000000000000000 R11=0000000000000000
R12=0000000000000000 R13=0000000000000000 R14=0000000000000000 R15=0000000000000000
RIP=ffffffff801012ab RFL=00000246 [---Z-P-] CPL=0 II=0 A20=1 SMM=0 HLT=0
ES =0010 0000000000000000 ffffffff 00af9300 DPL=0 DS   [-WA]
CS =0008 0000000000000000 ffffffff 00af9a00 DPL=0 CS64 [-R-]
SS =0010 0000000000000000 ffffffff 00af9300 DPL=0 DS   [-WA]
DS =0010 0000000000000000 ffffffff 00af9300 DPL=0 DS   [-WA]
FS =0018 0000000000000000 ffffffff 00cf9300 DPL=0 DS   [-WA]
GS =0018 0000000000000000 ffffffff 00cf9300 DPL=0 DS   [-WA]
LDT=0000 0000000000000000 0000ffff 00008200 DPL=0 LDT
TR =0018 ffffffff80116ec0 00000067 00008900 DPL=0 TSS64-avl
GDT=     ffffffff80116f30 0000003f
IDT=     ffffffff8011c120 00000fff
CR0=80000011 CR2=0000000000000000 CR3=000000000011e000 CR4=00000020
DR0=0000000000000000 DR1=0000000000000000 DR2=0000000000000000 DR3=0000000000000000 
DR6=00000000ffff0ff0 DR7=0000000000000400
CCS=0000000000000044 CCD=0000000000000000 CCO=EFLAGS
EFER=0000000000000500
Servicing hardware INT=0x20
   330: v=20 e=0000 i=0 cpl=0 IP=0008:ffffffff801012ab pc=ffffffff801012ab SP=0010:ffffffff8011bfb0 env->regs[R_EAX]=0000000000000000
RAX=0000000000000000 RBX=000000000011e000 RCX=0000000000000198 RDX=0000000000000f20
RSI=0000000000000f20 RDI=ffffffff8011bfcb RBP=ffffffff8011bff0 RSP=ffffffff8011bfb0
R8 =0000000000000000 R9 =0000000000000000 R10=0000000000000000 R11=0000000000000000
R12=0000000000000000 R13=0000000000000000 R14=0000000000000000 R15=0000000000000000
RIP=ffffffff801012ab RFL=00000246 [---Z-P-] CPL=0 II=0 A20=1 SMM=0 HLT=0
ES =0010 0000000000000000 ffffffff 00af9300 DPL=0 DS   [-WA]
CS =0008 0000000000000000 ffffffff 00af9a00 DPL=0 CS64 [-R-]
SS =0010 0000000000000000 ffffffff 00af9300 DPL=0 DS   [-WA]
DS =0010 0000000000000000 ffffffff 00af9300 DPL=0 DS   [-WA]
FS =0018 0000000000000000 ffffffff 00cf9300 DPL=0 DS   [-WA]
GS =0018 0000000000000000 ffffffff 00cf9300 DPL=0 DS   [-WA]
LDT=0000 0000000000000000 0000ffff 00008200 DPL=0 LDT
TR =0018 ffffffff80116ec0 00000067 00008900 DPL=0 TSS64-avl
GDT=     ffffffff80116f30 0000003f
IDT=     ffffffff8011c120 00000fff
CR0=80000011 CR2=0000000000000000 CR3=000000000011e000 CR4=00000020
DR0=0000000000000000 DR1=0000000000000000 DR2=0000000000000000 DR3=0000000000000000 
DR6=00000000ffff0ff0 DR7=0000000000000400
CCS=0000000000000044 CCD=0000000000000000 CCO=EFLAGS
EFER=0000000000000500
Servicing hardware INT=0x20
   331: v=20 e=0000 i=0 cpl=0 IP=0008:ffffffff801012ab pc=ffffffff801012ab SP=0010:ffffffff8011bfb0 env->regs[R_EAX]=0000000000000000
RAX=0000000000000000 RBX=000000000011e000 RCX=0000000000000198 RDX=0000000000000f20
RSI=0000000000000f20 RDI=ffffffff8011bfcb RBP=ffffffff8011bff0 RSP=ffffffff8011bfb0
R8 =0000000000000000 R9 =0000000000000000 R10=0000000000000000 R11=0000000000000000
R12=0000000000000000 R13=0000000000000000 R14=0000000000000000 R15=0000000000000000
RIP=ffffffff801012ab RFL=00000246 [---Z-P-] CPL=0 II=0 A20=1 SMM=0 HLT=0
ES =0010 0000000000000000 ffffffff 00af9300 DPL=0 DS   [-WA]
CS =0008 0000000000000000 ffffffff 00af9a00 DPL=0 CS64 [-R-]
SS =0010 0000000000000000 ffffffff 00af9300 DPL=0 DS   [-WA]
DS =0010 0000000000000000 ffffffff 00af9300 DPL=0 DS   [-WA]
FS =0018 0000000000000000 ffffffff 00cf9300 DPL=0 DS   [-WA]
GS =0018 0000000000000000 ffffffff 00cf9300 DPL=0 DS   [-WA]
LDT=0000 0000000000000000 0000ffff 00008200 DPL=0 LDT
TR =0018 ffffffff80116ec0 00000067 00008900 DPL=0 TSS64-avl
GDT=     ffffffff80116f30 0000003f
IDT=     ffffffff8011c120 00000fff
CR0=80000011 CR2=0000000000000000 CR3=000000000011e000 CR4=00000020
DR0=0000000000000000 DR1=0000000000000000 DR2=0000000000000000 DR3=0000000000000000 
DR6=00000000ffff0ff0 DR7=0000000000000400
CCS=0000000000000044 CCD=0000000000000000 CCO=EFLAGS
EFER=0000000000000500
Servicing hardware INT=0x20
   332: v=20 e=0000 i=0 cpl=0 IP=0008:ffffffff801012ab pc=ffffffff801012ab SP=0010:ffffffff8011bfb0 env->regs[R_EAX]=0000000000000000
RAX=0000000000000000 RBX=000000000011e000 RCX=0000000000000198 RDX=0000000000000f20
RSI=0000000000000f20 RDI=ffffffff8011bfcb RBP=ffffffff8011bff0 RSP=ffffffff8011bfb0
R8 =0000000000000000 R9 =0000000000000000 R10=0000000000000000 R11=0000000000000000
R12=0000000000000000 R13=0000000000000000 R14=0000000000000000 R15=0000000000000000
RIP=ffffffff801012ab RFL=00000246 [---Z-P-] CPL=0 II=0 A20=1 SMM=0 HLT=0
ES =0010 0000000000000000 ffffffff 00af9300 DPL=0 DS   [-WA]
CS =0008 0000000000000000 ffffffff 00af9a00 DPL=0 CS64 [-R-]
SS =0010 0000000000000000 ffffffff 00af9300 DPL=0 DS   [-WA]
DS =0010 0000000000000000 ffffffff 00af9300 DPL=0 DS   [-WA]
FS =0018 0000000000000000 ffffffff 00cf9300 DPL=0 DS   [-WA]
GS =0018 0000000000000000 ffffffff 00cf9300 DPL=0 DS   [-WA]
LDT=0000 0000000000000000 0000ffff 00008200 DPL=0 LDT
TR =0018 ffffffff80116ec0 00000067 00008900 DPL=0 TSS64-avl
GDT=     ffffffff80116f30 0000003f
IDT=     ffffffff8011c120 00000fff
CR0=80000011 CR2=0000000000000000 CR3=000000000011e000 CR4=00000020
DR0=0000000000000000 DR1=0000000000000000 DR2=0000000000000000 DR3=0000000000000000 
DR6=00000000ffff0ff0 DR7=0000000000000400
CCS=0000000000000044 CCD=0000000000000000 CCO=EFLAGS
EFER=0000000000000500
Servicing hardware INT=0x20
   333: v=20 e=0000 i=0 cpl=0 IP=0008:ffffffff801012ab pc=ffffffff801012ab SP=0010:ffffffff8011bfb0 env->regs[R_EAX]=0000000000000000
RAX=0000000000000000 RBX=000000000011e000 RCX=0000000000000198 RDX=0000000000000f20
RSI=0000000000000f20 RDI=ffffffff8011bfcb RBP=ffffffff8011bff0 RSP=ffffffff8011bfb0
R8 =0000000000000000 R9 =0000000000000000 R10=0000000000000000 R11=0000000000000000
R12=0000000000000000 R13=0000000000000000 R14=0000000000000000 R15=0000000000000000
RIP=ffffffff801012ab RFL=00000246 [---Z-P-] CPL=0 II=0 A20=1 SMM=0 HLT=0
ES =0010 0000000000000000 ffffffff 00af9300 DPL=0 DS   [-WA]
CS =0008 0000000000000000 ffffffff 00af9a00 DPL=0 CS64 [-R-]
SS =0010 0000000000000000 ffffffff 00af9300 DPL=0 DS   [-WA]
DS =0010 0000000000000000 ffffffff 00af9300 DPL=0 DS   [-WA]
FS =0018 0000000000000000 ffffffff 00cf9300 DPL=0 DS   [-WA]
GS =0018 0000000000000000 ffffffff 00cf9300 DPL=0 DS   [-WA]
LDT=0000 0000000000000000 0000ffff 00008200 DPL=0 LDT
TR =0018 ffffffff80116ec0 00000067 00008900 DPL=0 TSS64-avl
GDT=     ffffffff80116f30 0000003f
IDT=     ffffffff8011c120 00000fff
CR0=80000011 CR2=0000000000000000 CR3=000000000011e000 CR4=00000020
DR0=0000000000000000 DR1=0000000000000000 DR2=0000000000000000 DR3=0000000000000000 
DR6=00000000ffff0ff0 DR7=0000000000000400
CCS=0000000000000044 CCD=0000000000000000 CCO=EFLAGS
EFER=0000000000000500
Servicing hardware INT=0x20
   334: v=20 e=0000 i=0 cpl=0 IP=0008:ffffffff801012ab pc=ffffffff801012ab SP=0010:ffffffff8011bfb0 env->regs[R_EAX]=0000000000000000
RAX=0000000000000000 RBX=000000000011e000 RCX=0000000000000198 RDX=0000000000000f20
RSI=0000000000000f20 RDI=ffffffff8011bfcb RBP=ffffffff8011bff0 RSP=ffffffff8011bfb0
R8 =0000000000000000 R9 =0000000000000000 R10=0000000000000000 R11=0000000000000000
R12=0000000000000000 R13=0000000000000000 R14=0000000000000000 R15=0000000000000000
RIP=ffffffff801012ab RFL=00000246 [---Z-P-] CPL=0 II=0 A20=1 SMM=0 HLT=0
ES =0010 0000000000000000 ffffffff 00af9300 DPL=0 DS   [-WA]
CS =0008 0000000000000000 ffffffff 00af9a00 DPL=0 CS64 [-R-]
SS =0010 0000000000000000 ffffffff 00af9300 DPL=0 DS   [-WA]
DS =0010 0000000000000000 ffffffff 00af9300 DPL=0 DS   [-WA]
FS =0018 0000000000000000 ffffffff 00cf9300 DPL=0 DS   [-WA]
GS =0018 0000000000000000 ffffffff 00cf9300 DPL=0 DS   [-WA]
LDT=0000 0000000000000000 0000ffff 00008200 DPL=0 LDT
TR =0018 ffffffff80116ec0 00000067 00008900 DPL=0 TSS64-avl
GDT=     ffffffff80116f30 0000003f
IDT=     ffffffff8011c120 00000fff
CR0=80000011 CR2=0000000000000000 CR3=000000000011e000 CR4=00000020
DR0=0000000000000000 DR1=0000000000000000 DR2=0000000000000000 DR3=0000000000000000 
DR6=00000000ffff0ff0 DR7=0000000000000400
CCS=0000000000000044 CCD=0000000000000000 CCO=EFLAGS
EFER=0000000000000500
Servicing hardware INT=0x20
   335: v=20 e=0000 i=0 cpl=0 IP=0008:ffffffff801012ab pc=ffffffff801012ab SP=0010:ffffffff8011bfb0 env->regs[R_EAX]=0000000000000000
RAX=0000000000000000 RBX=000000000011e000 RCX=0000000000000198 RDX=0000000000000f20
RSI=0000000000000f20 RDI=ffffffff8011bfcb RBP=ffffffff8011bff0 RSP=ffffffff8011bfb0
R8 =0000000000000000 R9 =0000000000000000 R10=0000000000000000 R11=0000000000000000
R12=0000000000000000 R13=0000000000000000 R14=0000000000000000 R15=0000000000000000
RIP=ffffffff801012ab RFL=00000246 [---Z-P-] CPL=0 II=0 A20=1 SMM=0 HLT=0
ES =0010 0000000000000000 ffffffff 00af9300 DPL=0 DS   [-WA]
CS =0008 0000000000000000 ffffffff 00af9a00 DPL=0 CS64 [-R-]
SS =0010 0000000000000000 ffffffff 00af9300 DPL=0 DS   [-WA]
DS =0010 0000000000000000 ffffffff 00af9300 DPL=0 DS   [-WA]
FS =0018 0000000000000000 ffffffff 00cf9300 DPL=0 DS   [-WA]
GS =0018 0000000000000000 ffffffff 00cf9300 DPL=0 DS   [-WA]
LDT=0000 0000000000000000 0000ffff 00008200 DPL=0 LDT
TR =0018 ffffffff80116ec0 00000067 00008900 DPL=0 TSS64-avl
GDT=     ffffffff80116f30 0000003f
IDT=     ffffffff8011c120 00000fff
CR0=80000011 CR2=0000000000000000 CR3=000000000011e000 CR4=00000020
DR0=0000000000000000 DR1=0000000000000000 DR2=0000000000000000 DR3=0000000000000000 
DR6=00000000ffff0ff0 DR7=0000000000000400
CCS=0000000000000044 CCD=0000000000000000 CCO=EFLAGS
EFER=0000000000000500
Servicing hardware INT=0x20
   336: v=20 e=0000 i=0 cpl=0 IP=0008:ffffffff801012ab pc=ffffffff801012ab SP=0010:ffffffff8011bfb0 env->regs[R_EAX]=0000000000000000
RAX=0000000000000000 RBX=000000000011e000 RCX=0000000000000198 RDX=0000000000000f20
RSI=0000000000000f20 RDI=ffffffff8011bfcb RBP=ffffffff8011bff0 RSP=ffffffff8011bfb0
R8 =0000000000000000 R9 =0000000000000000 R10=0000000000000000 R11=0000000000000000
R12=0000000000000000 R13=0000000000000000 R14=0000000000000000 R15=0000000000000000
RIP=ffffffff801012ab RFL=00000246 [---Z-P-] CPL=0 II=0 A20=1 SMM=0 HLT=0
ES =0010 0000000000000000 ffffffff 00af9300 DPL=0 DS   [-WA]
CS =0008 0000000000000000 ffffffff 00af9a00 DPL=0 CS64 [-R-]
SS =0010 0000000000000000 ffffffff 00af9300 DPL=0 DS   [-WA]
DS =0010 0000000000000000 ffffffff 00af9300 DPL=0 DS   [-WA]
FS =0018 0000000000000000 ffffffff 00cf9300 DPL=0 DS   [-WA]
GS =0018 0000000000000000 ffffffff 00cf9300 DPL=0 DS   [-WA]
LDT=0000 0000000000000000 0000ffff 00008200 DPL=0 LDT
TR =0018 ffffffff80116ec0 00000067 00008900 DPL=0 TSS64-avl
GDT=     ffffffff80116f30 0000003f
IDT=     ffffffff8011c120 00000fff
CR0=80000011 CR2=0000000000000000 CR3=000000000011e000 CR4=00000020
DR0=0000000000000000 DR1=0000000000000000 DR2=0000000000000000 DR3=0000000000000000 
DR6=00000000ffff0ff0 DR7=0000000000000400
CCS=0000000000000044 CCD=0000000000000000 CCO=EFLAGS
EFER=0000000000000500
Servicing hardware INT=0x20
   337: v=20 e=0000 i=0 cpl=0 IP=0008:ffffffff801012ab pc=ffffffff801012ab SP=0010:ffffffff8011bfb0 env->regs[R_EAX]=0000000000000000
RAX=0000000000000000 RBX=000000000011e000 RCX=0000000000000198 RDX=0000000000000f20
RSI=0000000000000f20 RDI=ffffffff8011bfcb RBP=ffffffff8011bff0 RSP=ffffffff8011bfb0
R8 =0000000000000000 R9 =0000000000000000 R10=0000000000000000 R11=0000000000000000
R12=0000000000000000 R13=0000000000000000 R14=0000000000000000 R15=0000000000000000
RIP=ffffffff801012ab RFL=00000246 [---Z-P-] CPL=0 II=0 A20=1 SMM=0 HLT=0
ES =0010 0000000000000000 ffffffff 00af9300 DPL=0 DS   [-WA]
CS =0008 0000000000000000 ffffffff 00af9a00 DPL=0 CS64 [-R-]
SS =0010 0000000000000000 ffffffff 00af9300 DPL=0 DS   [-WA]
DS =0010 0000000000000000 ffffffff 00af9300 DPL=0 DS   [-WA]
FS =0018 0000000000000000 ffffffff 00cf9300 DPL=0 DS   [-WA]
GS =0018 0000000000000000 ffffffff 00cf9300 DPL=0 DS   [-WA]
LDT=0000 0000000000000000 0000ffff 00008200 DPL=0 LDT
TR =0018 ffffffff80116ec0 00000067 00008900 DPL=0 TSS64-avl
GDT=     ffffffff80116f30 0000003f
IDT=     ffffffff8011c120 00000fff
CR0=80000011 CR2=0000000000000000 CR3=000000000011e000 CR4=00000020
DR0=0000000000000000 DR1=0000000000000000 DR2=0000000000000000 DR3=0000000000000000 
DR6=00000000ffff0ff0 DR7=0000000000000400
CCS=0000000000000044 CCD=0000000000000000 CCO=EFLAGS
EFER=0000000000000500
Servicing hardware INT=0x20
   338: v=20 e=0000 i=0 cpl=0 IP=0008:ffffffff801012ab pc=ffffffff801012ab SP=0010:ffffffff8011bfb0 env->regs[R_EAX]=0000000000000000
RAX=0000000000000000 RBX=000000000011e000 RCX=0000000000000198 RDX=0000000000000f20
RSI=0000000000000f20 RDI=ffffffff8011bfcb RBP=ffffffff8011bff0 RSP=ffffffff8011bfb0
R8 =0000000000000000 R9 =0000000000000000 R10=0000000000000000 R11=0000000000000000
R12=0000000000000000 R13=0000000000000000 R14=0000000000000000 R15=0000000000000000
RIP=ffffffff801012ab RFL=00000246 [---Z-P-] CPL=0 II=0 A20=1 SMM=0 HLT=0
ES =0010 0000000000000000 ffffffff 00af9300 DPL=0 DS   [-WA]
CS =0008 0000000000000000 ffffffff 00af9a00 DPL=0 CS64 [-R-]
SS =0010 0000000000000000 ffffffff 00af9300 DPL=0 DS   [-WA]
DS =0010 0000000000000000 ffffffff 00af9300 DPL=0 DS   [-WA]
FS =0018 0000000000000000 ffffffff 00cf9300 DPL=0 DS   [-WA]
GS =0018 0000000000000000 ffffffff 00cf9300 DPL=0 DS   [-WA]
LDT=0000 0000000000000000 0000ffff 00008200 DPL=0 LDT
TR =0018 ffffffff80116ec0 00000067 00008900 DPL=0 TSS64-avl
GDT=     ffffffff80116f30 0000003f
IDT=     ffffffff8011c120 00000fff
CR0=80000011 CR2=0000000000000000 CR3=000000000011e000 CR4=00000020
DR0=0000000000000000 DR1=0000000000000000 DR2=0000000000000000 DR3=0000000000000000 
DR6=00000000ffff0ff0 DR7=0000000000000400
CCS=0000000000000044 CCD=0000000000000000 CCO=EFLAGS
EFER=0000000000000500
Servicing hardware INT=0x20
   339: v=20 e=0000 i=0 cpl=0 IP=0008:ffffffff801012ab pc=ffffffff801012ab SP=0010:ffffffff8011bfb0 env->regs[R_EAX]=0000000000000000
RAX=0000000000000000 RBX=000000000011e000 RCX=0000000000000198 RDX=0000000000000f20
RSI=0000000000000f20 RDI=ffffffff8011bfcb RBP=ffffffff8011bff0 RSP=ffffffff8011bfb0
R8 =0000000000000000 R9 =0000000000000000 R10=0000000000000000 R11=0000000000000000
R12=0000000000000000 R13=0000000000000000 R14=0000000000000000 R15=0000000000000000
RIP=ffffffff801012ab RFL=00000246 [---Z-P-] CPL=0 II=0 A20=1 SMM=0 HLT=0
ES =0010 0000000000000000 ffffffff 00af9300 DPL=0 DS   [-WA]
CS =0008 0000000000000000 ffffffff 00af9a00 DPL=0 CS64 [-R-]
SS =0010 0000000000000000 ffffffff 00af9300 DPL=0 DS   [-WA]
DS =0010 0000000000000000 ffffffff 00af9300 DPL=0 DS   [-WA]
FS =0018 0000000000000000 ffffffff 00cf9300 DPL=0 DS   [-WA]
GS =0018 0000000000000000 ffffffff 00cf9300 DPL=0 DS   [-WA]
LDT=0000 0000000000000000 0000ffff 00008200 DPL=0 LDT
TR =0018 ffffffff80116ec0 00000067 00008900 DPL=0 TSS64-avl
GDT=     ffffffff80116f30 0000003f
IDT=     ffffffff8011c120 00000fff
CR0=80000011 CR2=0000000000000000 CR3=000000000011e000 CR4=00000020
DR0=0000000000000000 DR1=0000000000000000 DR2=0000000000000000 DR3=0000000000000000 
DR6=00000000ffff0ff0 DR7=0000000000000400
CCS=0000000000000044 CCD=0000000000000000 CCO=EFLAGS
EFER=0000000000000500
Servicing hardware INT=0x20
   340: v=20 e=0000 i=0 cpl=0 IP=0008:ffffffff801012ab pc=ffffffff801012ab SP=0010:ffffffff8011bfb0 env->regs[R_EAX]=0000000000000000
RAX=0000000000000000 RBX=000000000011e000 RCX=0000000000000198 RDX=0000000000000f20
RSI=0000000000000f20 RDI=ffffffff8011bfcb RBP=ffffffff8011bff0 RSP=ffffffff8011bfb0
R8 =0000000000000000 R9 =0000000000000000 R10=0000000000000000 R11=0000000000000000
R12=0000000000000000 R13=0000000000000000 R14=0000000000000000 R15=0000000000000000
RIP=ffffffff801012ab RFL=00000246 [---Z-P-] CPL=0 II=0 A20=1 SMM=0 HLT=0
ES =0010 0000000000000000 ffffffff 00af9300 DPL=0 DS   [-WA]
CS =0008 0000000000000000 ffffffff 00af9a00 DPL=0 CS64 [-R-]
SS =0010 0000000000000000 ffffffff 00af9300 DPL=0 DS   [-WA]
DS =0010 0000000000000000 ffffffff 00af9300 DPL=0 DS   [-WA]
FS =0018 0000000000000000 ffffffff 00cf9300 DPL=0 DS   [-WA]
GS =0018 0000000000000000 ffffffff 00cf9300 DPL=0 DS   [-WA]
LDT=0000 0000000000000000 0000ffff 00008200 DPL=0 LDT
TR =0018 ffffffff80116ec0 00000067 00008900 DPL=0 TSS64-avl
GDT=     ffffffff80116f30 0000003f
IDT=     ffffffff8011c120 00000fff
CR0=80000011 CR2=0000000000000000 CR3=000000000011e000 CR4=00000020
DR0=0000000000000000 DR1=0000000000000000 DR2=0000000000000000 DR3=0000000000000000 
DR6=00000000ffff0ff0 DR7=0000000000000400
CCS=0000000000000044 CCD=0000000000000000 CCO=EFLAGS
EFER=0000000000000500
Servicing hardware INT=0x20
   341: v=20 e=0000 i=0 cpl=0 IP=0008:ffffffff801012ab pc=ffffffff801012ab SP=0010:ffffffff8011bfb0 env->regs[R_EAX]=0000000000000000
RAX=0000000000000000 RBX=000000000011e000 RCX=0000000000000198 RDX=0000000000000f20
RSI=0000000000000f20 RDI=ffffffff8011bfcb RBP=ffffffff8011bff0 RSP=ffffffff8011bfb0
R8 =0000000000000000 R9 =0000000000000000 R10=0000000000000000 R11=0000000000000000
R12=0000000000000000 R13=0000000000000000 R14=0000000000000000 R15=0000000000000000
RIP=ffffffff801012ab RFL=00000246 [---Z-P-] CPL=0 II=0 A20=1 SMM=0 HLT=0
ES =0010 0000000000000000 ffffffff 00af9300 DPL=0 DS   [-WA]
CS =0008 0000000000000000 ffffffff 00af9a00 DPL=0 CS64 [-R-]
SS =0010 0000000000000000 ffffffff 00af9300 DPL=0 DS   [-WA]
DS =0010 0000000000000000 ffffffff 00af9300 DPL=0 DS   [-WA]
FS =0018 0000000000000000 ffffffff 00cf9300 DPL=0 DS   [-WA]
GS =0018 0000000000000000 ffffffff 00cf9300 DPL=0 DS   [-WA]
LDT=0000 0000000000000000 0000ffff 00008200 DPL=0 LDT
TR =0018 ffffffff80116ec0 00000067 00008900 DPL=0 TSS64-avl
GDT=     ffffffff80116f30 0000003f
IDT=     ffffffff8011c120 00000fff
CR0=80000011 CR2=0000000000000000 CR3=000000000011e000 CR4=00000020
DR0=0000000000000000 DR1=0000000000000000 DR2=0000000000000000 DR3=0000000000000000 
DR6=00000000ffff0ff0 DR7=0000000000000400
CCS=0000000000000044 CCD=0000000000000000 CCO=EFLAGS
EFER=0000000000000500
Servicing hardware INT=0x20
   342: v=20 e=0000 i=0 cpl=0 IP=0008:ffffffff801012ab pc=ffffffff801012ab SP=0010:ffffffff8011bfb0 env->regs[R_EAX]=0000000000000000
RAX=0000000000000000 RBX=000000000011e000 RCX=0000000000000198 RDX=0000000000000f20
RSI=0000000000000f20 RDI=ffffffff8011bfcb RBP=ffffffff8011bff0 RSP=ffffffff8011bfb0
R8 =0000000000000000 R9 =0000000000000000 R10=0000000000000000 R11=0000000000000000
R12=0000000000000000 R13=0000000000000000 R14=0000000000000000 R15=0000000000000000
RIP=ffffffff801012ab RFL=00000246 [---Z-P-] CPL=0 II=0 A20=1 SMM=0 HLT=0
ES =0010 0000000000000000 ffffffff 00af9300 DPL=0 DS   [-WA]
CS =0008 0000000000000000 ffffffff 00af9a00 DPL=0 CS64 [-R-]
SS =0010 0000000000000000 ffffffff 00af9300 DPL=0 DS   [-WA]
DS =0010 0000000000000000 ffffffff 00af9300 DPL=0 DS   [-WA]
FS =0018 0000000000000000 ffffffff 00cf9300 DPL=0 DS   [-WA]
GS =0018 0000000000000000 ffffffff 00cf9300 DPL=0 DS   [-WA]
LDT=0000 0000000000000000 0000ffff 00008200 DPL=0 LDT
TR =0018 ffffffff80116ec0 00000067 00008900 DPL=0 TSS64-avl
GDT=     ffffffff80116f30 0000003f
IDT=     ffffffff8011c120 00000fff
CR0=80000011 CR2=0000000000000000 CR3=000000000011e000 CR4=00000020
DR0=0000000000000000 DR1=0000000000000000 DR2=0000000000000000 DR3=0000000000000000 
DR6=00000000ffff0ff0 DR7=0000000000000400
CCS=0000000000000044 CCD=0000000000000000 CCO=EFLAGS
EFER=0000000000000500
Servicing hardware INT=0x20
   343: v=20 e=0000 i=0 cpl=0 IP=0008:ffffffff801012ab pc=ffffffff801012ab SP=0010:ffffffff8011bfb0 env->regs[R_EAX]=0000000000000000
RAX=0000000000000000 RBX=000000000011e000 RCX=0000000000000198 RDX=0000000000000f20
RSI=0000000000000f20 RDI=ffffffff8011bfcb RBP=ffffffff8011bff0 RSP=ffffffff8011bfb0
R8 =0000000000000000 R9 =0000000000000000 R10=0000000000000000 R11=0000000000000000
R12=0000000000000000 R13=0000000000000000 R14=0000000000000000 R15=0000000000000000
RIP=ffffffff801012ab RFL=00000246 [---Z-P-] CPL=0 II=0 A20=1 SMM=0 HLT=0
ES =0010 0000000000000000 ffffffff 00af9300 DPL=0 DS   [-WA]
CS =0008 0000000000000000 ffffffff 00af9a00 DPL=0 CS64 [-R-]
SS =0010 0000000000000000 ffffffff 00af9300 DPL=0 DS   [-WA]
DS =0010 0000000000000000 ffffffff 00af9300 DPL=0 DS   [-WA]
FS =0018 0000000000000000 ffffffff 00cf9300 DPL=0 DS   [-WA]
GS =0018 0000000000000000 ffffffff 00cf9300 DPL=0 DS   [-WA]
LDT=0000 0000000000000000 0000ffff 00008200 DPL=0 LDT
TR =0018 ffffffff80116ec0 00000067 00008900 DPL=0 TSS64-avl
GDT=     ffffffff80116f30 0000003f
IDT=     ffffffff8011c120 00000fff
CR0=80000011 CR2=0000000000000000 CR3=000000000011e000 CR4=00000020
DR0=0000000000000000 DR1=0000000000000000 DR2=0000000000000000 DR3=0000000000000000 
DR6=00000000ffff0ff0 DR7=0000000000000400
CCS=0000000000000044 CCD=0000000000000000 CCO=EFLAGS
EFER=0000000000000500
Servicing hardware INT=0x20
   344: v=20 e=0000 i=0 cpl=0 IP=0008:ffffffff801012ab pc=ffffffff801012ab SP=0010:ffffffff8011bfb0 env->regs[R_EAX]=0000000000000000
RAX=0000000000000000 RBX=000000000011e000 RCX=0000000000000198 RDX=0000000000000f20
RSI=0000000000000f20 RDI=ffffffff8011bfcb RBP=ffffffff8011bff0 RSP=ffffffff8011bfb0
R8 =0000000000000000 R9 =0000000000000000 R10=0000000000000000 R11=0000000000000000
R12=0000000000000000 R13=0000000000000000 R14=0000000000000000 R15=0000000000000000
RIP=ffffffff801012ab RFL=00000246 [---Z-P-] CPL=0 II=0 A20=1 SMM=0 HLT=0
ES =0010 0000000000000000 ffffffff 00af9300 DPL=0 DS   [-WA]
CS =0008 0000000000000000 ffffffff 00af9a00 DPL=0 CS64 [-R-]
SS =0010 0000000000000000 ffffffff 00af9300 DPL=0 DS   [-WA]
DS =0010 0000000000000000 ffffffff 00af9300 DPL=0 DS   [-WA]
FS =0018 0000000000000000 ffffffff 00cf9300 DPL=0 DS   [-WA]
GS =0018 0000000000000000 ffffffff 00cf9300 DPL=0 DS   [-WA]
LDT=0000 0000000000000000 0000ffff 00008200 DPL=0 LDT
TR =0018 ffffffff80116ec0 00000067 00008900 DPL=0 TSS64-avl
GDT=     ffffffff80116f30 0000003f
IDT=     ffffffff8011c120 00000fff
CR0=80000011 CR2=0000000000000000 CR3=000000000011e000 CR4=00000020
DR0=0000000000000000 DR1=0000000000000000 DR2=0000000000000000 DR3=0000000000000000 
DR6=00000000ffff0ff0 DR7=0000000000000400
CCS=0000000000000044 CCD=0000000000000000 CCO=EFLAGS
EFER=0000000000000500
Servicing hardware INT=0x20
   345: v=20 e=0000 i=0 cpl=0 IP=0008:ffffffff801012ab pc=ffffffff801012ab SP=0010:ffffffff8011bfb0 env->regs[R_EAX]=0000000000000000
RAX=0000000000000000 RBX=000000000011e000 RCX=0000000000000198 RDX=0000000000000f20
RSI=0000000000000f20 RDI=ffffffff8011bfcb RBP=ffffffff8011bff0 RSP=ffffffff8011bfb0
R8 =0000000000000000 R9 =0000000000000000 R10=0000000000000000 R11=0000000000000000
R12=0000000000000000 R13=0000000000000000 R14=0000000000000000 R15=0000000000000000
RIP=ffffffff801012ab RFL=00000246 [---Z-P-] CPL=0 II=0 A20=1 SMM=0 HLT=0
ES =0010 0000000000000000 ffffffff 00af9300 DPL=0 DS   [-WA]
CS =0008 0000000000000000 ffffffff 00af9a00 DPL=0 CS64 [-R-]
SS =0010 0000000000000000 ffffffff 00af9300 DPL=0 DS   [-WA]
DS =0010 0000000000000000 ffffffff 00af9300 DPL=0 DS   [-WA]
FS =0018 0000000000000000 ffffffff 00cf9300 DPL=0 DS   [-WA]
GS =0018 0000000000000000 ffffffff 00cf9300 DPL=0 DS   [-WA]
LDT=0000 0000000000000000 0000ffff 00008200 DPL=0 LDT
TR =0018 ffffffff80116ec0 00000067 00008900 DPL=0 TSS64-avl
GDT=     ffffffff80116f30 0000003f
IDT=     ffffffff8011c120 00000fff
CR0=80000011 CR2=0000000000000000 CR3=000000000011e000 CR4=00000020
DR0=0000000000000000 DR1=0000000000000000 DR2=0000000000000000 DR3=0000000000000000 
DR6=00000000ffff0ff0 DR7=0000000000000400
CCS=0000000000000044 CCD=0000000000000000 CCO=EFLAGS
EFER=0000000000000500
